,pl_orbper,pl_trandurh,pl_trandep,pl_rade,pl_insol,pl_eqt,st_teff,st_logg,st_rad,st_tmag,ra,dec,tfopwg_disp
0,2.1713484,2.0172196,656.8860989,5.8181633,22601.9485814,3127.2040524,10249.0,4.19,2.16986,9.604,112.357708,-12.69596,FP
1,1.9316462,3.166,1286.0,11.2154,44464.5,4045.0,7070.0,4.03,2.01,9.42344,122.580465,-5.513852,PC
2,1.8675574,1.408,1500.0,23.7529,2860.61,2037.0,8924.0,4.33,5.73,9.299501,104.726966,-10.580455,FP
3,2.74323,3.167,383.41,10.5098,1177.36,1631.0,5388.5,4.15,1.23369,9.3003,110.559945,-25.207017,FP
4,3.5730141,3.37,755.0,11.3113,54679.3,4260.0,9219.0,4.14,2.15,9.1355,122.178195,-48.802811,FP
5,4.55072,2.599,3620.0,6.54449,254.05,1112.0,5613.0,4.33,1.09,9.1309,120.704811,-11.101521,FP
6,2.5047918,4.3797563,2270.5402194,8.6950898,1750.932635,1649.8220699,6616.0,4.33,1.53429,9.2386,124.359239,-27.273521,FP
7,6.9989206,3.953,2840.0,14.7752,448.744,1282.0,6596.0,3.71,2.7,8.87759,112.752393,-4.463359,PC
8,2.0483755,2.767,483.0,3.19621,5644.4,1185.0,6858.5,4.2,1.57,8.9362,109.382839,13.395219,FP
9,1.9600277,2.0065257,1707.6272693,10.5098,1063.3422958,1456.4246534,8868.7,4.33,1.23369,8.4331,111.667845,-24.462111,PC
10,1.4303691,1.6438728,19151.2162143,13.2504933,1281.241792,1525.9050967,5600.0,4.48851,0.890774,12.4069,318.737012,-55.871863,KP
11,0.6808702,2.4634563,1507.8006889,5.9115908,87140.6995884,4382.0266062,9438.0,4.33,1.0,8.45086,112.293981,-21.832912,FP
12,2.4704981,2.191,250.0,1.44656,575.597,1364.0,5413.7,4.46,0.94,8.2388,113.984761,-32.841999,PC
13,0.884182,1.621,1890.0,24.8132,112144.0,5098.0,8928.0,3.92,2.72,8.12718,117.095285,6.785064,APC
14,5.4255548,3.9637474,14939.6342222,10.5098,273.5880696,1037.2753045,8868.7,4.33,1.23369,7.6095,107.286063,-31.933523,FP
15,1.4095184,0.9484999,2841.5103258,10.5098,1650.422071,1625.6180218,9307.0,4.33,1.23369,7.678,103.561602,-34.22282,FP
16,1.3730466,2.5708515,1301.5065338,42.1479417,3160.6328329,1912.3318636,4897.0,4.33,6.7996101,10.7069,122.895964,-27.971896,FP
17,12.6889415,7.9201001,3232.8527885,14.0608342,425.1594177,1158.1310368,7601.0,4.31,1.53641,10.6257,116.110771,-36.098285,FP
18,1.10422,2.37,14177.7,21.0448,39459.3,3926.0,6995.2,4.07,1.61,10.6019,124.726411,-37.78325,FP
19,4.95912,2.509,7440.0,22.9123,673.55,1419.0,5889.0,3.86,2.0,10.6254,111.716019,-50.266567,FP
20,5.2341008,3.7078139,20796.9416293,24.2931408,1453.6663847,1574.8381848,7645.0,4.3,1.56203,10.6348,120.147994,-54.878552,PC
21,4.4119378,3.65,15062.0,15.4706,653.252,1408.0,6280.0,4.32092,1.21,9.7109,87.139821,-63.988329,KP
22,3.28892,3.793,10518.9,10.5098,29832.6,3661.0,8734.2,4.1,1.23369,10.7173,128.381976,-43.828421,FP
23,1.90879,1.909,618.482,3.34688,985.807,1561.0,6022.6,4.52,1.22,10.5551,119.30075,-42.999149,FP
24,3.09574,4.475,380.0,3.4262,18087.9,3230.0,6084.0,4.13,1.41,8.72924,162.96491,-5.788708,FA
25,1.3214483,3.435,2180.0,21.8839,35623.2,3827.0,5050.8,3.56,2.99,9.697,120.837688,-51.345626,FP
26,18.0157,2.524,610.0,21.644,7.64364,463.0,4709.0,4.33,7.61,10.0814,86.820714,-72.422611,FP
27,9.6837739,2.379,4765.0,10.5098,871.997,1513.0,8598.7,4.33,1.23369,5.5324,142.521159,-51.517114,PC
28,14.2694372,6.9350494,1246.3921871,3.7255381,51.2588496,682.4360542,5690.0,4.58,0.853898,9.9138,125.434634,-51.759442,FP
29,3.2834565,1.537,1558.0,2.87648,161.092,992.0,4272.0,4.6,0.68,10.2103,167.133275,-29.653135,PC
30,11.02875,2.715,1694.0,2.76586,15.0463,548.0,4272.0,4.6,0.68,10.2103,167.133275,-29.653135,PC
31,5.0113292,1.024,1210.0,2.52314,17.1793,567.0,4272.0,4.6,0.68,10.2103,167.133275,-29.653135,PC
32,1.01606,2.843,240.0,1.20704,2784.04,2023.0,4634.0,4.64,0.68,7.9059,157.098337,-51.705409,FP
33,36.22214,5.107,7170.0,10.5098,365.719,1185.0,5801.0,4.33,1.23369,6.841,88.73909,-65.958839,FP
34,3.547854,3.494333,10424.3718,14.581841,1212.004376,1504.858953,6351.0,4.22896,1.4,11.5232,312.457488,-24.428694,KP
35,12.1246519,4.612,7279.0,17.6729,207.32,1057.0,4807.6,4.17,1.07,9.5706,155.831478,-57.590248,FP
36,5.6496834,2.5612882,1194.3338558,6.7892616,1226.2203257,1509.2524073,6415.4,3.98,1.9220001,9.7318,140.88389,-67.026006,FP
37,5.6643704,3.8087395,3491.8232968,14.7738943,7657.6621505,2385.8536488,10395.0,4.13,2.3383701,9.7611,159.221506,-42.541639,PC
38,29.0162503,6.507,1440.0,9.84223,159.189,1185.0,6113.1,4.33,2.01,10.0163,87.282586,-60.498444,FP
39,3.6344692,2.5339234,628.699015,4.2048368,5420.178349,2188.3820499,9810.0,4.43,1.60776,9.8174,134.441752,-49.000578,FP
40,6.0742782,2.5468064,6039.9909482,31.3717884,1487.6197932,1583.9546259,5964.0,3.7,2.4303801,10.1126,144.150273,-61.583182,PC
41,3.7795212,2.952,2761.0,5.98375,466.528,1294.0,5771.0,4.31,1.18,10.2855,157.867112,-42.240448,PC
42,1.2013272,3.4475374,427.3925883,3.7397226,22275.435005,3115.8482486,9158.0,4.32,1.7416101,9.0211,147.385172,-63.306478,FP
43,3.2235985,2.159,680.0,5.51341,2064.8,1185.0,8904.0,4.09,2.17,8.7157,128.454638,-49.940347,FP
44,4.420125,3.956,2466.0,10.5098,365.719,1185.0,5801.0,4.33,1.23369,8.5483,149.688545,-58.760453,APC
45,4.0872956,5.586113,3572.1712499,13.6237732,2242.3605401,1755.0767383,6036.0,3.93359,2.2186699,9.8638,319.949697,-58.148933,KP
46,2.55555,1.566,340.0,11.5901,3520.68,2145.0,10037.0,4.33,6.04,8.3854,128.61421,-61.488262,FP
47,8.30792,3.228,8350.0,43.1068,2276.25,1924.0,9081.0,3.83,3.05,8.0981,138.402252,-55.19791,FP
48,0.7581018,1.078,780.0,10.0744,17894.0,3222.0,9917.0,3.75,3.51,9.718,141.975215,-61.33004,PC
49,1.4415577,2.349,507.0,3.61078,16861.8,3174.0,6902.0,4.25,1.52,9.5719,128.302319,-52.714202,FP
50,1.0085089,1.642,3051.0,10.5098,365.719,1185.0,5215.2,4.33,1.23369,10.0031,153.811023,-58.766393,PC
51,3.7039994,4.277,7590.0,17.57,3546.13,2149.0,7013.8,4.21,1.9,9.6306,159.887704,-32.51188,FP
52,1.3042588,1.643,747.4366999,5.38606,7170.41,2563.0,6762.0,4.11,1.75,10.0119,126.419468,-60.907514,FP
53,0.62627,0.666,1880.0,5.72162,3235.57,2101.0,5622.0,4.5,0.93,10.2355,144.581535,-67.505097,FP
54,0.30412,0.748,1330.0,10.417,280833.0,6413.0,11892.0,4.14,2.52,8.802,136.527702,-54.903922,FP
55,2.1805277,2.969175,16340.1353205,16.808853,1770.4650539,1654.404068,6599.0,4.21017,1.2714601,11.0657,253.768848,-28.710584,KP
56,2.1846669,2.86528,11708.0228549,13.7028527,1362.1381428,1549.4409801,5630.0,4.37759,1.23824,9.4995,337.457824,-48.003099,KP
57,3.7354838,4.142,17030.0,21.2315,1292.19,1670.0,6650.0,4.1639,1.57,11.0261,239.962248,-28.061794,KP
58,21.701669,8.2676424,211.6567325,2.3751494,52.095,685.2,5625.0,4.438,1.56486,7.1278,40.365939,-71.462749,FA
59,9.139804,3.0912936,358.4157801,3.0629855,243.011763,1006.9932829,5958.2,4.34,1.58,9.0197,337.510274,-75.646561,CP
60,5.742625,2.860293,1105.760867,13.088532,365.719,1185.0,5664.0,3.26574,3.86959,8.8849,290.977117,-33.351416,FP
61,15.5077855,4.565,513.0,2.43432,88.0718,853.0,6122.0,4.30881,1.17,8.4362,302.114174,-54.317501,CP
62,17.4713142,4.05,1118.0,3.1646,61.9515,781.0,5783.54,4.49925,0.97,8.0888,293.286615,-54.532728,CP
63,5.3079507,3.2158594,391.3830934,3.0486928,603.2401116,1263.9861129,6124.3,4.38,1.36963,9.6663,339.258703,-76.917605,PC
64,51.1710414,6.4793585,864.8547045,2.7958807,11.2145624,466.7295868,5599.0,4.46138,0.943356,9.4091,127.996917,-78.407564,PC
65,11.1296441,7.0473822,951.6169809,12.8402271,1255.6817164,1518.2372485,5785.0,4.344,3.4475601,9.3781,288.911772,-31.790813,PC
66,9.4496506,2.021,19750.0,17.0216,38.5799,694.0,5509.0,4.39758,0.94,9.7825,269.714503,-60.922727,PC
67,2.8493825,3.567,8049.0,16.3869,2005.83,1864.0,6900.0,4.438,1.77,10.3157,68.959816,-64.027039,KP
68,2.0685633,0.373,502.0,3.89739,24.409,619.0,5687.9,4.6,1.14,9.6652,299.290995,-48.934476,APC
69,0.540933,1.674337,257.347459,2.28501,365.719,1185.0,5525.0,4.25342,1.21935,9.7345,284.688908,-41.242483,FP
70,4.1150576,1.08,487.0,2.30057,77.3573,826.0,5394.0,4.50942,0.89,9.478,38.120968,-78.023683,CP
71,10.0665634,1.981,640.0,2.09966,23.8187,615.0,5552.0,4.61783,0.79,9.0689,230.555493,-83.056214,PC
72,6.4438657,1.9309449,1121.9512275,2.460344,60.831305,712.2812841,4803.0,4.52079,0.737189,10.0059,296.003935,-47.56203,CP
73,12.2265595,2.1904379,1206.3693293,2.6014766,25.8970378,575.3502049,4803.0,4.52079,0.737189,10.0059,296.003935,-47.56203,CP
74,2.160344,1.828854,19357.992992,22.503541,365.719,1185.0,5780.0,4.32928,1.2,13.2851,286.36675,-50.06735,KP
75,4.606184,3.121643,13793.034867,12.962219,365.719,1185.0,5670.0,4.3925,1.07,11.9707,285.096517,-54.893341,KP
76,3.1316735,2.4579197,14915.6943722,9.4995191,148.6544991,890.5622134,4351.0,4.438,0.76701,13.1686,288.672005,-59.57935,KP
77,3.180362,2.111521,21192.463324,13.446487,365.719,1185.0,5498.0,4.47934,0.92,13.2887,284.399762,-49.138513,KP
78,2.9776446,2.962,13022.0,14.4339,758.324,1461.0,5703.0,4.25824,1.22,10.4293,289.479212,-32.860124,KP
79,3.9502008,4.444,13914.0,20.5357,1009.38,1570.0,6153.0,4.18077,1.71,9.6433,313.783239,-34.135751,KP
80,2.9776152,3.25697,43218.111683,26.88423,873.27,1386.5,5740.0,4.29219,1.28,15.7114,289.478541,-32.861327,FP
81,3.553814,2.056578,9979.266691,12.539744,365.719,1185.0,5639.0,4.37172,1.07973,11.5803,280.184169,-58.459388,KP
82,12.8379689,9.8464123,10539.0192794,25.4886382,374.129,1225.0,5765.0,4.34773,2.4494,11.7106,75.627307,-72.913998,FP
83,3.9228016,1.8736007,31510.9004906,13.3368705,91.167589,788.0973496,4444.0,4.438,0.6983,13.6699,287.484402,-49.664942,CP
84,13.9427597,3.7732511,1351.4876372,2.8501548,28.093,587.18,5206.0,4.63095,0.741671,10.6339,310.761004,-72.010267,PC
85,0.6047427,0.988221,912.4406978,1.8764454,528.02,1222.6,4046.0,4.60963,0.653189,11.1186,309.971209,-65.449699,CP
86,2.5495659,2.5932887,14992.7247936,12.8879433,757.1265011,1337.863673,5659.0,4.44653,1.03997,11.2474,294.633694,-55.330269,KP
87,1.6062693,1.9561305,16725.3019333,12.6436029,844.2700581,1374.8018137,5192.0,4.4617,0.984326,13.461,173.810798,-88.096213,PC
88,0.5182385,0.7499959,797.2618567,1.1403833,255.1432066,1019.3322198,3325.0,4.88693,0.390989,10.1165,306.928646,-56.462287,CP
89,3.1644075,2.0576293,5603.4635466,14.8814743,2206.1550476,1747.9490013,6519.0,4.22068,1.7234,13.1284,283.119492,-55.387928,PC
90,3.0440541,2.5984575,22236.0165376,12.1086799,315.9871326,1075.3184542,5523.0,4.52192,0.809868,13.163,316.96148,-26.09672,KP
91,3.9652485,1.0112593,3680.7544436,1.2305102,5.2829448,386.6684768,3296.0,4.96636,0.199988,12.7067,276.368325,-52.214573,PC
92,2.98278,3.109528,6136.231662,11.467011,365.719,1185.0,6027.0,4.29978,1.23975,11.5247,282.140409,-40.11177,PC
93,16.3469053,3.5865698,2212.4257252,3.5059571,8.9995944,441.7489067,4310.0,4.57345,0.649613,11.8835,83.275809,-80.815478,PC
94,12.9802713,2.828721,2883.0717209,3.2077972,4.7341346,376.2096224,3614.0,4.81257,0.491323,12.0936,296.822194,-87.32281,PC
95,1.3484955,2.4052414,18542.7758196,15.9189668,2706.9622213,1839.6715758,6346.0,4.38484,1.14759,12.2851,268.890707,-61.7474,KP
96,3.2541181,4.341,13620.0,14.9476,1436.45,1185.0,6102.0,4.28649,1.28,11.6577,77.605399,-59.535664,APC
97,3.7178828,5.5277827,4864.8405125,14.6986197,1925.1426172,1689.4116185,5818.0,4.33787,2.0840001,12.2303,305.56982,-88.568495,PC
98,9.30992,3.464,2220.0,14.2968,215.208,1067.0,6907.0,3.63,3.09,9.4142,238.001011,-76.49349,FP
99,1.15395,2.236,1550.0,5.48364,3534.3,2148.0,6093.0,4.2,1.4,10.4613,272.311383,-76.300955,FA
100,4.73703,3.902,2410.0,25.7144,53821.0,4243.0,11600.0,4.13,2.48,10.3918,228.84306,-52.885989,FP
101,2.7667479,2.5998083,14853.8243821,12.0222507,505.8869654,1209.5758909,5346.0,4.48823,0.984866,13.2366,313.215475,-25.687376,KP
102,2.19296,4.586,4933.74,22.7769,31883.5,3722.0,7009.8,3.6,2.95,10.0196,242.016315,-68.588832,FP
103,1.725841,3.674,2710.0,15.0024,50469.2,4175.0,7348.0,3.9,2.39,9.3529,222.101134,-56.025931,PC
104,1.1923,3.119,3730.0,30.666,40771.2,3958.0,6534.0,3.95,2.04,9.0039,217.022882,-64.634285,FP
105,11.47606,6.083,3050.0,10.5098,365.719,1185.0,5801.0,4.33,1.23369,10.0067,215.805264,-63.045983,FP
106,0.5971314,0.468,910.0,9.08382,1596.43,1760.0,7710.0,3.98,2.28,9.9806,230.498827,-53.819601,APC
107,1.4821401,1.779,1830.0,11.9167,2370.97,1944.0,7066.0,3.78,2.66,10.4291,133.968965,-75.926187,PC
108,0.9209526,1.8602735,360.8801529,5.7349089,32740.3629399,3430.7622437,6553.0,3.65,2.8908899,10.11,133.826684,-73.173308,FP
109,9.1885056,2.482,420.0,2.17371,72.0326,811.0,5876.0,4.48,0.98,8.7215,189.775859,-74.57402,CP
110,13.9028391,2.1264429,647.2701039,2.6136848,77.4841883,756.6987586,5876.0,4.48,0.983215,8.7215,189.775859,-74.57402,CP
111,10.1826983,2.8275109,667.4752458,3.0538057,198.394783,957.1991659,6153.0,4.34814,1.14582,8.7581,192.589285,-88.121111,CP
112,6.441006,1.812,914.0,2.56374,87.8902,853.0,4867.0,4.438,0.8,7.3661,328.718171,-77.338802,CP
113,3.1743474,2.6515124,15154.038161,14.4066833,718.9106151,1320.652244,5943.0,4.42524,1.15706,11.6714,5.618525,-59.942589,KP
114,20.0734756,4.044,1160.0,4.23693,96.2573,872.0,6033.0,4.37,1.15,10.5135,9.126138,-83.567067,PC
115,2.6690078,1.7690728,3344.0407571,10.2264744,1697.6918898,1637.1349048,5803.5,4.07,1.56013,10.5891,319.551469,-77.529113,FP
116,6.63371,2.122,1555.34,2.75375,365.719,1185.0,4138.1,4.54,0.63,10.5652,263.003209,-76.858265,FP
117,2.94308,4.073,4490.0,45.3525,2533.34,1976.0,4437.0,4.33,3.13,10.5598,310.086743,-63.789963,PC
118,341.2811281,6.303026,972.5797241,4.7531892,121.1597998,846.173434,6058.6,4.2,1.39203,7.5622,279.721286,-85.709137,PC
119,10.8681705,2.33,1420.0,2.86547,15.9782,556.0,4664.0,4.55,0.76,10.2809,146.053969,-89.471513,CP
120,11.1149,2.26,900.0,14.7645,21.9713,603.0,5042.0,4.33,4.94,10.0717,253.110033,-79.135182,PC
121,4.0782392,4.8475616,6046.6959687,13.898174,1619.0081232,1617.8267296,6501.0,4.08,1.74836,10.0068,155.607863,-82.218869,CP
122,7.14386,1.467,11146.4,22.1531,365.719,1185.0,7860.0,4.15,1.91,9.941,274.221618,-68.197779,FP
123,7.04083,2.979,1580.0,8.46404,852.336,1505.0,5317.0,4.49,0.91,9.7906,30.198486,-77.610376,FP
124,2.1061569,1.4688934,12142.2238514,13.086872,691.8428073,1308.0417533,5380.0,4.4337,0.940697,13.183,0.774487,-62.469317,KP
125,2.4545635,2.321,4248.0,11.1276,2162.73,1899.0,6610.0,4.15,1.64,9.6789,286.791829,-58.697242,FP
126,11.4756978,0.808,8341.0,14.1098,11.4585,512.0,7262.0,4.0,2.13,9.3871,291.373783,-60.941042,FP
127,2.78186,2.456,490.0,4.92567,1323.21,1680.0,6819.0,3.92,2.21,9.5162,163.628917,-87.269735,FP
128,6.4410082,1.798,7076.0,4.59203,8.2114,471.0,3469.0,4.71,0.53,9.66865,328.710839,-77.337433,FP
129,2.4887726,2.632,4852.0,10.5098,773.3029498,1344.9531805,8048.0,4.438,1.23369,8.1129,302.147728,-71.552443,APC
130,4.45199,2.109,8483.38,15.8858,1013.74,1571.0,6708.3,4.2,1.57,10.526,283.301843,-54.910806,APC
131,5.00999,1.7024171,463.4617977,2.1930769,210.6675109,971.6707749,5551.0,4.46214,0.906282,9.5268,27.699972,-75.848774,PC
132,2.2281625,2.015,630.0,2.56778,702.927,1434.0,5731.0,4.43,1.02,10.4055,273.602061,-66.419974,PC
133,4.13812,3.911,5560.0,10.5098,613.964,1386.0,4898.4,4.33,1.23369,10.5084,277.432937,-44.625506,FP
134,10.95663,3.588,3830.0,23.9726,619.065,1389.0,6456.0,3.92,2.07,10.5024,292.604815,-46.278074,APC
135,2.4997996,2.865171,14621.2059647,13.8516093,907.8624196,1399.9894384,5650.0,4.28867,1.13732,11.6035,55.933639,-65.19378,KP
136,1.66226,3.321,6030.0,13.3343,7149.89,2561.0,7301.0,4.23,1.64,10.4063,293.389272,-45.892667,FP
137,4.07611,2.062,1454.18,10.5098,365.719,1185.0,5801.0,4.33,1.23369,11.0605,269.648642,-46.065523,FP
138,3.6245513,3.042,1299.0,4.3503,919.571,1185.0,6317.0,4.33,1.38,10.2934,281.369481,-52.262928,FP
139,1.20928,1.886,11883.8,15.1764,365.719,1185.0,5159.8,4.23,1.27,10.2398,292.391505,-37.304009,APC
140,3.5187707,2.408,5634.0,14.0061,2000.01,1863.0,6690.0,4.24,1.49,7.2235,300.212928,-43.982529,APC
141,0.7724825,1.3744974,211.3168519,4.1624907,60276.5000547,3996.2877922,8271.0,3.95,2.5027299,8.0465,298.287708,-46.369991,PC
142,1.6268695,3.231,1502.0,2.36498,1946.23,1850.0,5034.0,4.64,0.73,10.3579,279.062469,-43.620606,FP
143,2.32439,4.453,2704.18,10.5098,365.719,1185.0,8268.5,3.93,1.23369,7.3163,292.195297,-36.00026,FP
144,13.5499,1.795,1180.0,6.24633,31.6652,660.0,6209.0,4.09,1.63,9.7298,289.761799,-43.074223,FP
145,4.43651,3.365,1520.0,19.9664,8233.41,2653.0,7101.9,3.91,2.32,8.7823,284.157959,-29.398357,FP
146,3.372877,2.63426,17163.60419,14.201803,615.165921,1270.187448,6050.0,4.45061,1.02,12.1893,332.714337,-30.749719,KP
147,8.34998,1.836,16680.0,11.1424,19.9348,588.0,4236.0,4.52,0.74,10.1429,286.376004,-41.43764,CP
148,4.0686405,1.8373729,2650.0950013,3.7548333,84.108766,772.378302,4236.0,4.52,0.741921,10.1429,286.376004,-41.43764,CP
149,0.5860366,0.8098934,410.5241553,4.906408,26813.1057089,3263.6721812,5579.0,3.67,2.39803,9.2872,248.433545,61.718334,PC
150,1.5502952,2.938,411.0,3.34528,10796.6,2839.0,7851.0,4.17,1.86,9.2293,298.781281,54.781445,FP
151,1.80709,3.297,450.0,4.86242,7233.01,2569.0,6244.0,3.84,2.2,9.11458,294.824079,31.958037,FP
152,18.6922101,7.765,11126.0,18.1458,282.175,1141.0,6277.0,4.09,1.65,9.03609,290.02096,36.637774,FP
153,8.0277431,5.005,5709.0,9.34528,901.305,1526.0,5962.7,4.38,1.15,9.02855,193.39637,85.129495,CP
154,12.5187279,5.38,2320.0,5.58857,626.362,1393.0,5729.0,4.47,0.98,8.9361,192.184898,64.855276,CP
155,6.2586065,3.201,813.0,2.51593,232.392,1087.0,5729.0,4.47,0.98,8.9361,192.184898,64.855276,CP
156,26.3208756,4.414,800.0,2.71349,26.4328,631.0,5729.0,4.47,0.98,8.9361,192.184898,64.855276,CP
157,18.8047556,4.5912749,628.5897125,2.5408067,48.4454274,672.8727606,5729.0,4.47,0.977727,8.9361,192.184898,64.855276,CP
158,1.3206356,1.6000996,1052.4255997,34.7561624,3652.2582486,1982.7142102,4919.6,4.33,6.3070302,9.00558,301.17768,30.409951,PC
159,0.64971,2.076,620.0,6.23181,83182.0,4731.0,9994.0,4.02,2.59,8.90601,291.463084,25.189437,FP
160,4.4780483,7.4415595,1342.5237,10.5479744,2736.7322838,1844.7088377,7947.0,4.2,1.82629,8.86193,304.034336,31.925687,PC
161,3.2887878,3.4163602,6985.0891761,10.4354627,759.3379892,1338.839545,5800.0,4.28004,1.24175,10.6103,63.374706,-69.226593,KP
162,13.7429532,2.4486586,5400.6190333,15.9133312,157.5829962,903.6434146,5941.5,4.33,1.3420399,8.88797,264.961539,56.078974,FP
163,16.9487087,4.2887767,156467.5479643,45.2204505,78.263287,758.5937679,5894.7,4.37,1.1179,8.8523,247.534722,80.307766,FP
164,3.3686634,3.012,3288.0,42.2321,9856.24,2775.0,7518.0,3.82,2.68,8.64028,290.708965,56.615386,FP
165,11.2071839,4.366,3276.0,17.4989,813.063,1487.0,6152.0,3.84,2.24,8.63287,182.538652,77.352264,FP
166,4.8878023,2.18,4310.0,5.28325,65.1925,791.0,4757.3,4.56,0.76,8.5077,297.710176,48.081864,KP
167,2.97164,1.534,7350.0,10.5098,3089.18,2076.0,8562.5,4.33,1.23369,8.5011,291.92142,36.529898,FP
168,0.660179,1.6349369,473.0939303,6.1672487,252487.7638842,5717.1532477,8598.7,4.1,2.62432,8.40386,292.286802,30.297329,FP
169,10.9278415,2.468,2743.0,49.1695,270.142,1129.0,6259.0,3.59,2.92,8.36544,266.962207,83.428826,FP
170,5.5514888,4.335,9493.0,15.8043,802.858,1482.0,6403.9,4.16,1.55,7.9179,161.909027,71.655727,KP
171,2.3202418,2.3817612,5082.9417064,10.5098,22262.0513573,3115.3801229,8737.5,4.33,1.23369,7.9172,300.774016,26.892025,APC
172,4.7423785,2.5318098,12264.0798735,10.3896303,209.7694575,970.6335828,5377.0,4.42476,0.877585,13.0417,6.70264,-56.316102,KP
173,1.4810903,4.1588291,6788.5145388,20.3402421,33326.7304874,3446.0210572,9435.0,4.11,2.28773,7.58204,307.8599,39.938916,KP
174,3.4741012,3.317,15748.0,21.2912,3453.07,2084.3330866,8894.8,4.38,1.62,7.55216,294.661413,31.2192,KP
175,6.5011911,5.5463587,4501.3454064,10.5098,214.9638584,976.5873888,5485.0,4.33,1.23369,8.0348,283.489697,37.380825,FA
176,6.0360697,1.805,689.0,8.51175,1240.89,1653.0,6528.3,4.21,1.69,8.40534,182.691562,85.705076,APC
177,21.745537,4.196,659.0,2.10208,28.2504,642.0,5704.0,4.51,0.93,9.3188,254.924043,64.699214,PC
178,1.32003,3.175,552.468,10.5098,365.719,1185.0,5801.0,4.33,1.23369,9.711,309.275852,32.471019,FP
179,1.6865822,2.429,1770.0,10.5098,365.719,1185.0,5801.0,4.33,1.23369,9.7032,300.419309,26.971662,FP
180,13.0727479,3.044,4080.0,35.7944,221.343,1074.0,5709.8,3.37,3.59,9.6043,144.341393,68.458705,FP
181,2.92564,4.027,6572.91,11.6113,365.719,1185.0,4884.5,4.33,1.3,9.5967,293.427359,29.596296,FP
182,0.73774,0.636,524.852,5.28215,365.719,1185.0,6449.5,3.94,2.1,9.5937,282.42081,48.098942,FP
183,2.7985794,2.3401436,16701.5502513,11.7640752,332.5563668,1089.1459134,4920.0,4.49371,0.906655,11.0443,357.846434,-70.152862,KP
184,2.3664127,2.591,300.0,10.5098,365.719,1185.0,5801.0,4.33,1.23369,9.577,301.317709,30.67067,FP
185,1.7635873,3.3034223,7801.5687927,10.5098,4461.158464,2084.4028681,7986.1,4.33,1.23369,10.2306,286.971388,46.868246,KP
186,7.3166586,3.255,3210.0,10.5098,1221.82,1647.0,8730.0,4.33,1.23369,9.65306,305.289344,41.462366,PC
187,3.0771612,2.6914319,4703.2844346,10.5098,2636.8654415,1827.6445751,9311.3,4.33,1.23369,9.47751,294.091757,19.639255,PC
188,3.2077145,2.708,9640.0,10.5098,365.719,1185.0,5801.0,4.33,1.23369,9.329701,307.336613,37.508561,FP
189,2.2552845,2.05,20820.0,14.688,549.715,1348.0,5787.0,4.5,0.96,9.76703,232.146641,66.35871,KP
190,1.88327,2.472,846.992,3.79016,365.719,1185.0,5900.4,4.39,1.18,9.7604,293.764981,37.53859,FP
191,15.196,1.792,1970.0,4.96345,365.719,1185.0,5807.0,4.33,1.14,10.3874,198.152378,71.618139,FP
192,2.1358631,1.559,10325.0,23.6019,1540.95,1745.0,5969.0,4.17,1.5,10.381,301.710466,38.431023,FP
193,6.7075429,2.125,11920.0,17.4647,225.822,1079.0,6134.3,4.33,1.24,10.6405,134.120039,72.533276,PC
194,3.5862962,3.3710943,5729.3246858,16.4747611,1787.5955937,1658.3915202,5704.8,3.84,2.00441,11.7806,15.006077,-58.904724,KP
195,0.91397,1.955,883.802,10.9073,12286.1,2933.0,7875.0,3.61,3.34,10.349,300.805115,52.040842,FP
196,11.18644,3.227,4181.94,14.9183,365.719,1185.0,7266.0,4.06,2.1,10.3075,299.273862,35.988359,FP
197,7.85694,5.935,19580.4,10.5098,365.719,1185.0,5801.0,4.33,1.23369,10.3018,282.474539,55.26639,FP
198,7.0643978,2.424,8268.0,9.39131,104.311,890.0,5429.6,4.44,0.96,10.2938,197.683097,70.768012,CP
199,8.9534775,2.696,1136.0,2.35888,45.5604,723.0,5029.5,4.61,0.76,10.2549,209.217175,68.618211,PC
200,7.5022708,2.605,1760.0,5.55812,129.866,940.0,6229.0,4.31,1.27,10.2026,289.238688,31.323574,FP
201,14.0077711,5.759,6170.0,12.764,200.505,1048.0,6557.7,4.18,1.57,10.1772,247.35668,71.505873,PC
202,1.69127,3.206,718.149,10.5098,365.719,1185.0,9121.5,4.21,1.23369,10.1617,297.30004,41.326844,FP
203,2.6652139,3.422,710.0,2.32848,2660.44,2000.0,4043.4,4.69,0.56,10.1358,279.101036,55.391781,FP
204,1.2615293,1.1243955,2614.9223065,4.72153,708.1837649,1315.6980807,4927.9,4.57,0.775123,10.1313,187.055897,67.240043,APC
205,6.0344667,1.89,1800.0,4.44029,64.2648,788.0,5586.0,4.36763,1.05,9.179,349.559266,-56.903986,CP
206,9.6867391,2.585,1746.0,3.0697,59.009,772.0,4738.1,4.59,0.73,10.112,214.555774,82.193764,PC
207,2.1031942,3.993,7124.0,16.7087,3297.3,2111.0,6122.0,3.93,1.93,10.079,297.215817,64.354351,CP
208,7.6416041,2.654,6025.0,27.538,478.683,1303.0,6496.7,4.33,2.05,10.0049,201.614657,65.306346,FP
209,5.9294073,3.315,10286.0,11.5196,456.893,1185.0,5095.6,4.33,1.06,9.9478,286.74712,71.712377,FP
210,5.7484351,1.654,1050.0,2.28087,24.3319,618.0,4534.0,4.61,0.69,9.9469,272.20452,60.678785,PC
211,1.19573,1.569,800.0,5.07792,1731.95,1797.0,5997.0,4.0,1.73,9.94025,297.459433,34.829667,FP
212,11.2461278,7.35,8050.0,18.3827,378.27,1228.0,6115.7,3.89,2.01,9.92402,251.633465,65.715035,APC
213,2.5941968,0.861,907.0,4.47229,300.014,1159.0,6389.0,4.26,1.4,9.9002,162.893176,81.322174,PC
214,8.5112,3.486,4172.76,10.5098,365.719,1185.0,8156.0,4.35,1.23369,9.886581,306.730853,38.93227,FP
215,3.9687994,1.07,1760.0,10.5098,365.719,1185.0,5286.9,4.33,1.23369,9.8744,292.223229,24.20119,PC
216,5.5411114,2.467,633.0,2.04482,258.843,1117.0,5332.0,4.56429,0.82,9.2789,99.238421,-58.016153,PC
217,10.6917268,3.002,535.0,1.79811,42.2657,710.0,5332.0,4.56429,0.82,9.2789,99.238421,-58.016153,PC
218,3.6950125,4.316,7777.0,14.7543,2029.32,1869.0,7106.7,4.2,1.63,9.80529,292.734132,59.403853,APC
219,15.7335693,3.288,2540.0,24.3218,367.588,1219.0,6800.0,3.91,2.21,9.7831,283.526697,37.720014,FP
220,735.044718,3.856,14570.0,32.3005,46.3232,1185.0,6479.3,4.33,1.28,10.4999,286.550056,44.0808,APC
221,2.2219839,1.996,4394.0,15.4416,7790.56,1185.0,7166.8,4.33,1.87,10.4813,301.41088,33.049205,FP
222,2.3106428,1.294,6911.0,8.76741,203.685,1052.0,5339.9,4.41,0.99,10.4782,167.821481,69.964775,PC
223,4.05135,2.4,1132.23,14.2359,365.719,1185.0,4974.4,4.33,3.85,10.4717,291.12047,33.273702,FP
224,5.5376617,2.517,5390.0,15.6557,351.929,1206.0,6689.0,3.96,2.06,10.4318,291.707693,17.808736,PC
225,4.5960377,4.744,5000.0,16.2166,2340.04,1937.0,7649.0,4.04,2.12,10.4247,293.26832,15.736136,PC
226,3.6127714,4.142,11794.0,19.3662,5011.92,2344.0,8324.0,4.28,1.71,10.4219,304.800032,32.581045,KP
227,3.6714717,2.149,4340.0,10.678,324.114,1182.0,5618.0,4.06,1.54,10.4221,166.880658,61.352572,CP
228,11.535076,8.555958,2389.90616,12.215808,365.719,1185.0,5479.3,3.77,2.48771,7.1062,4.447163,-66.358928,CP
229,0.8352406,1.043,2065.0,6.4875,5021.63,2345.0,6105.0,4.31,1.24,10.402,222.841424,82.952258,FP
230,2.4919771,1.4338141,2093.9594201,2.2187585,39.6452664,639.9817426,3948.0,4.68962,0.482388,10.9473,42.2477,-14.537283,CP
231,4.0802864,2.726775,878.134108,1.710706,9.5212941,448.0162269,3773.0,4.438,0.577983,8.386,210.427355,-63.852645,FP
232,25.5195307,6.6877451,558.3758637,2.9641461,45.6335702,662.8890748,5742.22,4.29,1.17321,7.9995,168.226736,-34.406937,CP
233,1.381238,2.3389349,125.8478519,2.0216034,5767.2198906,2222.6003436,6711.0,4.06358,1.7756799,8.004,169.119109,-60.567675,PC
234,2.3922703,9.0053425,63.575141,3.5905923,18015.5142019,2954.822621,6090.0,3.29864,4.1956,8.3902,127.128017,-74.954728,PC
235,0.831542,1.985538,248.969585,1.881684,3776.6095365,1999.3796659,5824.0,4.438,1.1512,8.6014,180.325704,-60.200439,FP
236,2.6282553,2.0930597,75.2858004,0.9817044,955.7979966,1418.1144376,6282.0,4.37809,1.10743,9.2397,116.594329,-64.056009,PC
237,3.4238999,2.1302807,454.6751284,1.8167261,294.3128177,1056.3845569,5626.0,4.56195,0.823019,10.5924,30.508742,-83.227962,PC
238,10.9830288,3.6811276,769.8803521,2.2927952,62.2120362,716.2891184,5626.0,4.56195,0.823019,10.5924,30.508742,-83.227962,PC
239,17.726449,3.4404719,747.7725499,2.261664,32.8605569,610.6445415,5626.0,4.56195,0.823019,10.5924,30.508742,-83.227962,PC
240,40.7199388,4.2436925,355.619391,3.2352713,47.143655,668.3063106,5914.0,3.98,1.55953,9.597,73.541918,-70.379109,PC
241,14.7741056,5.504,15041.0,15.3936,123.522,928.0,6053.0,4.3135,1.23,9.9358,331.867517,-41.815511,APC
242,79.3737538,5.38,1227.0,2.17338,3.14253,370.0,5168.33,4.60584,0.77,11.1762,66.221959,-73.333516,FP
243,18.1663644,2.464,624.0,2.80447,16.6472,562.0,5572.9,3.83,1.14,9.8135,31.178933,-73.126759,PC
244,105.5850893,11.6068811,462.9116325,2.5033335,8.047858,429.5758177,5909.57,4.26154,1.1142,10.4016,87.874157,-70.991808,PC
245,27.214103,3.93466,4940.12749,8.317461,365.719,1185.0,6270.0,4.54537,0.977522,10.6392,163.198824,-67.387472,FP
246,19.1805928,3.763,550.0,2.22109,29.0951,611.01,5262.4,3.98,0.94,10.0329,285.049519,-84.448187,PC
247,1.2124484,0.9678469,405.8147585,0.879419,336.2101877,1092.125297,3751.0,4.75718,0.518,10.42,146.87585,-77.296816,PC
248,4.5539839,7.3539686,203.1814921,0.902544,54.8433351,694.0659097,4280.0,4.61209,0.635812,11.546,87.714849,-75.688563,PC
249,41.4856125,6.6899368,959.7522291,12.5121956,271.196017,1035.0005398,6354.0,4.24472,3.4868701,9.6517,193.260548,-44.09936,PC
250,13.7736662,3.0131516,336.786299,2.1105345,67.2841715,730.4625868,5455.96,4.46737,1.01825,10.3869,71.484109,-68.761805,PC
251,1.9142544,3.256,248.0,2.04421,6105.33,2462.0,6734.0,4.18582,1.59,10.1207,72.332562,-67.368745,PC
252,5.0780255,1.2414158,6130.3947232,2.7090421,8.174329,431.253644,3318.0,4.9581,0.334125,13.084,332.948236,-58.946085,CP
253,70.3606608,1.3646685,1566.5537518,10.5351973,52.1125371,685.2598769,6308.0,3.98679,2.0982201,9.5298,71.650779,-78.561605,APC
254,91.6814336,8.6190789,742.2190905,3.1172245,5.9944716,399.0777138,5802.0,4.44521,1.01814,10.0564,107.921025,-65.508857,CP
255,10.1943985,2.1185967,280.7744557,2.3673561,231.1107952,994.4313507,6082.0,4.33287,1.32661,10.3014,99.224785,-63.079384,PC
256,14.6432449,2.5568619,228.4336406,3.209158,391.1997982,1134.2777292,6516.0,3.99366,2.04178,9.3109,117.214876,-63.720125,FP
257,4.1782656,1.675904,2537.6781602,2.1023854,13.9295288,492.7241583,3442.0,4.893,0.404403,11.556,37.197836,-80.899105,PC
258,17.9453645,3.0740072,5480.684864,3.3839124,1.9952383,303.1226876,3442.0,4.893,0.404403,11.556,37.197836,-80.899105,PC
259,13.896396,3.5885605,748.5332881,2.4586343,52.3837065,686.1495861,5522.87,4.67156,0.888163,11.7582,97.166308,-64.596432,PC
260,8.1213102,3.1040945,594.6443745,2.3157186,107.208941,820.6868999,5522.87,4.67156,0.888163,11.7582,97.166308,-64.596432,PC
261,3.9288035,1.6064128,525.617467,2.2973733,376.4589429,1123.4381151,5668.15,4.52573,0.986943,11.5514,103.754836,-69.867129,PC
262,27.3613778,4.0586418,20690.6684294,6.4522449,0.8345555,243.7718547,3050.0,4.438,0.44128,13.802,186.767363,-72.45185,CP
263,29.0497517,7.117,318.0,2.84674,257.066,1115.0,8208.0,4.25979,1.8,9.0963,107.843685,-68.83334,CP
264,31.8132264,11.2567164,11479.375547,21.6314984,48.4375724,672.8454841,6028.84,3.96199,1.98893,10.779,74.130396,-74.920333,APC
265,3.3088922,6.114,4736.0,24.9862,17074.7,3184.0,6188.0,4.27166,2.62,7.87598,319.699588,-26.616374,CP
266,25.0571312,7.5424225,533.486013,3.2396838,53.1389289,688.6094029,5696.0,4.26563,1.15281,9.6245,118.129594,-83.825063,CP
267,24.2455822,3.2473526,6274.5310693,3.7097595,1.9506426,301.4145224,3535.0,4.84874,0.465271,10.2565,156.74726,-52.467872,CP
268,14.2545623,4.7250029,7899.6939555,10.7048234,90.0658585,785.7055082,5739.0,4.28235,1.09597,11.7835,116.501399,-61.879794,PC
269,14.1758947,3.7543827,907.1324529,2.6231641,53.8795095,690.9961983,5723.87,4.438,0.864173,8.6522,186.574063,-51.363052,CP
270,19.5901578,4.002861,1182.6678641,3.0026428,35.0031418,620.3638839,5723.87,4.438,0.864173,8.6522,186.574063,-51.363052,CP
271,6.2036219,3.01098,548.9044399,2.056748,162.1675094,910.1452592,5723.87,4.438,0.864173,8.6522,186.574063,-51.363052,CP
272,3.79589,2.4602856,317.5272928,1.553135,312.1807495,1072.0653989,5723.87,4.438,0.864173,8.6522,186.574063,-51.363052,CP
273,2.2645386,3.8193701,15019.9420903,5.1936764,34.1873897,616.7174475,3443.0,4.81617,0.411471,13.7991,290.57223,26.319493,FP
274,3.4447015,1.912,796.0,2.00495,231.437,1086.0,3912.0,4.62642,0.63,9.91924,152.218255,69.27662,CP
275,3.0300715,2.5466671,21794.6136956,12.7529892,318.4581858,1077.4145935,5242.82,4.52404,0.857369,11.0248,286.040876,36.632536,KP
276,12.72038,2.401,1070.0,4.96046,41.1042,705.0,6212.0,4.17664,1.48,10.2768,286.638391,39.487904,KP
277,6.238755,3.6178567,373.5681138,2.9728283,587.1290759,1255.4607699,6212.0,4.17664,1.47768,10.2768,286.638391,39.487904,KP
278,3.2947591,1.655,1320.0,2.36106,44.5658,719.0,3853.0,4.63168,0.62,11.2582,201.382339,68.836068,PC
279,0.7645787,1.08,380.0,1.33541,398.218,1244.0,3853.0,4.63168,0.62,11.2582,201.382339,68.836068,PC
280,12.6396982,3.3830702,3292.6812864,4.6025162,39.6563977,640.0266601,5217.0,4.59186,0.789425,10.7192,158.011286,84.030377,CP
281,1.8428078,1.449,1950.0,21.2705,1687.83,1785.0,5080.0,4.48159,4.09,11.1311,66.58263,-67.806354,APC
282,1.7208555,1.8346409,10014.2587401,13.4646314,2259.3896676,1758.3994294,5832.83,4.20893,1.33402,13.8046,286.110305,43.680961,KP
283,4.7802597,1.4588658,1015.4550043,7.6126429,1770.0151344,1654.2989516,5826.0,3.7213,2.3387201,11.1634,289.73973,44.647347,PC
284,0.3814849,0.565,570.0,2.0605,931.396,1539.0,4255.0,4.55641,0.71,11.598,248.553295,60.195927,PC
285,4.6595169,0.9011821,1725.1706259,2.1961507,17.2664038,519.9004855,3489.0,4.74553,0.490729,11.1966,135.732641,71.636416,PC
286,6.4002807,2.1559875,1026.6018729,2.2730301,56.4368797,699.0536347,4599.0,4.58487,0.720551,11.0157,256.279559,69.519093,PC
287,4.8204512,1.756,1930.0,2.36747,17.8782,572.0,3692.0,4.71598,0.52,12.1819,283.53553,69.633534,PC
288,18.6548829,5.4431451,1495.4449473,4.3869878,27.832077,585.8091542,5141.0,4.49143,0.876154,11.1802,251.11587,70.429992,CP
289,4.3074513,2.3379196,1094.8419495,3.2819879,196.4755358,954.8757629,5141.0,4.49143,0.876154,11.1802,251.11587,70.429992,CP
290,5.9041278,2.7678313,773.9266468,2.4489454,129.0410781,859.6105665,5141.0,4.49143,0.876154,11.1802,251.11587,70.429992,CP
291,37.9251983,3.5345219,1370.7888539,3.241643,10.8068346,462.4282696,5141.0,4.49143,0.876154,11.1802,251.11587,70.429992,CP
292,15.9234883,4.021,493.0,2.18203,48.5414,735.0,5711.85,4.38315,1.08,8.4724,227.867864,71.841296,PC
293,4.3601536,2.2646707,5571.0444954,6.7138689,202.0739029,961.6063155,5227.0,4.50479,0.874131,11.1153,259.023592,63.105607,PC
294,13.0791581,2.97,1143.0,3.25485,48.6058,735.0,5453.0,4.41707,1.0,10.2108,200.561576,66.308533,PC
295,4.6517186,2.709,978.0,2.66889,540.772,1343.0,5154.0,4.47072,0.85,10.1985,23.593425,-66.676349,CP
296,9.1549418,2.457,1101.0,2.62011,42.2592,710.0,5154.0,4.47072,0.85,10.1985,23.593425,-66.676349,CP
297,19.9815709,2.724,909.0,2.54717,16.5853,562.0,5154.0,4.47072,0.85,10.1985,23.593425,-66.676349,CP
298,1.4415044,0.9274524,547.3172736,3.8345209,5519.1845,2198.3076824,6603.0,4.438,1.58365,6.895,269.807391,64.142644,FA
299,5.9630544,2.951,11000.0,10.0859,112.667,1185.0,5273.0,4.438,0.94,10.6479,273.529238,62.858243,APC
300,1.1219715,0.8226121,3997.6445916,3.9968417,1132.461295,1479.5361862,5780.0,4.67672,0.624,12.0623,266.686079,70.784502,PC
301,4.6756797,1.95,793.0,4.02964,343.911,1199.0,5779.0,4.88162,1.45,9.89947,260.902889,64.862363,FP
302,1.0180114,1.1353639,2618.9492168,6.5875997,2488.20146,1801.3210938,5451.0,4.33923,1.0933,10.794,239.201466,65.888838,PC
303,10.2888871,1.425,864.0,2.73221,25.0029,622.0,5126.0,4.49772,0.87,9.1416,296.24462,74.062858,CP
304,1.0332441,3.8017836,26111.5081972,4.087988,16.7778791,516.1833775,2972.0,5.15741,0.156193,13.5608,301.346363,38.228325,FP
305,5.4526479,3.401,7750.0,14.5502,433.78,1271.0,6509.0,4.17233,1.57,9.87463,303.195436,18.104778,KP
306,10.2613397,4.855,726.0,3.60391,372.358,1152.0,6124.0,4.15391,1.49,9.13619,209.484313,79.583322,PC
307,3.4779776,2.5103489,27021.6932424,12.5541925,153.1388971,897.2038496,4699.0,4.54638,0.765001,11.1534,282.100166,79.256476,CP
308,3.0353977,2.7964678,16049.4120427,13.7911583,726.7569274,1324.2410445,5751.0,4.35036,1.07224,12.7923,339.489275,-35.154203,KP
309,3.1274634,1.9812695,1331.83693,2.5802896,103.2675998,813.0378617,4225.0,4.5756,0.693431,10.8116,157.144071,65.854199,CP
310,7.4931613,1.9339295,1650.6470497,2.7733674,32.2107098,607.6028794,4225.0,4.5756,0.693431,10.8116,157.144071,65.854199,CP
311,49.825166,3.8714976,2059.4069037,3.8319135,2.5760566,323.1161011,4225.0,4.5756,0.693431,10.8116,157.144071,65.854199,CP
312,18.0574016,3.592177,1198.0572128,3.8092663,58.1250403,704.2235859,5897.0,4.45922,1.01,10.6965,268.016064,53.730699,PC
313,20.8774413,3.562,771.0,2.16145,17.8402,572.0,5396.0,4.50457,0.9,9.5966,180.726502,74.061009,PC
314,1.0228925,1.156,210.0,1.35281,670.032,1417.0,5098.0,4.54682,0.82,8.5325,309.353641,22.654366,PC
315,2.7441672,1.418,5650.0,7.84317,172.233,1009.0,5040.0,4.38482,0.97,10.634,287.242092,57.344126,PC
316,2.2046665,3.9767263,6530.6044983,16.8192478,4831.1196391,2126.3350484,6532.23,3.96818,1.99356,10.0274,292.24719,47.969543,KP
317,10.8948421,2.0719394,3168.3853584,2.4691414,5.5137471,390.8242112,3618.0,4.79432,0.435666,11.0402,197.996583,65.833697,CP
318,18.8016111,1.9093524,1686.7881033,1.9112282,2.6636757,325.8292621,3618.0,4.79432,0.435666,11.0402,197.996583,65.833697,CP
319,6.7900981,6.0786576,2158.1733568,9.7548481,477.5289979,1192.2564672,6378.0,4.438,2.00068,11.636,287.708814,47.33305,KP
320,8.157721,3.788,10273.0,9.31888,91.0972,860.0,5091.2,4.47,0.9,10.1495,198.388583,62.30538,CP
321,4.2530084,2.399,680.0,2.27163,213.799,1065.0,5591.0,4.38111,0.85,10.9897,249.69664,64.559181,PC
322,9.2378703,2.535,660.0,2.22995,54.6767,757.0,5591.0,4.38111,0.85,10.9897,249.69664,64.559181,PC
323,3.7955178,2.0198135,52278.9940979,10.3261619,18.0832336,525.9431131,3424.0,4.438,0.445372,14.1266,15.551889,-61.756133,CP
324,14.3034613,3.135,48840.0,18.4949,15.38,551.0,5056.6,4.53,0.83,11.463,293.032494,74.891073,FP
325,6.1349783,5.661,3860.0,13.1383,861.554,1509.0,5828.7,3.84,2.05,7.4556,203.509956,53.728188,KP
326,3.3159772,1.494,2770.0,4.5947,120.595,923.0,4972.7,4.54,0.81,11.0244,199.196204,49.861059,CP
327,4.6313014,1.435,4860.0,9.34848,225.013,1078.0,5736.0,4.39,1.07,10.418,214.120856,58.390253,CP
328,19.3203478,4.215,13910.0,9.38964,13.544,534.0,4968.1,4.5,0.8,11.8994,254.816154,65.747438,PC
329,11.3246821,5.9704136,1937.5829721,4.2917226,59.1706102,707.3693882,5518.0,4.59176,0.824734,10.5954,320.201905,28.055829,FA
330,6.261169,2.0369188,4005.022808,1.3468319,6.9816945,414.5815396,3145.0,5.04431,0.211257,12.5405,302.669134,40.668628,FA
331,4.0802864,4.6,1405.9675071,3.2287724,45.1713284,661.2039892,5544.0,4.5609,0.857648,9.76775,172.747799,66.796529,FA
332,14.8559691,3.711,1127.0,2.72638,64.0545,788.0,5544.0,4.5609,0.86,9.76775,172.747799,66.796529,PC
333,14.4751062,1.6182484,9618.5798534,8.6976173,6.5402175,407.866275,3841.0,4.69364,0.55035,11.7819,320.478444,35.648625,CP
334,9.6142606,2.86,1190.0,3.09223,104.51,890.0,5477.0,4.5707,0.84,9.99454,185.062873,56.201409,PC
335,4.9404714,1.954,455.0,2.3216,320.012,1178.0,6086.0,4.26269,1.13,7.9849,79.520938,-80.964384,PC
336,9.692636,2.773,1840.0,3.21431,28.0951,641.0,4665.0,4.56182,0.75,10.6355,291.465322,61.776153,PC
337,6.390888,3.766,435.0,2.47201,376.532,1227.0,6191.0,4.27017,1.32,9.6635,199.442645,71.721051,PC
338,0.9689927,2.5496309,13532.9710157,17.1331258,6992.032823,2332.2259008,6430.0,4.25113,1.41398,11.4373,314.268523,31.661019,KP
339,10.3385897,3.912,18010.0,11.3892,65.6836,793.0,5336.96,4.55466,0.84,9.7525,324.535978,30.488188,KP
340,1.283251,2.012261,1961.318203,2.558112,172.0252913,923.6720985,3855.0,4.68499,0.560391,12.5313,311.513651,56.86715,FP
341,1.2284388,1.9190118,1229.4965125,1.866263,118.2802346,841.1003116,3526.0,4.71105,0.53023,10.9313,316.86724,46.865373,FP
342,0.6166949,0.638,855.0,6.07934,4588.61,2292.0,6588.0,4.1855,1.57,10.1653,310.953619,59.576628,APC
343,9.6001126,4.9882857,380.4193796,2.4070295,193.1543783,950.8147029,5891.0,4.30161,1.2103699,8.593,308.747621,63.474938,PC
344,2.6998316,2.125,2150.0,5.02677,603.304,1380.0,6180.0,4.57956,0.92,9.93119,313.167029,65.608783,CP
345,0.581322,1.3261177,3206.6010016,2.2014886,194.5178158,952.4881815,3446.0,4.83941,0.38621,12.9984,307.210941,33.413959,FP
346,0.980972,0.5405036,6178.392421,5.9162923,719.5629045,1320.951709,4486.0,4.49914,0.764401,9.9005,0.185606,-54.830823,CP
347,5.3987396,3.12,350.0,2.19583,315.605,1174.0,5875.23,4.26474,1.26,9.50898,291.03231,49.040213,KP
348,7.16199,7.668,800.0,5.05452,1230.42,1649.0,6229.0,4.0,1.81,10.8722,245.818009,62.925121,PC
349,1.4412175,1.666,12927.0,17.0442,1160.55,1626.0,5672.9,4.13,1.46,9.84566,253.14033,57.97415,FP
350,1.6849938,0.916,990.0,3.76716,342.918,1198.0,5923.0,4.38,1.11,10.8605,230.310094,63.565285,PC
351,3.9152737,2.562,3350.0,9.43435,311.498,1170.0,5714.0,4.05,1.58,10.9458,223.092641,70.476557,CP
352,3.1968838,3.7533697,7958.980656,14.9685779,1843.1329908,1671.1249287,6470.0,4.15,1.59715,10.7973,256.672203,67.871503,PC
353,3.9443668,4.8652146,6732.488454,14.5727196,1078.5986988,1461.6208264,5494.0,3.93,1.75475,10.8041,256.770639,70.238481,CP
354,3.93034,3.667,9724.58,14.8838,815.91,1185.0,6292.0,4.33,1.37,10.9873,195.821133,67.823436,FP
355,4.5371361,4.042155,4199.7558754,9.8153513,732.0077048,1326.6264827,5731.0,4.1,1.48668,10.9585,241.322901,70.19004,CP
356,5.929405,3.719,16410.0,10.5098,365.719,1185.0,5801.0,4.33,1.23369,10.451,286.74788,71.7136,FP
357,14.3392065,4.5868204,398.599933,2.3144921,118.7539364,841.9411827,6295.7,4.438,1.1374201,7.4371,12.546778,-83.743767,CP
358,2.8716978,4.556,8575.0,18.0395,3429.37,2131.0,6840.0,4.05,1.91,9.823,216.523825,59.444274,KP
359,6.0964074,2.3632965,1142.4891745,2.5856853,69.8633506,737.3642914,4820.4,4.6,0.731699,10.5216,275.862543,71.581748,PC
360,4.0802864,8.0555709,2143.3712267,4.258255,0.2347069,177.5215972,4820.4,4.6,0.731699,10.5216,275.862543,71.581748,PC
361,5.6666168,3.604,9780.0,14.8589,442.536,1277.0,6530.0,4.23,1.47,10.6724,264.378942,73.261193,PC
362,1.56029,2.751,1690.0,18.4825,38412.5,3900.0,6897.0,3.89,2.29,9.87278,301.717674,45.499227,FP
363,8.8734854,3.325,1430.0,5.10094,282.782,1142.0,5992.0,4.34,1.18,9.76577,303.072972,44.495878,FP
364,7.85021,7.038,14710.2,10.5098,365.719,1185.0,5801.0,4.33,1.23369,10.3018,282.474539,55.26639,FP
365,7.6869063,4.652,4500.0,23.7824,655.022,1409.0,5147.3,4.33,3.07,10.0194,277.476856,61.049501,FP
366,2.534612,1.978,5185.2815163,10.5098,336.934,1193.0,5009.6,4.33,1.23369,10.7967,283.637489,59.763193,APC
367,1.3797091,2.352,1320.0,22.2329,28702.5,3626.0,5924.0,3.68,2.67,10.6168,306.425841,53.561615,FP
368,1.49861,2.871,2188.61,10.5098,90202.8,4828.0,8590.0,4.12,1.23369,10.6229,292.50517,54.108503,FP
369,6.2407826,1.513,6114.0,16.0959,41.7384,708.0,4174.0,4.34197,0.9,9.8567,353.828713,-64.561917,APC
370,2.6796,2.771,7590.0,11.8862,823.434,1492.0,5938.0,4.23,1.32,10.5742,300.83864,53.29562,FP
371,6.1406417,2.3525428,9437.1831553,26.5174686,2040.1072476,1714.087545,8298.0,4.19,1.87493,10.5819,294.722734,41.565154,APC
372,11.0764955,4.692,4400.0,12.8076,189.348,1033.0,6460.0,4.0,1.86,10.1098,301.562631,52.164181,PC
373,0.61944,1.582,1555.34,6.24412,18444.2,3246.0,7812.5,4.33,1.44,9.6996,303.824831,36.651807,FP
374,2.6400663,3.368,1328.0,18.2671,7719.64,2611.0,5155.0,4.33,2.72,9.90482,317.7479,43.551895,FP
375,2.5778717,3.472,1010.0,18.687,62241.5,4400.0,8321.0,3.75,3.16,9.14819,318.235161,46.26809,FP
376,3.80509,3.347,1280.0,8.57193,1214.11,1644.0,6555.5,3.83,2.35,10.3332,307.016647,39.87713,FP
377,2.99041,3.952,1290.0,24.2511,54264.3,4252.0,8542.0,3.66,3.56,10.2918,316.813885,40.167172,FP
378,4.9864441,2.179,1210.0,10.5098,365.719,1185.0,5801.0,4.33,1.23369,10.151,318.724623,38.094232,PC
379,0.890967,1.784,1100.0,2.89678,3225.32,2099.0,5159.2,4.5,0.87,9.3213,318.627107,40.017017,FP
380,2.1096849,2.1210828,1322.5657189,3.5175748,644.2120132,1284.9225602,5673.0,4.55383,0.940806,10.8061,338.399662,-43.436872,CP
381,3.9729661,3.709,3940.0,10.5098,365.719,1185.0,5801.0,4.33,1.23369,10.334,319.32501,38.104855,PC
382,1.19888,1.558,1169.03,20.5525,3694.96,2172.0,7315.0,4.33,5.46,10.0849,313.536475,37.789356,FP
383,3.37644,1.437,5791.2,10.5098,1059.26,1589.0,8639.7,3.96,1.23369,10.0819,323.527361,46.931774,APC
384,2.03905,2.26,430.0,6.42307,26394.8,3550.0,9003.0,3.94,2.68,8.26618,329.385067,41.449509,FP
385,2.9424142,4.073,1400.0,9.70968,23595.1,3452.0,6854.0,4.1,1.79,10.1894,321.02381,46.384673,FP
386,1.0793011,2.196,1562.0,3.31116,7736.05,2612.0,4349.3,4.62,0.67,9.9809,322.92657,41.797465,FP
387,8.0428575,9.504,18730.0,10.5098,6718.53,2522.0,8286.0,4.33,1.23369,8.6746,323.206851,39.072196,FP
388,3.9392136,2.38,1480.0,21.466,10073.1,1553.0,8715.0,3.55,4.12,8.38189,303.295223,36.725485,APC
389,4.0157492,2.706,1150.0,6.47219,669.61,1417.0,6585.0,3.94,2.07,10.3599,315.110366,46.060449,FP
390,2.01976,3.394,3963.85,7.3626,5926.69,2444.0,7274.6,4.18,1.72,10.2835,327.480039,44.08006,FP
391,8.1995368,2.1168277,903.3694431,1.9226211,26.2353114,577.2199136,4028.0,4.55902,0.650533,9.9762,354.397374,-58.955078,PC
392,1.748054,2.122,670.0,10.5098,365.719,1185.0,5801.0,4.33,1.23369,9.521,315.540896,45.775741,FP
393,2.65646,2.475,773.369,12.1711,948.066,1545.0,6135.4,3.4,3.98,9.08409,323.548627,50.481445,FP
394,2.65688,2.615,1959.88,10.5098,365.719,1185.0,5801.0,4.33,1.23369,10.8823,323.550356,50.481865,FP
395,4.7201912,4.416,6710.0,15.2105,1112.85,1609.0,6696.0,4.08,1.8,9.03527,325.014536,48.406767,CP
396,4.03349,2.684,1530.0,23.4514,5512.68,2400.0,11348.0,4.33,6.37,9.5526,302.220069,38.245221,FP
397,3.3295394,2.77,2620.0,14.3988,2238.0,1916.0,7965.0,3.98,2.35,10.4806,301.564685,35.588396,FP
398,3.8615978,1.678,1020.0,13.8394,2320.32,1933.0,7396.0,3.89,2.45,10.2115,303.017318,35.524628,FP
399,3.3448404,3.322,13300.0,20.8091,4587.45,2292.0,9364.0,4.32,1.76,9.8787,227.270329,-42.704966,KP
400,95.174,11.6316864,2600.061605,7.8498891,0.9938316,254.6525048,5723.2,3.6,1.51811,11.4881,92.133096,-59.540985,CP
401,8.8803096,2.754,1209.0,3.20473,57.5149,767.0,5555.7,4.49,0.92,8.2929,302.025625,66.850301,CP
402,28.580356,4.038,900.0,2.55979,12.8234,527.0,5555.7,4.49,0.92,8.2929,302.025625,66.850301,CP
403,38.3522568,5.317,853.0,2.6167,25.3934,625.0,5555.7,4.49,0.92,8.2929,302.025625,66.850301,CP
404,1.4015245,1.321993,619.1240151,1.7395649,149.3738653,891.637662,3794.0,4.67812,0.597007,9.22978,350.028592,-60.065729,CP
405,8.5874668,5.1458902,1904.8131484,5.3744721,152.0429498,895.5943008,5929.0,4.48275,0.987583,10.8037,260.36481,65.012281,FP
406,6.4474918,2.643,9270.0,48.9878,720.601,1443.0,6477.6,4.13,1.69,9.53591,301.559262,59.490771,FP
407,1.4136455,1.448,2427.0,10.5098,5133.26,2358.0,5869.0,4.33,1.23369,10.4243,300.488392,60.246367,FP
408,3.40304,5.03,490.0,4.06282,67721.9,4494.0,9622.0,4.39,1.65,10.0062,317.575459,48.464282,FP
409,13.7431355,2.418,4769.0,25.3448,109.729,901.0,5941.5,4.23,1.4,8.88797,264.961539,56.078974,FP
410,8.47134,6.989,540.0,16.9325,3465.35,2137.0,5146.0,4.33,4.88,10.8049,238.031812,74.406742,PC
411,5.5025577,3.1711008,844.7022676,2.7049797,102.6644008,811.847988,4965.0,4.56,0.784109,10.7261,256.622675,68.843303,PC
412,1.7622537,0.8779711,733.5550822,2.5235818,468.5415425,1186.6066429,4965.0,4.56,0.784109,10.7261,256.622675,68.843303,PC
413,0.8474218,0.8758764,424.3932848,1.7536544,1876.1315489,1678.5549814,5300.0,4.56,0.846387,10.7157,280.326681,70.290054,PC
414,4.8420438,2.4105648,318.6638392,1.6177405,183.6641995,938.9141348,5300.0,4.56,0.846387,10.7157,280.326681,70.290054,PC
415,2.14056,2.029,355.8315803,1.83828,316.156,1174.0,4567.0,4.39,0.84,10.6666,282.173361,70.840191,FP
416,12.71672,2.529,388.126,2.7546,34.1387,673.0,5711.1,4.24,1.27,9.34822,231.162129,67.464751,APC
417,4.1269046,4.405,10831.0,17.0952,1436.49,1715.0,6888.0,4.23416,1.59,9.2205,7.328916,-76.304032,CP
418,5.5402372,7.713,2710.0,17.4013,2282.41,1925.0,6415.0,3.49,3.39,10.3589,305.395161,56.462656,PC
419,5.9294093,3.412,14603.0,10.5098,365.719,1185.0,5801.0,4.33,1.23369,10.3267,286.746549,71.712195,APC
420,5.29625,3.07,4741.26,14.6325,360.497,1213.0,5958.7,4.33,1.93,10.4209,334.738559,61.148988,APC
421,4.4350026,1.888,1170.0,8.69525,2060.1,1876.0,9706.0,4.29,1.87,10.1503,313.885156,46.502085,FP
422,1.42904,3.291,1210.0,6.96344,164126.0,5607.0,9224.0,4.37,1.65,8.78822,312.179957,51.910696,FP
423,2.1702725,2.1417853,5156.7735359,15.2590586,11706.9549101,2652.9602078,9218.0,4.27,1.8527499,8.65269,331.307643,66.775296,PC
424,24.2544697,17.486,8802.0,10.5098,1556.33,1749.0,8381.3,4.33,1.23369,8.9468,311.19458,54.502161,PC
425,0.33759,1.351,529.0,2.96097,9164.98,2725.0,7387.0,4.39,1.37,10.2193,316.955806,50.500883,FP
426,1.67346,2.54,390.0,5.10182,19786.3,3304.0,10445.0,4.09,2.45,8.63701,320.116115,61.12025,FP
427,2.5152549,2.386,1870.0,13.4294,4740.94,2311.0,5915.0,3.82,2.11,10.2732,310.038053,50.323742,FP
428,0.4628844,0.5588219,4489.9119215,1.3543237,64.718104,723.3961549,3043.0,5.09707,0.188624,11.9238,340.496204,-69.172108,CP
429,0.70902,2.49,570.0,5.18865,65312.0,4453.0,8999.0,4.05,2.36,10.0146,315.166199,47.785991,FP
430,2.2374051,3.4371271,4846.6829346,12.119751,4061.5979355,2036.075987,7050.0,4.19,1.6635,10.2202,320.829517,52.8147,PC
431,1.917366,1.436,647.0,19.7712,5127.51,2357.0,8129.0,4.33,7.39,9.7736,335.300845,59.560814,PC
432,9.6926355,2.736,1348.0,13.5493,147.673,971.0,6012.0,3.39,3.51,10.3843,291.469121,61.776068,FP
433,1.7753634,2.038,913.0,9.75528,14394.6,3051.0,9598.0,3.81,3.23,9.2118,293.44357,53.464527,PC
434,1.8286,3.464,25861.1,22.8859,13385.3,2996.0,6046.3,4.43,1.29,10.4849,317.729186,72.615356,FP
435,14.8626982,3.3250502,8264.2193919,26.5090911,202.6095767,962.2429589,5705.0,3.97,1.73364,8.48216,337.686813,40.003763,FP
436,2.0881134,2.307,730.0,5.41738,8383.12,2665.0,6255.8,4.11,1.7,9.24102,343.953614,39.645117,FP
437,1.25562,2.304,290.0,2.95064,2790.4,2024.0,5717.0,3.97,1.72,9.1384,317.966114,43.592849,FP
438,7.6047417,5.23,1200.0,6.14418,2393.29,1948.0,9139.0,4.29,1.8,10.4216,345.243825,42.549318,FP
439,4.8173797,1.323,1800.0,1.71137,33.919,672.0,4651.0,4.56937,0.69,10.702,101.297491,-66.238326,FA
440,5.2651271,2.463,3450.0,11.2446,2619.14,1993.0,8728.0,4.32,1.7,9.25068,345.748458,44.564848,FP
441,5.0095595,3.353,8700.0,36.2553,2088.59,1883.0,6527.0,4.11,1.75,9.948,331.117705,31.018767,APC
442,6.1600888,1.67,1120.0,8.22262,143.457,964.0,5772.0,4.07,1.55,10.3126,335.753569,30.572726,FP
443,3.8529962,3.36,9140.0,15.6058,1669.87,1780.0,6893.4,4.22,1.57,9.995771,354.774092,42.465987,KP
444,1.06884,2.512,470.0,10.3628,32361.2,3736.0,9222.0,3.42,4.94,9.8261,324.922517,46.220215,FP
445,5.4561177,3.1,1360.0,5.78741,796.96,1480.0,7465.0,4.31,1.51,10.4568,324.935562,41.950794,FP
446,1.7370044,1.434021,739.589189,4.1517239,2883.8882363,1869.0217526,6026.0,4.16,1.4505,10.2566,325.787112,45.646806,FP
447,1.99143,4.136,16745.8,10.5098,108701.0,5058.0,9458.2,4.33,1.23369,10.1441,326.305217,45.812547,FP
448,5.7785318,2.348,4990.0,42.6903,2264.51,1921.0,8224.0,3.81,2.92,9.624,339.785541,49.426562,APC
449,1132.0244686,4.119,18121.2,30.6957,449.947,1283.0,5984.0,3.98,2.07,10.3842,344.35978,53.140835,APC
450,6.1982658,1.912,3896.0,7.84585,234.343,1185.0,5722.0,4.35582,1.11,9.5739,328.926018,-61.673257,APC
451,1.41072,2.623,500.0,8.4993,2001.09,1863.0,5197.0,4.33,3.84,9.32845,316.446344,46.845151,FP
452,6.5602603,3.452,1780.0,12.927,7503.18,2592.0,9976.0,4.01,2.62,10.379,318.784961,44.899679,PC
453,0.44482,1.058,1610.0,10.8884,14152.2,3038.0,7184.0,4.1,1.88,9.62426,329.05345,55.740977,FA
454,1.532703,2.698,1250.0,10.8699,26916.4,3568.0,6023.1,4.24,1.39,9.5621,347.757547,45.93369,FP
455,0.7131492,2.428,450.0,4.89712,18159.7,3234.0,5128.9,3.88,1.93,10.0009,331.663464,55.686255,FP
456,4.52318,5.099,25109.1,10.5098,365.719,1185.0,5801.0,4.33,1.23369,8.437,333.245043,53.98452,FP
457,4.0802864,5.694,3750.0,6.551,365.719,1185.0,5769.0,4.43,1.03,10.0618,334.504103,54.319045,CP
458,0.78381,1.443,426.099,3.89595,9401.36,2743.0,7842.0,4.22,1.72,8.95861,341.518718,55.162935,FP
459,4.4653014,2.494,14760.0,14.5338,243.703,1100.0,6051.2,4.35,1.18,9.76031,344.445363,38.674919,KP
460,3.062624,1.767,580.0,10.5098,204.269,1053.0,5086.8,4.33,1.23369,9.957501,333.131944,31.364667,PC
461,11.0708037,2.5160833,1291.2405339,3.0794062,22.4220519,554.9943833,4356.0,4.53491,0.700727,9.3636,336.402414,-34.909713,CP
462,2.63725,2.87,1270.0,8.74081,2643.68,1997.0,7495.0,3.88,2.5,10.3093,323.86462,51.323577,FP
463,2.72687,2.467,980.0,2.54653,543.502,1345.0,5256.0,4.59,0.79,10.4602,343.635061,54.161814,FP
464,2.86876,2.422,1030.0,8.48351,2571.69,1983.0,8342.0,3.9,2.65,10.399,322.892141,50.320713,FP
465,0.5590256,0.688,660.0,4.22851,2015.68,1866.0,5801.0,4.33,1.35,10.1993,333.171245,52.900886,FP
466,2.958148,3.769,980.0,4.47387,4739.26,2311.0,6294.0,4.13,1.58,9.44275,340.395784,51.965285,FP
467,0.98736,1.464,370.0,3.41784,2591.32,1987.0,6301.3,4.07,1.69,10.1277,321.283221,40.887821,FP
468,3.99307,4.783,3892.81,6.35126,1282.52,1667.0,4731.1,4.35,0.93,10.3217,337.8341,53.796052,FP
469,8.6795072,3.628,10160.0,24.132,578.958,1366.0,6057.0,4.43,1.14,10.1799,338.452968,57.563539,FP
470,6.5560894,2.676,770.0,12.8821,1165.27,1627.0,8918.0,3.51,4.58,8.6291,341.386298,48.161556,APC
471,1.3812787,2.4,1573.0,5.91488,24595.6,3488.0,6483.0,4.28,1.38,10.2107,341.970903,49.918072,FP
472,2.2813432,1.1601933,1126.6619488,12.7387194,5760.9720984,2221.9981475,6174.0,4.27404,2.35511,9.7828,330.301777,-49.060077,APC
473,5.48923,3.29,910.0,11.8401,2592.62,1987.0,6004.0,4.06,1.62,10.938,287.025089,66.290697,FP
474,7.3845072,4.531,25160.0,23.6091,514.397,1185.0,6149.2,4.33,1.43,10.9828,291.411851,69.11298,FP
475,0.43889,0.947,650.0,6.69456,14357.3,3049.0,7111.0,3.91,2.32,10.5896,291.880247,68.014695,FP
476,2.3359622,6.0165684,3066.2492749,18.3852989,7363.4830838,2362.6020308,7577.0,4.05,2.0780001,10.7387,332.287103,57.938972,FP
477,6.8674054,3.488,779.0,2.4024,297.944,1157.0,6051.5,4.48,1.03,10.9425,292.196087,58.614764,PC
478,14.431887,3.265,1687.0,3.73311,52.4908,749.0,6051.5,4.48,1.03,10.9425,292.196087,58.614764,PC
479,12.64001,6.893,9458.38,10.5098,703.834,1434.0,5195.1,4.33,1.23369,8.4239,315.669109,70.0803,FP
480,10.5739824,4.04,5460.0,9.43898,171.146,1007.0,6519.0,4.36,1.27,11.4266,82.127963,-48.409067,CP
481,9.9783319,4.2281711,179.2248456,2.0515332,300.9646623,1062.3035336,6073.5,4.1,1.47131,7.7275,336.576123,-18.011665,KP
482,4.4247132,1.132,984.0,7.84974,173.884,1011.0,6594.0,4.23,1.49,8.82374,313.511047,72.580646,CP
483,4.7182888,4.046,3000.0,15.2763,876.886,1516.0,6112.0,4.33,2.74,8.3764,339.815915,33.889459,APC
484,1.0082361,1.41,228.0,1.7202,1882.94,1835.0,5795.29,4.438,1.13,7.384,338.983717,-59.864829,CP
485,1.2168732,0.86,1240.0,3.43106,153.719,980.0,4634.6,4.51,0.78,10.1917,334.882849,42.560314,PC
486,1.4520464,1.474,380.0,1.4286,277.805,1137.0,4184.0,4.57376,0.69,9.1043,232.946047,47.055551,CP
487,4.731977,0.361,3470.0,6.97384,3.01841,367.0,4223.45,4.61744,0.66,11.0997,233.065833,47.860746,APC
488,6.1182129,0.6671441,1805.1895773,6.1579891,149.0299553,891.1240042,5427.0,4.51461,0.890109,10.1188,333.253171,37.627574,PC
489,3.0197807,3.5896763,12016.7483851,17.9176077,2558.7198805,1813.9505159,7128.0,4.23768,1.58815,11.029,351.579721,38.55294,APC
490,14.4193583,5.1635709,1090.1001767,4.7835825,186.8992158,943.0215543,6383.0,4.24518,1.41048,8.39816,219.037047,42.378458,PC
491,1.0697611,1.376,340.0,1.50924,765.756,1465.0,4946.0,4.53834,0.8,9.0739,216.923489,41.952986,CP
492,3.0726434,2.2602485,10471.4949697,19.9197757,2446.8848714,1793.7963398,7164.0,4.25661,1.55831,8.51017,335.825303,35.03492,CP
493,0.6763235,4.916459,30.1617977,1.700035,42572.1587375,3663.5419408,8475.0,3.82228,2.9486499,6.76754,254.958579,58.462633,FA
494,2.8997405,1.849,13760.0,10.0433,176.587,1015.0,5224.0,4.55801,0.82,10.7164,206.094014,48.028565,KP
495,0.8533534,1.2018737,25080.3290695,12.600718,262.1025386,1026.213105,3658.0,4.438,0.608076,14.7109,4.60586,-62.847875,PC
496,6.9561134,3.3628003,15989.231101,12.090823,136.9557694,872.4987884,5387.0,4.46259,0.940037,11.2287,322.941809,66.349005,PC
497,2.8879675,3.6626399,23489.3314084,10.5098,634.2192374,1279.9105013,5780.0,4.438,1.23369,10.5998,332.630396,57.282437,APC
498,13.001789,4.4847322,1339.5837664,3.84805,90.515093,786.6834253,5914.0,4.46,1.00826,10.1308,354.240829,39.639279,CP
499,2.7556532,3.3967282,2854.4589288,6.4145519,207.2386368,967.6926252,4993.0,4.66918,0.696945,10.9243,344.609651,39.658712,FP
500,4.8962484,2.362418,1186.0289925,3.5246468,95.080851,796.4215716,4528.99,4.48318,0.799965,10.5152,344.907267,36.517666,PC
501,1.0318271,1.5158304,5276.7851556,12.6596594,6047.8802101,2249.161002,5810.6,4.13,1.49433,9.25755,329.091358,68.998035,APC
502,0.78999,1.153,5750.0,1.99,5497.38,2398.0,5558.0,4.43,1.1,9.76952,339.03342,37.841042,FP
503,12.80758,3.596,27112.7,11.4222,28.4034,643.0,5094.4,4.33,0.63,10.0526,346.517442,43.898633,FP
504,11.35626,6.047,2190.0,12.9372,1493.65,1731.0,6314.0,3.87,2.14,10.8475,287.050161,55.303691,FP
505,0.6412558,1.1161082,1029.5348333,4.841202,10373.5192117,2573.9569471,5854.65,4.1262,1.47292,11.6459,295.101088,40.986723,FP
506,2.3109689,3.4303821,6829.4236495,17.30428,4324.0354536,2068.197749,6371.0,3.94807,1.95411,9.77486,328.767739,-22.6126,KP
507,7.4341488,2.393,674.0,1.95139,49.7078,739.0,5064.0,4.57887,0.78,8.3879,300.615453,53.377442,CP
508,2.6502324,2.5027931,5793.239027,16.736545,5400.8760505,2186.4311302,7400.0,4.11,1.93656,7.79824,316.203692,55.588022,CP
509,6.1095756,2.441,510.0,2.19963,117.102,916.0,5587.0,4.51,0.91,9.4653,329.401792,36.321404,PC
510,12.4379715,1.7137815,123693.2601599,24.6478297,3.4868062,348.5191947,3275.0,4.75761,0.476997,12.4647,305.538257,36.064784,APC
511,29.902663,3.6993733,760.5977208,2.0294563,12.0207983,474.9009927,5393.86,4.67802,0.735511,8.0621,176.380591,65.541314,PC
512,0.6858278,1.169,200.0,1.216,1568.58,1753.0,5142.0,4.54622,0.82,9.9802,203.537946,67.62123,PC
513,0.8675883,1.3814953,321.4840933,1.4302423,1118.0589981,1474.8095115,5011.22,4.6136,0.74524,11.0906,215.602155,55.334259,PC
514,18.84101,5.82,280.0,2.11414,104.735,891.0,6093.0,4.32207,1.22,8.69378,256.138751,56.842549,PC
515,5.1396634,0.766,680.0,3.08154,53.8627,754.0,5374.0,5.96065,0.82,10.3237,280.923784,74.937833,PC
516,9.4280907,1.355,787.0,2.37465,13.1589,530.0,5374.0,5.96065,0.82,10.3237,280.923784,74.937833,PC
517,27.6439289,5.265,451.0,3.64999,32.947,667.0,5873.0,4.043,1.62,9.98671,241.763937,67.87764,CP
518,6.267832,2.789,321.0,1.99779,203.434,1052.0,5950.0,4.438,1.15,5.1054,84.29928,-80.464604,CP
519,15.5174519,5.322,434.0,2.43592,207.048,1056.0,5780.0,4.438,1.34,9.80972,283.794562,64.53137,PC
520,4.6274206,4.6582573,152.4142924,1.43332,557.8163511,1239.4886654,5780.0,4.438,1.34,9.80972,283.794562,64.53137,PC
521,22.0927067,5.677,495.0,2.34112,58.1457,769.0,5885.0,4.27782,1.24,9.48477,305.412906,58.140828,PC
522,0.4090681,0.6165726,1281.2294665,1.1833779,207.0242436,967.4422529,3328.0,4.91612,0.308799,12.4934,287.292101,74.174276,CP
523,23.5407353,4.073,990.0,2.19925,19.0598,582.0,5236.0,4.63898,0.75,9.9377,297.398678,76.139178,PC
524,0.4702801,1.4108647,214.192245,1.5890513,5028.509646,2147.7294459,5466.0,4.48625,0.92499,10.1522,305.474925,70.943705,CP
525,9.8130697,3.91,630.0,2.67352,175.261,1013.0,6240.0,4.46607,1.06,10.6074,292.76774,71.497358,PC
526,4.7842093,2.947,390.0,2.14401,428.772,1267.0,6240.0,4.46607,1.06,10.6074,292.76774,71.497358,PC
527,6.3170657,2.4466954,688.3375977,2.4720516,108.3220651,822.8089031,5180.0,4.54308,0.83031,10.7502,302.001457,51.361796,PC
528,4.5057387,1.885675,428.7456455,1.7133121,169.9741138,920.906304,5180.0,4.54308,0.83031,10.7502,302.001457,51.361796,PC
529,1.2272251,3.528,40.0,2.8374,15033.0,1185.0,6906.0,4.438,4.12,8.1033,201.336817,75.982713,APC
530,8.0970819,3.127852,4723.0724376,2.6354043,5.3632275,388.1291894,3391.0,4.84373,0.381586,13.1717,316.324003,57.771095,PC
531,4.0802864,3.417725,2167.3207374,3.492429,1.3124685,272.9870031,5780.0,4.64751,0.604385,10.745,300.708664,39.668371,FA
532,2.3691849,1.6840374,699.3113402,1.614201,427.9831307,1160.0492093,5780.0,4.64751,0.604385,10.745,300.708664,39.668371,PC
533,5.13002,4.78,3376.0,8.86428,842.866,1501.0,5430.7,4.4,1.58,11.6789,333.174716,-55.978803,PC
534,2.0439268,1.008937,465.1929875,1.0924808,44.9492524,660.3898166,3407.0,4.7606,0.473603,10.0306,286.854063,59.086625,PC
535,16.5379864,2.796,608.0,2.51948,53.0216,751.0,5781.0,4.43068,1.03,8.9989,186.524282,61.258929,PC
536,11.0619937,1.7587777,3249.1164334,1.6184944,2.0225025,304.152939,3248.0,4.95407,0.275364,12.295,290.173974,73.195108,CP
537,6.5886803,1.846,926.0,2.25636,105.424,892.0,4920.0,4.64,0.71,10.1426,258.22327,57.197778,PC
538,4.3135259,1.921,264.0,1.12982,87.5472,852.0,4920.0,4.64,0.71,10.1426,258.22327,57.197778,PC
539,2.679411,2.836,14060.0,13.999,888.614,1521.0,6075.0,4.38,1.14,11.1612,300.842307,53.294181,PC
540,3.6231427,2.607,18057.0,19.2142,909.044,1529.0,6458.8,4.32,1.35,10.1543,308.670288,66.440384,APC
541,18.7118184,6.376,6309.0,10.5767,162.935,995.0,6125.0,4.29,1.27,8.0417,306.741134,33.744388,CP
542,6.3768548,2.452,2590.0,10.5098,774.775,1469.0,6393.0,4.33,1.23369,7.1145,354.836651,45.719851,APC
543,2.7759225,3.0027844,12733.4911779,14.235101,1186.3541868,1496.8329727,6140.0,4.32,1.24182,10.374,9.573034,42.463096,KP
544,9.155934,3.1412022,908.2412562,2.4949092,66.1504006,727.3657867,5219.0,4.55718,0.82204,10.1583,19.361773,26.745951,FA
545,6.30556,2.946,860.0,10.5098,365.719,1185.0,5801.0,4.33,1.23369,10.7124,358.302034,-56.013252,FP
546,6.8424955,3.002,8290.0,13.2084,439.995,1185.0,5766.0,4.438,1.13,9.9176,20.610639,26.925729,APC
547,3.5686777,2.5811179,20121.1854664,20.2503751,876.963913,1387.9223847,6046.0,4.26929,1.28529,11.3805,22.236394,35.864854,APC
548,2.1779407,2.098,110.0,1.28228,759.183,1462.0,5801.89,4.25132,1.26,5.8961,261.349585,52.790472,CP
549,2.8791023,2.7497683,11426.6170088,12.0920506,693.2320081,1308.6978872,5583.0,4.33946,1.1145999,12.0401,7.053937,42.061345,KP
550,11.3125266,2.5943007,861.7265878,2.686447,56.1140618,698.0518398,5290.0,4.53286,0.854841,10.8597,288.384969,62.203124,PC
551,1.4200248,1.431,23730.0,12.5242,382.328,1231.0,4910.0,4.57248,0.77,11.8478,303.38187,65.162331,KP
552,1.8718991,1.475,920.0,2.40733,167.099,1001.0,4201.0,4.5079,0.75,11.0278,307.396532,61.550725,PC
553,5.9711357,1.5478671,1437.1086027,1.8721145,18.0882455,525.9795517,3834.0,4.74552,0.490737,10.5977,19.114644,49.233138,PC
554,15.5324385,1.7640717,2937.4953214,2.013576,2.1399188,308.4743596,3382.0,4.85532,0.369306,10.8858,16.653872,19.224919,CP
555,1.880531,1.1911684,1214.0066593,1.4548629,35.7280633,623.5511988,3382.0,4.85532,0.369306,10.8858,16.653872,19.224919,CP
556,3.0929674,0.9315704,247.5119826,1.3536173,192.9278761,950.5358374,4884.29,4.59034,0.750598,4.6278,348.337203,57.169626,KP
557,6.7650278,1.444,220.0,1.27931,32.4433,664.0,4884.29,4.59034,0.75,4.6278,348.337203,57.169626,KP
558,3.4231002,2.4377583,8643.1016455,35.4084057,3086.1129325,1900.9587948,5620.9,3.6,2.6126101,11.8999,73.641474,-57.513453,FP
559,2.5272822,1.265861,1847.4872236,2.2007181,45.3608214,661.896336,3624.0,4.74607,0.49012,11.4752,10.089143,61.213387,CP
560,20.7724316,5.508,1415.0,3.91576,209.722,1060.0,5625.56,4.46798,0.97,8.5725,30.905006,21.281327,CP
561,52.5637056,6.5,1193.0,3.28372,14.3711,542.0,5625.56,4.46798,0.97,8.5725,30.905006,21.281327,CP
562,6.3634106,2.692302,2368.6952027,4.4784698,110.0200699,826.0146095,5103.0,4.50257,0.859483,10.5508,14.114261,48.637517,PC
563,5.254492,2.958,420.0,2.16083,317.956,1176.0,5958.0,4.48217,0.99,8.297,15.598144,37.185439,PC
564,5.222621,4.693629,15867.9920175,3.7216015,2.7908584,329.6508495,3453.0,4.95337,0.275946,14.1431,349.289072,70.190576,FP
565,8.4953513,0.9060555,718.4869448,5.2961699,2555.3062468,1813.345207,10012.0,4.29876,1.88016,8.77994,357.001275,49.790533,PC
566,1.2175089,2.7312989,6587.4759336,12.1383898,5879.5644468,2233.3461399,6596.04,4.2467,1.46216,10.2242,0.362099,39.383795,KP
567,2.7324809,2.2139341,9548.2806012,18.2785375,2531.1335542,1809.0414376,6695.0,4.17494,1.61271,10.6496,9.458744,51.288778,KP
568,10.1802014,4.613,11500.0,12.3422,261.013,1119.0,5623.0,4.4,1.04,10.2042,126.433743,-13.559548,CP
569,16.6828999,1.804,2054.0,17.1854,15.2595,550.0,6423.0,3.74,2.63,10.364,288.818098,57.760569,FP
570,4.86709,3.103,4210.0,7.42915,435.152,1272.0,5814.3,4.34,1.15,11.7835,338.320803,-38.159828,CP
571,3.354053,1.8984151,6389.1712796,10.5098,11694.6627862,2652.2635415,8181.0,4.33,1.23369,8.7514,332.613639,63.55055,FP
572,4.3725833,1.562,1494.0,14.8833,492.418,1312.0,8332.0,3.54,4.02,10.3209,336.705071,52.227842,FP
573,5.7121916,4.643,7530.0,15.3652,913.6,1531.0,6720.0,4.09,1.79,10.0687,345.994881,52.562695,PC
574,5.0037857,4.154,1950.0,6.77338,2812.53,2028.0,6109.0,4.42,1.09,10.4935,338.435039,52.636337,FP
575,1.16237,1.33,1196.63,8.9478,1285.31,1668.0,5843.7,3.82,2.35,10.2108,343.156204,48.55001,FP
576,2.9551881,1.361,230.0,5.60201,158.866,989.0,5054.0,4.33,6.17,8.8052,285.937105,59.164074,FA
577,0.26665,0.98,303.895,1.21358,3174.99,2091.0,4154.0,4.53,0.63,9.9592,281.197877,62.685644,FP
578,23.28798,3.462,120.0,14.6492,11.0443,507.0,5047.0,4.33,8.95,5.28906,255.565408,64.600893,FA
579,0.4721054,1.6995515,45.2185132,1.3988866,47943.4214221,3774.0009529,7269.0,4.08,1.93752,8.07023,261.921033,57.510557,FA
580,6.98301,3.472,270.0,13.6402,148.818,973.0,5118.0,4.33,8.4,8.2285,261.199848,61.423521,FA
581,3.3399432,4.2534704,9074.0787832,10.5098,522.4427099,1219.3519117,5095.6,4.33,1.23369,10.8727,76.635176,-80.768009,PC
582,3.9943,4.876,550.0,11.9767,746.666,1456.0,4939.0,4.33,5.11,8.39511,13.017676,36.393013,APC
583,4.4902667,2.758,2513.0,5.56985,322.83,1180.0,5899.0,4.29,1.23,10.3996,14.652947,34.148042,PC
584,0.86673,1.089,662.925,3.54647,1519.96,1739.0,5904.0,4.31,1.25,9.76119,1.887805,32.43753,FP
585,5.14124,5.405,3710.0,18.0411,1594.76,1760.0,6064.0,3.57,2.9,9.7116,17.47474,25.681649,CP
586,5.0267996,2.754044,6358.0060702,12.9814741,853.1354811,1378.3967823,6434.0,4.21,1.4782799,10.3002,18.995312,21.616906,CP
587,2.6277641,2.997,490.0,10.5098,1344.6,1687.0,3294.0,4.33,1.23369,8.706101,334.981312,53.662497,FP
588,10.82661,6.877,5890.0,11.5303,760.667,1463.0,5113.0,4.71,0.68,10.0478,327.275942,53.293768,FP
589,0.8158,2.353,390.0,3.69088,41590.9,3978.0,8911.0,4.26,1.85,9.95717,343.233217,59.850951,FP
590,1.4014167,3.661,2730.0,11.8932,81940.9,4713.0,8014.0,4.32,1.6,9.6788,321.97348,54.519818,FP
591,4.95898,1.831,230.232,10.5098,12.992,528.0,3295.0,4.33,1.23369,7.8165,336.872671,59.43379,FP
592,5.8574075,5.8548029,6489.7302346,13.8892762,750.9220273,1335.1143401,5982.9,4.03,1.67987,10.9031,112.965421,-73.606036,CP
593,1.4147363,2.429,990.0,10.5098,1283.11,1667.0,4980.0,4.33,1.23369,10.1871,341.964758,60.173635,FP
594,1.077774,2.682,2680.0,10.1773,61535.5,4387.0,7274.0,4.25,1.58,10.4089,332.712572,59.650554,FP
595,2.7536237,2.39,1460.0,11.1685,529.9,2565.0,5647.0,3.68,2.41,10.4824,328.215897,60.569156,FP
596,1.6534102,3.102,600.0,6.07704,58331.7,4329.0,6928.0,4.29,1.46,10.2347,339.120372,52.115714,FP
597,1.2456423,1.354,691.0,3.80598,1370.47,1695.0,6194.0,4.16,1.5,9.98645,331.569908,52.701917,FP
598,3.4272549,5.9083927,569.4677099,7.7503736,2690.6140029,1836.8876704,6338.0,3.9,2.0707099,9.27116,326.091506,58.551567,FP
599,10.9115675,2.452,1757.0,14.2226,278.682,1138.0,9195.0,3.75,3.37,9.8115,338.796529,55.031026,FP
600,0.46741,1.25,1592.12,7.77804,137211.0,5361.0,7960.5,4.23,1.77,8.41718,333.669705,53.239557,FP
601,2.1575124,2.236,550.0,11.8527,4213.12,2244.0,8326.0,3.58,3.87,10.471,339.14435,58.276061,FP
602,0.78877,1.577,1350.0,19.4628,93169.2,4867.0,7856.0,3.78,2.91,9.42218,356.588834,60.487025,FP
603,1.59782,1.49,1713.69,3.59995,955.676,1548.0,5037.6,4.72,0.79,11.0264,83.349121,-58.745093,FP
604,1.23852,3.138,440.0,7.11712,9304.06,2736.0,6524.0,3.5,3.4,10.1975,348.574188,65.957972,FP
605,1.1025238,2.321,2919.0,15.8737,132458.0,5314.0,9218.0,4.21,2.0,10.381,340.352259,69.074447,FP
606,1.597226,5.3721722,3834.1260621,10.5098,1397.0143195,1559.2651198,5801.0,4.33,1.23369,10.262,345.488066,64.067337,FP
607,1.76589,3.807,730.0,4.06597,6579.97,2509.0,6221.0,4.13,1.55,10.2866,350.373796,60.175637,FP
608,1.36991,4.156,1170.0,11.8886,18625.3,3254.0,7339.8,3.56,3.64,7.5586,351.648417,64.304699,FP
609,3.66328,2.255,1080.0,7.71234,548.091,1347.0,6370.0,3.81,2.32,10.4433,357.368097,61.682819,FP
610,2.0560142,2.8,8460.0,17.0319,1979.69,1858.0,6485.0,4.37,1.24,10.377,340.08462,69.503731,CP
611,2.25505,3.034,658.0,10.5098,365.719,1185.0,5801.0,4.33,1.23369,9.599,340.036593,65.439728,FP
612,1.902606,2.3653693,8984.9897271,19.576504,17123.005499,2917.5260913,9918.0,4.32,1.82241,8.75127,352.267521,67.034806,CP
613,1.0960111,3.167,2150.0,9.05714,14474.6,1185.0,6083.0,4.33,1.58,10.1914,355.416664,62.921485,FP
614,7.00776,2.68,3666.99,8.1288,302.511,1161.0,6347.0,4.23,1.22,11.3569,332.357482,-62.334453,FP
615,6.1461734,5.386,1034.0,6.96236,8177.52,2649.0,6153.0,4.15,1.5,9.68805,350.232731,62.161179,PC
616,4.18129,4.677,5060.0,16.9878,1481.18,1728.0,6146.0,3.78,2.31,9.78876,356.770579,69.049522,FP
617,2.9798592,2.737,580.0,4.92227,8878.81,2704.0,9024.0,4.24,1.89,9.39575,314.269036,78.674917,FP
618,6.72694,2.649,1070.0,5.19273,264.81,1123.0,6745.0,4.23,1.53,10.3197,311.236535,69.151807,FP
619,10.9554897,6.772,370.0,22.7316,20081.6,3316.0,8522.0,4.33,6.79,9.1325,319.144978,58.772809,FP
620,0.61724,1.228,470.0,6.8685,26097.4,3540.0,9603.0,3.83,3.14,10.3202,308.065776,58.328901,FP
621,1.5309799,1.37,654.0,6.01061,1124.09,1613.0,6298.0,3.77,2.38,9.693811,318.347586,56.943732,FP
622,5.0625891,3.69,2884.0,15.2343,1582.94,1757.0,7664.0,3.81,2.76,9.6968,5.965461,51.468293,PC
623,9.9385027,3.991,7940.0,10.5098,365.719,1185.0,5801.0,4.33,1.23369,9.716,13.222022,60.891685,APC
624,0.8229,2.068,2660.0,10.5098,59083.0,4343.0,8078.0,3.8,1.23369,10.4049,11.042775,59.464498,FP
625,7.6316384,2.054,4580.0,12.4425,212.617,1185.0,6338.3,4.16,1.49,11.7349,68.073785,-66.916299,APC
626,0.50261,1.127,1120.0,6.28067,15525.5,1185.0,6941.0,4.33,1.67,9.9475,12.881425,55.710926,FP
627,0.5175204,1.0433667,1347.965557,10.5098,6277.4912154,2270.2112839,5095.6,4.33,1.23369,8.3593,13.597343,54.528009,APC
628,8.9054092,2.577,6600.0,12.0619,145.71,967.0,6659.0,4.29,1.41,10.1786,4.736238,57.200629,PC
629,3.6458044,1.805,1010.0,2.93655,119.869,921.0,5053.0,4.48,0.88,10.1128,355.246721,57.485242,PC
630,8.0629701,1.0940991,2318.6467356,7.1088783,81.6603608,766.6948979,5053.0,4.48,0.879456,10.1128,355.246721,57.485242,PC
631,1.41853,2.728,560.0,3.93221,6293.46,2481.0,6329.0,4.08,1.68,9.867621,6.074676,57.881718,FP
632,6.5344463,2.774,3240.0,15.3823,982.822,1559.0,7715.3,3.96,2.67,10.4397,10.962717,61.835626,FP
633,2.013653,2.1214907,822.8974252,9.0269074,38859.7127334,3580.9202252,10310.0,4.01,2.67713,10.3654,11.3024,56.070058,FP
634,6.4902646,2.545,1080.0,3.24146,159.69,990.0,5999.0,4.52,0.96,10.473,348.58145,44.508759,PC
635,6.54692,4.589,2400.0,5.62882,483.652,1306.0,6034.0,4.39,1.12,9.8931,356.995693,47.655601,PC
636,2.590266,4.378,700.0,9.54526,13184.6,2985.0,5855.0,3.45,3.22,10.4116,346.518266,52.787014,FP
637,6.74657,1.803,2970.0,16.2785,80.0277,833.0,5910.7,3.59,2.57,10.0704,313.261454,-38.594923,FP
638,5.2273176,3.572,2856.0,10.5098,19.367,584.0,3593.0,4.33,1.23369,10.4234,349.718625,56.008598,FP
639,3.7983639,1.594,3194.0,13.7263,2113.11,1185.0,9500.0,4.33,2.36,9.7436,350.108816,55.52411,FP
640,8.2916,3.361,470.0,6.71582,109.067,900.0,5119.0,4.33,3.1,8.40348,348.874923,46.576022,FA
641,5.13664,4.45,930.0,7.04152,5106.92,2355.0,9238.0,4.08,2.32,10.06,357.674034,50.354962,FP
642,1.2918411,1.308,1174.0,10.5098,409.541,1253.0,4630.4,4.33,1.23369,10.4143,346.347361,46.903117,PC
643,1.5166573,1.607,1590.0,7.73846,2422.33,1954.0,6905.3,4.03,2.0,9.83204,6.030617,40.165571,FP
644,1.13345,1.894,490.0,3.03424,3611.25,2159.0,6223.0,4.23,1.4,9.87731,1.196825,41.59388,PC
645,0.71933,1.474,478.823,3.45648,3964.33,2210.0,5758.0,4.21,1.44,10.3973,355.451893,37.186566,FP
646,12.6017,4.835,800.0,3.34292,135.068,949.0,5861.6,4.3,1.21,8.7282,4.358519,42.282204,FA
647,2.5798051,3.413,5740.0,25.2815,7814.19,2619.0,6116.5,4.18,1.49,10.3959,8.304382,46.340305,FP
648,5.4499753,4.319,973.0,5.28759,839.203,1499.0,6220.5,3.99,1.79,9.0284,321.11498,-37.850181,PC
649,1.62315,1.438,2470.0,20.948,1004.5,1568.0,6628.0,3.43,4.06,10.2936,21.736201,49.388653,FP
650,1.67546,1.202,1250.0,6.44889,855.787,1506.0,6745.5,4.09,1.78,9.967,19.700387,41.506112,PC
651,7.57193,2.656,420.0,10.2119,795.635,1479.0,9146.0,3.45,4.72,8.19,22.972973,46.399826,FP
652,5.9382147,2.293,6510.0,18.7642,622.074,1391.0,6775.5,3.97,2.09,10.3478,24.690503,42.677739,APC
653,9.4341589,2.8505348,4001.924935,6.3734064,96.5333103,799.4458445,5450.4,4.48,0.938168,11.0579,289.226288,49.548281,KP
654,2.09989,0.908,27336.4,10.1564,422.491,1263.0,6025.3,4.46,1.04,10.1688,257.876742,72.135555,FP
655,1.44127,2.605,2750.0,9.20279,22433.7,3409.0,8009.0,4.29,1.65,9.79455,324.714399,65.039172,FP
656,1.08697,1.967,860.0,4.98445,2889.01,2042.0,5751.0,4.0,1.69,10.4925,8.163572,54.654594,FP
657,0.68601,1.614,910.0,10.5098,365.719,1185.0,5801.0,4.33,1.23369,10.485,48.352264,49.783757,FP
658,3.4648951,1.046,1339.0,9.72728,374.648,1225.0,8455.3,3.95,2.54,10.3978,20.717398,48.955364,PC
659,14.152,3.599,3800.0,10.6751,288.531,1148.0,5823.9,4.6,1.28,10.294,41.467598,-64.320687,FP
660,0.2580006,0.5351356,812.7310325,6.2776081,238125.9359212,5634.0594403,9035.0,4.16,2.08687,10.1942,29.032856,52.585482,PC
661,2.27456,3.32,1020.0,13.266,21521.5,3374.0,6777.0,3.55,3.35,10.2948,38.821696,55.703217,FP
662,0.98999,2.05,420.0,3.95137,7729.29,2612.0,6208.0,3.99,1.84,9.10226,38.123017,52.704091,FP
663,1098.2258586,6.121,4496.0,5.13949,0.0125876,93.0,4582.0,4.55,0.74,9.4397,38.810203,48.273763,PC
664,0.5596701,2.3489886,4048.7540046,23.3403843,59920.890318,3990.3805409,8368.0,4.33,2.2978599,10.2845,33.505238,53.121508,APC
665,1099.2560385,5.661,2970.0,23.8658,365.719,1185.0,8494.0,4.33,2.18,9.2085,44.720241,58.735245,PC
666,3.01106,3.073,1617.22,7.20703,1281.74,1666.0,6516.0,4.33,1.63,10.5907,15.606503,60.715521,FP
667,4.0802864,4.149,54500.0,21.0557,365.719,1185.0,4503.5,4.42,0.86,10.374,50.345888,52.692112,FP
668,1.35932,2.831,2840.0,10.3751,15609.5,3113.0,5421.0,4.46,0.94,9.74734,8.989872,65.026035,FP
669,1.71614,2.038,681.449,14.1349,958.34,1550.0,5511.5,3.28,4.92,10.424,43.61065,52.07103,APC
670,2.0845434,2.017038,12504.825019,13.4432705,1085.4942586,1463.9513087,5638.0,4.35,1.10646,12.0166,73.70144,-76.680606,CP
671,1.74626,3.88,1110.0,5.62786,17804.9,3218.0,8348.0,4.24,1.8,9.4883,53.196298,51.884502,FP
672,1.2427,1.563,663.745,6.05271,1263.34,1660.0,5624.8,3.92,2.14,10.2353,53.098973,50.49904,FP
673,8.66698,6.104,9854.3,27.4804,2647.36,1998.0,6322.2,3.77,2.52,10.4562,31.902189,45.500156,FP
674,21.2169065,3.057,6009.0,12.9873,17.4359,569.0,5925.0,4.1,1.55,7.6353,42.436612,71.753088,KP
675,4.0802864,9.597,7440.0,11.3282,365.719,1185.0,5791.0,4.29,1.21,10.2978,14.640115,50.936428,FP
676,2.4611008,3.13,1795.0,12.3334,8632.97,2685.0,5429.5,4.01,1.63,10.3775,51.988839,54.865617,FP
677,0.783879,1.4870966,274.5156373,9.6813253,6087.0682501,2252.7956163,4975.0,4.33,5.3874698,9.7828,23.466893,45.010329,FP
678,0.99837,1.632,2730.0,5.29489,2465.96,1963.0,6082.0,4.39,1.13,9.60027,19.278636,57.514232,FP
679,1.97741,6.549,5470.0,17.5768,46143.6,4083.0,6742.0,3.95,2.11,10.1042,34.376965,56.42149,FP
680,9.07768,2.78,19171.9,10.5098,1012.12,1571.0,8393.7,4.01,1.23369,9.7745,27.738026,48.352316,FP
681,2.51266,2.411,2790.01,13.3617,793.471,1478.0,5988.0,4.08,2.3,11.2314,333.578718,-55.378981,FP
682,4.7947729,4.774,6810.0,18.5565,1006.54,1569.0,6333.0,3.86,2.18,9.17925,28.282572,52.053921,KP
683,4.0802864,4.23,8410.0,18.6201,365.719,1185.0,5865.0,4.49,0.97,9.76978,28.16355,55.185971,PC
684,1.89253,3.451,14119.9,26.7733,28527.4,3620.0,6904.3,4.05,2.05,10.0188,34.69789,64.356382,FP
685,3.77188,2.923,450.0,10.0329,5181.65,2363.0,10097.0,3.52,4.62,9.5425,4.249336,58.679253,FP
686,0.88654,1.679,870.0,24.9348,64431.5,4438.0,6919.0,3.36,4.27,9.27904,6.519425,63.319412,FP
687,1.83641,2.222,470.0,10.6176,9124.8,2722.0,9542.0,4.33,5.03,8.9676,6.308908,62.543115,FP
688,1.80794,2.17,540.0,20.9267,550.041,1349.0,4628.0,4.33,8.61,10.4396,11.234154,58.712058,PC
689,12.5343031,4.572,1517.0,8.71775,463.57,1292.0,7275.0,3.91,2.51,10.2543,48.423422,61.907831,FP
690,3.581083,3.454,760.0,17.1017,6158.1,2467.0,9503.0,4.33,5.96,8.951,39.891102,62.433306,PC
691,4.0802864,4.026,12650.0,21.6371,365.719,1185.0,7455.0,4.17,1.78,9.87542,14.119486,65.679038,FP
692,3.7628372,3.956,11360.0,17.3305867,1797.8272074,1660.7594667,6979.2,4.22,1.58746,10.5132,51.782268,-78.549831,PC
693,3.10315,3.535,1760.07,10.5098,50910.7,4184.0,9050.3,3.96,1.23369,10.2146,26.299423,54.56844,FP
694,4.0802864,8.06,3010.0,10.4319,365.719,1185.0,7519.0,4.22,1.7,9.64805,48.753158,60.238195,FP
695,5.6318074,3.4553092,1186.1481873,4.8217692,474.4919122,1190.3562406,5669.9,4.16,1.38826,9.76636,45.08847,39.068266,FP
696,2.06313,2.157,600.0,11.9118,1866.39,1831.0,6716.5,3.24,4.77,9.1222,45.598372,43.183802,FP
697,1.51233,2.59,640.0,11.1245,18303.0,3240.0,9447.0,3.54,4.35,9.7479,56.143332,41.064351,FP
698,1.74903,1.851,3390.0,9.17868,2080.28,1881.0,6222.3,4.15,1.53,10.4511,50.808098,46.682113,FP
699,1.9734615,3.69,1295.0,16.6678,17275.6,3193.0,7962.9,3.6,3.62,10.0888,56.222542,45.507188,FP
700,0.73772,1.057,980.0,4.68288,1958.84,1853.0,6001.0,4.14,1.49,10.1342,44.401798,40.016703,FP
701,1.1020719,0.864,580.0,4.33066,958.145,1549.0,6011.0,4.04,1.73,8.6344,28.660315,37.005042,PC
702,1.2198382,2.8341804,12160.1096043,18.2179311,9392.0471009,2510.7866744,7398.5,4.25,1.60242,7.87611,36.712738,37.550444,KP
703,4.608,3.383,3213.22,7.99698,724.001,1445.0,5935.0,4.29,1.28,11.2901,337.500827,-31.924356,FP
704,0.36113,1.87,970.0,6.69136,2677.39,2003.0,6056.9,3.99,1.95,9.66027,34.555963,38.478824,FP
705,5.33155,6.191,4220.0,14.6101,1071.42,1593.0,5917.0,3.78,2.22,10.1035,38.361569,41.013432,CP
706,6.15952,3.834,1230.0,3.90515,487.519,1309.0,6175.9,4.44,1.09,10.4375,37.13241,40.891254,FA
707,4.7321727,2.794,7220.0,15.0238,740.466,1453.0,6739.0,4.21,1.56,10.1868,38.308075,30.360453,KP
708,3.46608,4.403,1620.0,20.8363,23536.1,3450.0,7249.8,3.69,3.02,9.08054,34.195855,29.570473,FP
709,8.7094632,3.027,4510.0,20.9625,327.472,1185.0,5597.0,4.03,1.59,9.62924,54.48089,33.079897,CP
710,4.7126743,1.061,1941.0,6.97602,38.0033,691.0,5626.5,4.33,1.55,9.08995,56.660282,27.471523,APC
711,1.0357235,1.366,480.0,15.828,1358.51,1691.0,4963.0,4.33,7.83,8.4107,56.814344,30.149498,FP
712,2.4727289,2.4406623,3007.0687155,13.9005086,4007.660673,2029.2823839,6057.7,3.84,2.12802,7.42812,50.80115,33.078133,APC
713,13.3118,4.492,750.0,2.67981,109.875,901.0,6011.0,4.5,0.98,10.2572,288.675423,60.670948,FA
714,2.7684331,4.223,3234.0971112,4.61938,1330.16,1185.0,5388.0,4.33,0.98,11.4964,46.686553,-82.316371,PC
715,2.5287999,1.345,361.0,2.3893,471.32,1298.0,5740.2,4.3,1.19,10.3727,263.543417,61.121472,PC
716,16.2017359,2.811,910.0,2.42374,26.6327,632.0,5071.0,4.58,0.78,7.5825,325.201645,84.333761,CP
717,2.8641388,2.417,9597.0,15.5276,591.067,1373.0,6082.0,4.13,1.53,10.0521,277.478075,85.233321,KP
718,5.2469991,3.45,1180.0,5.46087,604.151,1381.0,6651.0,4.27,1.44,10.4641,356.318574,62.142699,FP
719,0.74374,1.571,610.0,9.88119,2623.74,1993.0,5182.0,4.33,4.04,10.2351,349.796329,75.017864,FP
720,3.94018,1.991,15860.0,24.0533,942.43,1543.0,7170.0,4.31,1.52,9.68708,351.174718,77.627113,FP
721,1.3432989,0.684,1004.0,5.14071,898.75,1525.0,6713.0,4.27,1.45,10.4505,323.87017,68.987307,PC
722,1.4013505,1.562,1532.0,3.7143,1975.13,1857.0,5521.0,4.48,0.94,10.2505,325.32505,68.807202,FP
723,2.1679,1.39,560.0,5.32848,10508.5,2820.0,10596.0,4.27,2.0,9.9272,340.909648,69.091928,FP
724,2.386701,2.911,570.0,11.5,1567.81,1753.0,5017.0,4.33,4.73,10.0552,342.443925,68.251071,FP
725,7.764691,3.185,24530.0,15.6068,86.3134,849.0,5404.7,4.4,0.99,11.6834,317.639908,-23.305817,APC
726,1.59818,2.011,320.0,2.61407,2311.12,1931.0,6594.0,4.23,1.49,9.53523,358.213636,61.36026,PC
727,6.453624,3.582,200.0,1.35756,680.81,1423.0,7257.0,4.64,1.02,9.97595,309.348824,70.954088,PC
728,1.7126115,3.128,340.0,2.01928,4528.0,2285.0,5932.2,4.48,1.0,9.39435,318.049804,68.05247,FP
729,0.7522775,1.073,1301.0,6.75509,13651.7,1185.0,7325.2,4.33,1.77,9.5287,5.420651,77.880071,FP
730,5.80783,4.91,560.0,3.06399,1025.36,1576.0,6406.0,4.34,1.27,10.2763,3.021798,66.650523,FP
731,1.49446,2.114,890.0,4.21366,3024.1,2065.0,6587.0,4.27,1.43,10.2918,359.741171,61.554089,FP
732,3.3326189,3.5620066,8310.5066162,15.6399082,1512.9973764,1590.6670806,5768.2,4.0,1.6948299,12.0545,279.262473,40.018691,KP
733,5.0172146,3.7363301,14236.9594003,13.5478019,404.711186,1143.9473896,5930.0,4.4,1.10013,11.2311,274.701253,45.172219,KP
734,2.1436364,3.1539349,9203.7552743,18.0537588,3410.2601185,1949.0214829,6148.0,4.01,1.77061,11.1541,291.162386,55.473027,KP
735,4.5421594,4.294,9760.0,17.3816,821.405,1491.0,5939.3,4.0,1.73,11.191,224.872859,46.9601,KP
736,4.2311173,4.3531635,7261.2759361,14.6260711,1489.1126253,1584.3518526,6671.0,4.14,1.6640199,10.8719,79.768253,-71.895527,CP
737,12.0557544,1.958,816.0,2.41188,17.7993,572.0,5504.0,4.58,0.83,8.9943,352.016676,75.552607,PC
738,15.2521892,1.3463514,871.2527446,2.8346585,129.6204972,860.5738999,5473.0,4.46488,0.949022,10.4289,50.916451,25.047935,APC
739,8.2491871,4.9807847,117724.0282614,8.0476984,1.1552603,264.4172054,2990.0,5.13581,0.165066,14.9885,42.155188,62.18926,FP
740,12.1582804,2.1406837,3430.7762638,1.9160277,2.6741524,326.1491782,3429.0,4.90092,0.3232,12.5441,266.767331,57.226662,FA
741,0.98933,1.0357615,1519.669587,1.8303854,122.2150262,848.0098579,3455.0,4.76798,0.465258,11.0136,56.39061,37.11228,CP
742,34.9272724,2.7024518,108977.5862829,14.0292151,0.8171148,242.4881464,3496.0,4.9,0.389199,13.4447,246.624072,66.144224,FP
743,1.7729239,1.8255671,26694.3797428,14.9468862,317.7796355,1076.8402129,4769.0,4.64845,0.687841,11.9056,44.292951,33.312657,FP
744,4.076684,4.4132181,10459.727229,17.5223182,1443.0883389,1571.9653862,6531.44,4.13711,1.64302,10.6479,37.893241,34.368925,APC
745,0.9150623,0.6662728,4304.9322224,5.386904,357.9484179,1109.3660254,3810.0,4.56875,0.701237,12.1312,15.321545,55.69801,PC
746,0.901465,2.5562155,3156.5658264,3.4348127,325.5470241,1083.3609617,3896.0,4.64192,0.611023,12.974,35.807322,56.570014,FP
747,7.31898,3.771,3809.3,8.79673,468.718,1296.0,5926.0,4.27,1.3,11.407,320.054292,-51.309972,FP
748,1.9495403,0.8060618,2089.2444115,1.3929217,23.3722044,560.7827791,3414.0,4.97292,0.260187,11.0548,44.338874,76.551405,CP
749,1.8646725,1.028,570.0,12.8352,3903.88,2202.0,9898.0,3.77846,3.4,9.616,40.245588,42.871248,PC
750,37.4590076,2.863,5850.0,20.3559,15.6505,554.0,5730.0,4.09817,1.5,11.1169,288.049519,63.657061,APC
751,20.0795217,1.2186554,1065.5355707,2.7170462,15.8594327,508.9693869,4763.0,4.54306,0.777584,8.6628,272.264241,53.217729,PC
752,1.8497201,1.757,5750.0,11.2477,2139.72,1185.0,6019.0,4.438,1.24,9.8203,39.006522,25.588461,FP
753,2.1721416,2.7480823,17864.5520776,18.0850347,1872.5289135,1677.7485906,6198.0,4.27912,1.30937,9.25319,32.294112,40.401942,FP
754,3.623909,2.6568012,26979.8210456,6.9347137,4.6168393,373.8573643,3514.0,4.81377,0.414101,13.0367,312.32708,70.796604,FA
755,6.9744232,2.124,9189.0,37.9891,245.906,1103.0,5821.7,3.97,1.86,10.249,207.874218,84.071615,FP
756,7.3315597,1.23,858.0,2.6278,15.1551,549.0,4871.6,4.48,0.84,9.5831,45.401179,69.229924,PC
757,3.4557842,2.368,6115.0,20.5846,5261.78,2372.0,8170.0,4.24,1.78,9.17041,85.66321,35.185708,APC
758,7.7576444,3.483,7448.0,13.3028,445.472,1279.0,6038.0,3.96,1.45,9.6686,88.886226,-57.290745,FP
759,9.1505,2.986,1370.0,11.1497,272.763,1132.0,7719.0,3.74,3.02,10.0106,76.851285,36.275085,FP
760,3.7649921,2.663,14842.0,17.7429,588.305,1372.0,6724.0,4.29,1.42,9.88278,94.792955,73.827567,KP
761,0.6664948,1.38,260.0,3.217,2681.48,2004.0,5329.0,3.8,1.99,8.68013,188.3547,84.678957,PC
762,10.9568574,3.574,4327.0,10.5098,867.782,1512.0,7106.5,4.33,1.23369,9.353,72.031822,39.966936,PC
763,1.8347927,2.423,235.0,10.5098,365.719,1185.0,5286.9,4.33,1.23369,10.1556,287.666559,66.768082,PC
764,3.2786557,2.73,1024.0,3.63296,447.627,1281.0,5411.0,4.29,1.15,10.3309,61.172234,52.256992,PC
765,1112.7562924,9.386,6669.0,20.062,617.103,1388.0,6324.0,4.34,1.26,8.54941,63.230018,53.68705,APC
766,5.6309047,3.877,1683.0,7.00844,2320.13,1933.0,5304.0,4.6,0.79,9.5668,66.370139,46.365902,FP
767,0.6803433,2.0674164,565.5754223,8.1888041,71174.0244493,4165.8164478,7325.5,3.71,2.97877,10.2674,65.876229,35.495109,FP
768,5.8775548,2.9027641,412.2881337,2.1822904,267.1706249,1031.1383185,5977.0,4.47,1.00568,9.56906,277.925194,82.305949,PC
769,3.3985674,2.197,171.0,1.18609,456.908,1288.0,5977.0,4.47,1.01,9.56906,277.925194,82.305949,PC
770,5.0611315,1.5562414,5276.0349302,9.1484302,239.1418795,1002.9601068,5254.0,4.45,1.00217,10.7258,323.196086,-44.018036,PC
771,1.3561596,2.504,482.0,4.12493,11881.9,2908.0,6375.0,4.0,1.86,9.00007,85.581285,49.513452,FP
772,2.0492064,3.417,1030.0,10.5098,365.719,1185.0,5801.0,4.33,1.23369,10.1283,88.475966,30.446042,FP
773,2.6093167,1.175,1984.0,11.4272,526.719,1185.0,7235.0,4.33,1.78,9.7053,93.318904,63.685008,FP
774,2.37532,2.957,1940.0,13.5855,24634.5,3490.0,7895.7,4.06,2.11,9.84095,89.934847,33.506969,FP
775,11.8351058,2.209,334.0,2.63869,146.619,969.0,6225.0,5.06078,1.34,9.17708,276.937885,55.755753,PC
776,1.76406,3.086,870.0,12.3762,40901.7,3961.0,6481.7,4.33,2.03,6.4018,88.369051,37.339411,FP
777,1.69433,2.169,650.0,5.20733,3651.29,2165.0,7185.0,4.04,2.0,10.3693,89.420179,36.765805,FP
778,3.32125,4.304,5760.0,25.5824,12389.8,1185.0,7174.0,4.33,1.76,9.7229,81.807832,38.597453,FP
779,2.363311,3.294,1121.0,2.74038,1379.02,1697.0,5420.0,4.38,1.04,10.0233,348.607533,76.93432,FP
780,2.680061,1.81,479.0,2.34221,335.45,1192.0,5550.0,4.37,1.07,9.52906,45.956474,83.587427,PC
781,4.4531846,1.687,5910.0,10.5098,184.842,1027.0,5766.0,4.33,1.23369,11.6349,90.662482,-64.819484,PC
782,40.750138,5.245,6279.0,11.1017,32.4373,664.0,6453.0,5.20004,1.31,9.4682,259.017252,72.161181,CP
783,10.9836877,2.645,323.0,2.18012,103.975,889.0,6453.0,5.20004,1.31,9.4682,259.017252,72.161181,CP
784,123.0586028,9.7316587,485.2393663,2.9538423,9.1430897,443.4993569,6453.0,5.20004,1.31225,9.4682,259.017252,72.161181,PC
785,8.13664,2.084,840.0,11.75,29.5076,649.0,4913.0,4.33,3.96,8.71289,130.969393,86.228398,FA
786,3.8954139,2.832,911.0,5.15915,566.299,1359.0,6064.0,3.94,1.89,10.045,91.872047,66.857699,FP
787,1.08625,2.534,1110.0,4.65122,4081.88,2226.0,5562.6,4.33,1.4,10.2851,64.648489,52.865034,FP
788,7.45494,3.465,2280.0,15.1922,479.468,1303.0,5029.7,4.33,2.45,9.46925,61.721603,58.465452,FP
789,3.133084,1.237,1192.0,10.3743,2269.81,1922.0,7478.0,4.05,2.06,9.9944,47.806635,61.762385,PC
790,3.1915241,2.712,8734.0,16.3994,1033.99,1579.0,6673.0,4.13,1.69,9.441,65.469581,57.817209,KP
791,0.6435807,0.6659322,876.6807794,4.8452813,10949.2435224,2608.950134,5919.7,4.12,1.49305,10.1089,58.486586,58.9683,PC
792,13.7058173,2.691,5890.0,19.6282,1451.63,1185.0,8001.0,4.33,2.05,10.3614,73.034809,30.280386,FP
793,0.6565741,1.908,423.0,5.01154,4719.59,2309.0,5235.5,4.33,2.68,9.9021,70.54858,54.292058,FP
794,2.31446,1.347,1190.0,3.40668,176.692,1015.0,4801.5,4.33,0.73,11.5147,311.64359,-37.904399,PC
795,4.8026561,1.1658648,4358.1157678,1.4202459,4.4510969,370.455897,3231.0,5.04064,0.213459,13.3081,292.313979,65.973802,CP
796,1.5379289,0.724,1112.0,8.379,1075.86,1595.0,5672.5,4.51,0.93,10.4445,81.671049,56.963615,PC
797,2.7347656,3.215,9192.0,17.7566,1794.42,1813.0,6767.9,4.1,1.77,8.14847,78.295591,33.317953,KP
798,3.0575286,1.24,1185.0,2.4623,61.7175,780.0,4402.0,4.59,0.7,9.794,65.97965,27.82237,PC
799,1.1549928,0.939,809.0,9.37111,763.37,1464.0,4815.0,4.33,2.99,7.3543,65.346085,62.245206,PC
800,0.6691449,0.9921631,1254.3711932,1.9200407,204.6910522,964.704855,3457.0,4.7705,0.462408,11.1117,68.593953,43.03704,CP
801,6.705326,3.7302937,623.6644762,3.7294648,505.3065595,1209.2288039,6141.0,4.17616,1.45858,9.86671,61.731142,66.119599,PC
802,10.2596322,1.8234891,1080.9213165,3.9130735,106.7468895,819.8012135,5734.0,4.4674,0.978325,9.83739,66.834993,73.023689,PC
803,6.7171913,7.5037208,9138.715071,22.875658,1148.7011293,1484.8121463,5843.0,3.7177,2.3529,10.8001,75.797813,41.785784,APC
804,9.1238101,5.1188391,283.324087,2.0471844,148.7455904,890.69861,5470.16,4.30008,1.1485,6.3196,257.78508,56.658901,FA
805,2.2554459,1.6678604,5283.7103901,11.0535293,1472.0095217,1579.7828847,5817.0,4.23,1.29661,11.788,16.778688,-75.198945,CP
806,1.4079369,0.3063531,484643.7441389,10.5098,1652.8943345,1626.2264571,5780.0,4.438,1.23369,16.338,284.415675,53.509024,CP
807,16.7369141,4.613,1113.0,2.92728,58.9993,772.0,5759.0,4.44767,1.0,9.52636,272.404118,86.860343,PC
808,17.7286608,6.4427868,1086.4618139,4.9572307,161.7433903,909.5495957,6554.0,4.24316,1.45796,10.741,279.46436,78.61111,PC
809,32.2079698,7.519958,2409.2943157,7.3178089,72.9642265,793.0,6554.0,4.24316,1.45796,10.741,279.46436,78.61111,PC
810,1.766692,1.4196682,830.5082973,1.5574734,57.0208084,700.8548645,3474.0,4.77152,0.46126,10.6714,90.308345,34.77309,CP
811,3.7701296,2.8512056,4361.1801082,5.4800266,195.2881696,953.4195932,5058.0,4.53907,0.81833,10.7424,97.74871,66.360596,CP
812,3.1342946,1.2158796,1183.6060713,1.7992966,34.5537033,618.3628631,3575.0,4.72334,0.516105,11.0294,21.921735,72.296615,CP
813,2.5005291,0.8809865,12579.3504758,3.1713853,13.8080731,491.6465759,3181.0,4.94798,0.280475,13.9664,65.280648,48.819831,CP
814,10.716524,3.075,1280.0,2.34185,19.7169,587.0,4067.0,4.50609,0.65,11.1744,290.10886,61.085447,PC
815,17.04198,1.578,3520.0,10.5098,236.097,1092.0,7697.2,4.33,1.23369,11.1018,98.502971,41.900782,PC
816,4.5470055,2.382923,813.7370725,3.0070741,341.4514343,1096.3569775,5654.4,4.41,1.03909,10.8756,125.188745,46.203604,PC
817,3.7115129,2.685,12280.0,13.941,399.006,1245.0,5973.0,4.31,1.22,11.9692,54.989595,-83.088518,PC
818,1.12355,1.611,1020.0,3.49799,2963.42,2055.0,5524.0,4.41,1.01,10.8219,126.088625,42.104735,FP
819,1.33418,1.115,2470.0,4.94538,470.116,1297.0,4685.1,4.42,0.88,10.9263,99.898189,42.131339,PC
820,0.40312,0.853,1000.0,2.95177,1215.98,1645.0,4252.9,4.37,0.89,10.9894,111.559352,32.383825,FP
821,1.2016105,0.6498366,2414.8791188,5.3210497,2266.0772453,1759.6991613,5747.6,4.39,1.07532,10.6414,113.874367,49.478068,PC
822,3.929983,2.153,2270.0,6.51515,398.651,1244.0,6621.9,4.33,1.34,10.8508,114.932863,28.120146,FP
823,13.2054538,4.875,644.0,3.74642,193.559,1039.0,6653.0,4.14,1.67,10.3042,132.635012,82.92712,FP
824,4.5156309,2.742,459.0,2.20435,1165.54,1627.0,5617.0,4.47,0.97,10.486,285.205602,60.233671,PC
825,7.4058533,2.638,318.0,1.56285,96.1793,872.0,5617.0,4.47,0.97,10.486,285.205602,60.233671,PC
826,2.02365,2.585,1710.0,5.96472,2411.54,1952.0,6582.0,4.24,1.48,10.3135,101.382168,31.465533,FP
827,11.44192,3.841,5510.0,9.64245,170.262,1006.0,6259.0,4.34,1.24,10.388,116.107291,43.009079,APC
828,7.6288424,3.311,10850.0,18.0261,338.345,1194.0,6157.0,4.1,1.6,10.2061,118.629831,45.807841,PC
829,1.2386034,1.651,13300.0,13.5831,757.302,1461.0,5237.0,4.2427,1.11,11.6626,124.269428,-63.213403,PC
830,1.8135767,0.8382188,7799.8116122,10.2776168,1028.1397977,1444.2181285,5237.0,4.2427,1.10723,11.6626,124.269428,-63.213403,FP
831,24.2833357,6.212,3070.0,6.34442,139.864,958.0,5675.0,4.46,0.98,8.9134,94.283837,76.21102,CP
832,10.2558,5.088,5740.0,7.44683,126.859,934.0,5326.0,4.43,0.97,9.92871,124.446664,51.01037,FP
833,3.566276,4.197,3870.0,20.2251,1949.16,1851.0,6831.4,3.61,3.17,9.9841,127.945702,44.832314,FP
834,0.5572565,0.5671304,1198.7212417,3.2761782,3415.3727761,1949.7515652,5097.6,4.42,0.946,10.618,100.520595,39.842904,PC
835,3.4744763,4.258,12920.0,19.6131,1701.38,1789.0,6642.3,4.14,1.67,10.7131,113.184238,33.835021,KP
836,2.8269356,1.1692366,950.9544382,4.8112209,2458.6277073,1795.9446278,7072.0,4.28,1.50581,9.01249,79.073505,79.737727,FP
837,8.0823313,3.26,555.0,2.77252,160.826,992.0,5878.6,4.28,1.24,8.82897,105.083329,56.824194,PC
838,4.0524036,2.091,8173.0,12.6674,354.083,1208.0,6578.0,4.31,1.36,9.52339,104.628546,67.677336,PC
839,5.5870396,2.745,1907.0,4.24332,134.155,948.0,5378.0,4.46,0.94,8.2558,112.018025,30.321732,PC
840,2.7552586,1.17,338.0,9.65945,799.261,1481.0,6096.4,3.26,4.17,7.7649,135.297462,55.85994,PC
841,9.47686,4.392,2980.0,9.80856,161.969,993.0,5801.8,4.32,1.79,10.7379,316.631879,-26.692865,CP
842,2.6158597,2.517,13363.0,13.1204,428.036,1267.0,5267.0,4.32,1.08,10.4467,117.026769,50.225147,KP
843,4.1250429,4.454,8804.0,15.3479,1112.27,1608.0,6304.0,4.11,1.62,10.1653,110.388028,58.268109,KP
844,9.6052235,3.628,1437.0,3.86469,136.86,952.0,6137.0,4.43,1.09,9.52682,114.345213,61.153925,PC
845,13.7270395,4.007,901.0,2.95921,68.9542,802.0,5777.0,4.38035,1.09,9.09942,116.797198,68.476685,PC
846,0.6850808,1.0565887,2675.7176662,1.9806358,170.8295335,922.0627729,3541.0,4.8452,0.380019,12.507,127.032597,56.427529,FP
847,1.0914167,2.774,17090.0,23.9976,5597.87,2409.0,6154.0,4.02046,1.75,11.0967,97.636645,29.672266,KP
848,7.1079112,3.3750467,503.3014125,2.2428999,145.5712792,885.9081032,5694.11,4.53108,0.902932,6.2683,117.47937,27.363134,CP
849,20.5438153,4.0537919,799.3817133,2.5734283,35.3582059,621.931143,5694.11,4.53108,0.902932,6.2683,117.47937,27.363134,CP
850,1.8308782,1.5764906,464.5713657,2.1988321,990.6913333,1430.8837135,5566.0,4.44006,0.98869,9.75149,93.558549,53.135925,PC
851,3.4913952,1.763,5400.0,4.9395,44.3221,718.0,3907.0,4.62346,0.63,10.7921,120.611679,64.797153,CP
852,0.5732087,0.4582376,432048.7343961,10.5098,365.719,1185.0,5780.0,4.438,1.23369,18.3324,278.399911,58.205529,FP
853,29.7537451,8.0780445,6350.8299407,11.9868976,86.5625631,777.9510591,6409.0,4.20097,1.46863,8.8784,33.458853,-80.582711,PC
854,9.1702265,5.6855842,305.9835677,2.6317754,415.7946307,1151.7002703,6409.0,4.20097,1.46863,8.8784,33.458853,-80.582711,PC
855,6.2262315,2.239,1488.0,2.75524,114.271,910.0,3691.0,4.70931,0.53,10.3595,107.865826,48.327933,PC
856,2.1555232,1.445,742.0,1.47809,132.347,944.0,3691.0,4.70931,0.53,10.3595,107.865826,48.327933,PC
857,12.5739572,2.722,2170.0,2.4359,6.20302,439.0,3691.0,4.70931,0.53,10.3595,107.865826,48.327933,PC
858,3.9228042,3.205,13970.0,15.8493,583.697,1369.0,6193.0,4.2858,1.3,11.7946,110.168516,37.140595,KP
859,4.1192231,2.1841675,1236.5042452,2.2236629,44.2458262,657.7908482,3876.0,4.62394,0.632571,11.3266,111.801451,53.045268,PC
860,5.80322,1.569,1710.0,6.3744,61.8583,781.0,5846.0,4.11,1.5,10.379,118.881765,54.596601,FP
861,28.8745078,4.4849765,584.5089133,2.7122882,28.0202951,586.7970552,5773.0,4.46229,0.988898,10.2713,254.503289,57.305263,PC
862,10.3857972,3.142,310.0,2.28473,120.411,922.0,6439.0,4.35142,1.26,8.3412,313.339157,64.229166,PC
863,7.0731059,3.851,435.0,2.6869,216.17,1068.0,5656.0,4.1408,1.41,8.3302,43.434461,69.101345,CP
864,14.4479443,6.16,200.0,2.79779,268.305,1127.0,6669.0,4.01,1.95,8.57502,248.253233,72.925534,PC
865,3.6985817,1.5474205,3061.8238445,4.3816478,59.7654849,709.1406179,3948.0,4.59404,0.6692,12.4851,54.502163,50.955115,PC
866,8.3032978,1.8911727,560.3698799,1.8472693,53.6867533,690.3773504,4814.0,4.54519,0.780707,9.812,240.172481,83.258659,PC
867,17.6671687,2.525,854.0,1.87042,7.60884,462.0,4813.0,4.38,0.69,8.7513,55.459031,-62.767267,CP
868,29.7975205,2.782,671.0,1.60982,3.2713,374.0,4813.0,4.38,0.69,8.7513,55.459031,-62.767267,CP
869,12.1623316,2.614,317.0,1.15643,27.5458,638.0,4813.0,4.38,0.69,8.7513,55.459031,-62.767267,CP
870,3.9766833,1.859,142.0,0.757588,89.0886,855.0,4813.0,4.38,0.69,8.7513,55.459031,-62.767267,CP
871,7.9076222,2.611,217.0,0.969819,44.8107,720.0,4813.0,4.38,0.69,8.7513,55.459031,-62.767267,CP
872,19.428419,3.5727154,850.4127883,2.4616462,27.1745153,582.3179815,5366.0,4.56253,0.835173,10.4274,351.017992,43.37667,PC
873,10.9406641,2.175,440.0,1.36492,10.665,503.0,4324.0,4.697,0.61,10.5783,247.043455,63.499098,PC
874,21.2690553,5.772,335.0,1.85355,57.2472,766.0,5707.0,4.31886,1.16,8.2865,257.328868,71.876672,PC
875,4.2660553,0.69,1700.0,3.30511,10.8837,506.0,3281.0,4.90415,0.32,12.4251,257.747332,71.872204,PC
876,22.3416818,2.693,483.0,2.71115,47.9146,732.0,6179.0,4.3969,1.14,9.01932,294.291071,60.881302,PC
877,5.984871,2.2695614,2583.7788262,3.4443503,13.8196717,519.0,3759.0,4.80439,0.424468,12.7963,281.13629,54.949899,PC
878,2.5253323,0.989829,1258.5718559,1.4761503,26.1017752,576.4840036,3340.0,4.81708,0.410465,11.9589,281.767709,54.910682,PC
879,3.8776815,1.0297542,1077.9105507,1.365807,14.7343811,499.6923767,3340.0,4.81708,0.410465,11.9589,281.767709,54.910682,PC
880,2.7546587,0.785,357.0,3.39178,264.009,1122.0,4435.0,4.58929,0.7,10.4302,270.80605,60.675192,PC
881,1.8318623,1.4211172,403.1219726,1.5299007,404.9227459,1144.0968579,4837.0,4.51662,0.768226,10.5657,270.73931,60.417638,PC
882,4.4891367,1.8833377,1271.1867023,1.9980298,36.1538988,625.4009463,3959.0,4.68416,0.561356,12.2574,282.737228,64.419466,CP
883,9.0447039,1.7653148,1611.0010188,2.2493746,14.2073509,495.1628187,3959.0,4.68416,0.561356,12.2574,282.737228,64.419466,CP
884,2.3889051,1.032409,569.8511771,1.3399401,83.8378977,771.7556976,3959.0,4.68416,0.561356,12.2574,282.737228,64.419466,KP
885,3.6906795,1.107,1657.0,1.36751,8.77401,479.0,3469.0,4.9401,0.31,9.41242,124.53286,-68.314466,CP
886,7.4507305,0.475,1542.0,3.04528,1.96064,329.0,3469.0,4.9401,0.31,9.41242,124.53286,-68.314466,CP
887,2.2531134,0.909,666.0,1.01428,82.284,839.0,3469.0,4.9401,0.31,9.41242,124.53286,-68.314466,CP
888,11.3373614,2.8611319,1194.0451617,2.619494,33.3520232,612.9150641,4765.0,4.55138,0.768675,11.7077,240.301978,68.9373,PC
889,37.4686384,7.324,440.0,2.46137,77.4465,826.0,6114.0,4.293,1.27,8.80616,243.488853,63.53353,CP
890,0.9351891,0.7694649,1150.2871156,1.8032935,194.1728744,952.065635,3652.0,4.71387,0.526987,12.7463,253.461486,60.70962,PC
891,32.7135406,5.075467,1469.2598788,2.4202837,1.6972705,291.1102616,3652.0,4.71387,0.526987,12.7463,253.461486,60.70962,PC
892,5.3846239,3.2617296,630.6901313,2.6170633,237.9959598,1001.7564461,5700.0,4.48088,0.959022,11.2078,252.469835,61.173577,PC
893,16.2143217,3.8395249,1553.7064339,2.8235075,6.3061639,404.1671972,3849.0,4.65688,0.593295,11.7229,265.59431,57.447771,PC
894,60.1849546,2.618,3420.0,17.6582,10.432,500.0,6499.0,4.35362,1.27,9.90051,273.781707,56.878102,APC
895,2.7830114,1.7406295,916.2640701,1.7104603,55.5823764,696.3924073,3756.0,4.68309,0.562607,12.0948,306.328774,77.636412,PC
896,2.125687,1.4649664,570.6858828,1.6780073,209.8814988,970.7631647,4428.0,4.57977,0.707159,11.2906,255.400714,79.067126,PC
897,5.0097113,0.9457107,560.4159621,1.6316574,66.920057,729.4723335,4428.0,4.57977,0.707159,11.2906,255.400714,79.067126,PC
898,20.7050858,3.388,1832.0,3.40565,13.2586,531.0,5169.0,4.57,0.81,10.0907,354.741581,75.685232,PC
899,18.8500111,3.407,2360.0,3.10635,5.79936,432.0,3960.0,4.62853,0.63,9.92838,326.851662,62.753816,CP
900,16.155373,1.556705,71225.723174,10.424281,1.8460086,297.2885497,3270.0,4.98242,0.271,13.4004,115.003473,-72.205678,FP
901,11.062666,2.0842156,4957.8780942,2.6437021,1.7628857,293.8838939,3212.0,4.98029,0.254522,12.4989,290.173976,73.195993,FP
902,11.5922513,3.4868947,373.1625573,2.4230886,174.3466841,926.7725725,6311.0,4.37813,1.19407,10.5951,281.577645,75.303367,PC
903,24.141229,3.069765,1612.7795426,4.0770689,38.9416122,637.122924,6156.0,4.55262,0.94842,10.5949,17.915004,79.165492,PC
904,3.7979081,0.642,1470.0,2.28065,3.40655,378.0,3520.0,4.76125,0.47,12.8123,259.564164,74.302721,PC
905,47.3860753,1.81,19550.0,9.77368,0.636581,248.0,4415.0,4.69831,0.62,11.2018,277.29301,55.313107,PC
906,3.493958,1.961,3650.0,5.65971,156.241,984.0,5203.4,4.47,0.9,11.7176,234.241791,67.452579,PC
907,2.7033942,2.927,10340.0,16.72,1704.57,1790.0,6518.0,4.15,1.61,9.43351,148.643119,40.387945,KP
908,4.3532339,3.869,10270.0,16.2509,617.309,1388.0,5914.0,4.07,1.59,9.98111,140.102965,33.882329,KP
909,7.3377236,4.243,795.0,3.2807,998.435,1566.0,5994.0,4.4,1.1,9.91008,152.102783,55.53996,PC
910,0.6097554,0.416,670.0,3.5774,1086.19,1599.0,5493.0,4.52,0.89,9.4819,144.000344,51.607784,APC
911,2.8531016,1.142,1395.0,2.02068,23.0419,610.0,3703.0,4.76229,0.52,9.49275,20.438428,-46.714723,CP
912,1.0924536,1.2245785,874.580104,6.5935026,5898.9818226,2235.1877779,6273.0,4.2,1.4487799,9.22437,141.367951,50.908874,FP
913,3.2122302,2.653,14429.0,13.0356,325.569,1183.0,5357.7,4.37,1.04,9.007,155.681459,50.128711,KP
914,8.0542207,3.0287161,706.8165307,2.8337706,140.2332705,877.6725493,5583.1,4.44,0.995254,9.3523,156.837704,34.39095,PC
915,4.0802864,5.3489749,2162.8449313,4.7263644,102.5780334,811.6771905,5583.1,4.44,0.995254,9.3523,156.837704,34.39095,PC
916,0.7365458,1.555016,374.9992039,1.9150718,2657.834335,1831.2672407,5250.0,4.42,0.963515,5.2058,133.146837,28.329815,KP
917,16.7100422,5.4004652,615.2873631,2.7396616,73.7609475,747.4400609,5853.7,4.38636,1.09271,7.6474,148.161931,35.111008,CP
918,10.2405483,3.538,9950.0,8.69623,55.4426,760.0,5251.0,4.54337,0.84,10.9184,150.115101,39.457751,PC
919,2.8009915,1.4985399,204.8553325,1.4033915,560.3349224,1240.8853925,5723.87,4.49543,0.945408,7.6586,164.777291,40.983718,PC
920,14.6503935,2.08,330.0,1.81908,18.7938,580.0,5859.45,4.4776,0.98,8.737001,151.807032,46.114881,PC
921,6.5159507,2.5334309,434.5843468,2.8299713,414.0679194,1150.502709,6023.0,4.23995,1.32944,8.4594,136.777644,46.672425,PC
922,1.8817191,1.236,99270.0,10.9698,22.5072,606.0,3138.0,4.91873,0.31,12.4368,147.768528,35.968556,KP
923,6.5578513,2.08,1596.0,2.54474,24.9125,622.0,4111.0,4.55528,0.66,10.42,7.302011,-30.454116,CP
924,20.708504,2.236524,1657.067907,3.751004,19.4977725,535.9397866,4111.0,4.55528,0.701202,10.42,7.302011,-30.454116,CP
925,9.9615672,2.278,1073.0,2.14899,35.7275,681.0,4111.0,4.55528,0.66,10.42,7.302011,-30.454116,CP
926,3.2384253,1.9941055,532.7580623,1.5148369,97.6159379,801.6779386,4111.0,4.55528,0.660806,10.42,7.302011,-30.454116,KP
927,1.7063264,1.359,10980.0,10.1999,235.772,1091.0,4974.0,4.44059,0.9,12.212,165.167198,64.963845,KP
928,2.9720774,4.41,6440.0,15.6498,1939.51,1848.0,6101.12,3.92024,1.95,12.5119,150.572626,53.950824,KP
929,4.9877056,2.2769107,1192.3398198,2.4703077,56.0452278,697.8376698,4336.0,4.62012,0.668693,11.3069,213.078772,74.411791,PC
930,1.8290294,1.6679098,704.8493933,2.1268375,213.5233995,974.9472494,4336.0,4.62012,0.668693,11.3069,213.078772,74.411791,PC
931,18.7559765,2.5550705,1506.818331,2.9737536,9.5841474,448.7537809,4336.0,4.62012,0.668693,11.3069,213.078772,74.411791,PC
932,1.4198659,1.3058497,465.2106205,2.2822776,1263.1832531,1520.4997021,5406.0,4.42475,0.984511,9.2742,287.681017,64.153662,PC
933,2.0937563,0.433,1250.0,6.75578,175.656,1014.0,6435.69,4.3758,1.23,9.61433,153.549683,29.085524,APC
934,11.0023133,5.305,298.0,4.25882,261.664,1120.0,6264.0,4.25903,2.87,9.6746,285.728523,63.948849,PC
935,9.573548,2.036,2788.0,15.6118,275.837,1135.0,6505.0,4.04,1.83,9.5173,141.721087,61.698996,FP
936,8.7046669,2.58,9660.0,28.8458,313.381,1172.0,6427.0,4.11,1.67,10.3774,152.33046,39.162411,PC
937,5.34326,1.426,6980.0,10.4171,52.9343,751.0,5776.0,4.25,1.26,10.1883,160.229227,35.913354,FP
938,3.2087149,1.639,1960.0,12.3921,455.479,1287.0,5971.4,3.77,2.26,9.1824,142.743406,26.539995,CP
939,4.1374379,1.8454937,1125.5354645,2.6757659,168.3361754,918.6796864,5058.0,4.51761,0.802633,8.1796,44.262014,-56.191869,CP
940,9.62517,3.725,540.0,2.03371,170.739,1007.0,6149.0,4.57,0.93,10.2728,161.42778,69.20078,FA
941,48.4788764,8.563,320.0,3.32727,301.867,1161.0,6153.0,3.72,2.47,9.05769,260.762886,63.110741,FA
942,8.8164887,3.895,170.0,1.28915,149.167,973.0,5502.5,4.43,0.99,8.676,151.720029,45.883328,PC
943,55.087,5.709,2509.0,4.36639,16.5899,562.0,5175.0,4.51,0.87,7.8436,164.856336,-56.623556,CP
944,8.765603,3.552,530.0,2.96768,134.543,948.0,5707.0,4.21803,1.3,9.69924,203.397486,49.060843,PC
945,2.7917911,1.4664254,1018.9771433,6.0002066,1003.8358436,1435.6065273,6071.0,4.36,1.16271,10.0721,184.3669,19.839989,FP
946,2.6438856,0.9689289,6404.7051471,3.812114,29.4322068,594.0533593,3456.0,4.8,0.425432,8.40346,175.550536,26.703067,KP
947,3.6451549,2.055,780.0,2.99324,283.719,1143.0,5922.0,4.43,1.05,8.6259,162.776697,25.641065,CP
948,1.0376109,1.588,210.0,1.53671,2287.71,1926.0,5922.0,4.43,1.05,8.6259,162.776697,25.641065,CP
949,8.0215043,2.979,870.0,2.25689,86.0527,848.0,5165.2,4.59,0.78,10.5191,211.093937,46.519283,PC
950,0.4378069,1.3013559,261.3935915,1.499704,3369.4751047,1943.1678328,5165.2,4.59,0.784618,10.5191,211.093937,46.519283,PC
951,7.093853,2.5107626,284.2381135,1.6277147,163.4661355,911.9619079,5690.0,4.48062,0.956941,8.3662,167.232915,34.303015,PC
952,0.8353899,1.0385175,2265.3656619,10.0508253,17113.247799,2917.1103577,6082.0,3.77654,2.0701201,9.5183,14.298639,-67.496189,APC
953,4.1244833,3.567,9590.0,12.4249,459.542,1289.0,5634.0,4.24009,1.26,11.1065,171.274935,41.028021,KP
954,10.6439385,2.713,1240.0,1.98891,10.7276,504.0,3815.0,4.69775,0.55,9.85623,175.575599,23.027033,CP
955,16.7961107,3.4989302,1816.2755985,2.5066457,5.9204002,397.8391483,3859.0,4.66612,0.582436,11.1341,164.255313,24.882338,PC
956,12.8858629,2.098,3170.0,4.21693,18.3406,576.0,4868.61,4.6604,0.69,11.1476,178.046105,35.1718,PC
957,6.2932111,2.188,1810.0,2.98555,58.2524,769.0,4868.61,4.6604,0.69,11.1476,178.046105,35.1718,PC
958,4.9246365,2.756,803.0,2.74529,210.206,1060.0,5428.81,4.3631,1.06,10.1345,172.171122,46.480464,PC
959,24.0509437,3.25,1030.0,2.87107,10.5047,501.0,5232.43,4.52455,0.86,10.7939,232.140492,55.18532,PC
960,15.1512051,2.3438166,4955.304292,2.8411799,2.1462129,308.7009384,3272.0,4.82521,0.401575,12.6196,166.118147,30.458576,PC
961,8.1960758,1.4883227,4699.5344472,2.7663658,4.8692389,378.8654659,3272.0,4.82521,0.401575,12.6196,166.118147,30.458576,PC
962,0.5019031,0.9470423,1536.5683135,1.8451862,201.7325126,961.1999156,3272.0,4.82521,0.401575,12.6196,166.118147,30.458576,PC
963,0.54937,0.883,370.0,1.53904,1407.22,1706.0,4612.99,4.56172,0.74,9.0363,201.282626,38.922367,CP
964,2.1075001,1.9093483,4256.1743008,11.7706128,3058.1088297,1896.6316071,6351.66,4.13453,1.59204,11.6735,171.59704,28.056535,FP
965,4.6170519,3.555,12210.0,12.4681,447.82,1281.0,5797.0,4.36164,1.11,11.5384,183.36604,23.055687,KP
966,4.5320502,2.3754425,7874.5852788,7.0590799,123.9023995,850.9218562,4983.0,4.61445,0.805573,10.4654,352.172541,-34.49141,CP
967,1.3273482,2.083,18850.0,15.4709,1378.13,1697.0,5555.05,4.36832,1.07,11.6281,188.266205,44.915367,KP
968,3.7130701,1.654,19610.0,11.7215,55.9743,762.0,4719.0,4.49738,0.81,11.1237,188.922358,27.214377,CP
969,4.0802864,7.3027567,9219.8978429,7.0430812,25.1551128,571.1843728,5059.36,4.62542,0.738692,11.6463,242.747885,58.294553,PC
970,11.6098182,3.5623705,1391.5795455,2.7371461,35.6962064,623.412155,5059.36,4.62542,0.738692,11.6463,242.747885,58.294553,PC
971,48.3320223,5.3736904,4780.0505501,5.0923959,2.1152872,307.5828267,5059.36,4.62542,0.738692,11.6463,242.747885,58.294553,PC
972,0.798,0.679,190.0,2.95586,898.537,1525.0,6194.2,4.0,1.84,9.91892,286.592985,56.629312,FP
973,6.3684627,6.3480149,461.2506691,5.1407901,216.0619339,977.8321546,4971.0,4.33,2.3894999,10.8247,236.816882,77.232643,PC
974,2.555332,5.14,6550.0,20.5128,4328.46,2259.0,6454.0,3.77,2.48,10.8946,276.379287,63.488103,APC
975,22.7873,5.334,410.0,2.42982,57.1127,1185.0,5845.0,4.33,1.16,9.303001,257.139454,78.587055,FA
976,13.398256,1.909,1460.0,5.93967,87.625,852.0,6131.3,4.18,1.45,10.4966,186.581874,46.470824,PC
977,5.5115037,4.423,3250.0,9.63687,642.257,1402.0,6236.9,4.09,1.63,10.9901,193.131175,34.901028,PC
978,3.09374,2.451,150.0,1.72207,936.396,1541.0,6610.0,4.24,1.47,8.98018,267.520221,54.636127,FA
979,1.76918,1.768,9570.0,11.6236,1670.21,1780.0,5569.0,4.32065,0.96,9.683,353.293998,-35.463992,APC
980,4.860673,2.632,6140.0,11.4272,292.245,1151.0,5778.2,4.16,1.4,10.5268,187.686721,27.452002,CP
981,9.4893231,2.757,940.0,2.4304,41.924,708.0,5120.0,4.6,0.77,6.9859,168.637658,25.710596,KP
982,9.6136615,5.292,7000.0,14.5701,192.623,1037.0,5637.7,3.97,1.71,10.7184,167.777848,39.526673,APC
983,38.8135498,5.944,9593.0,8.20695,9.29717,486.0,4760.0,4.49,0.82,9.7722,196.21972,63.753261,PC
984,22.8085719,3.847,977.0,2.45459,14.6287,544.0,5182.0,4.55,0.82,8.9754,197.731229,61.744849,PC
985,10.1824299,2.788,10610.0,10.7723,57.9125,768.0,5450.0,4.42,1.01,11.7204,280.679168,66.303112,PC
986,4.1419805,2.3809654,10130.9411804,12.9812632,462.8529919,1182.988488,5418.3,4.31,1.15614,11.2086,292.458821,62.529189,CP
987,1.467119,1.0069313,1550.632368,1.3241394,39.492214,639.3631768,3297.0,4.89,0.331472,8.8223,191.981531,9.749418,CP
988,9.0941239,4.389,2570.0,8.09838,180.272,1020.0,5759.8,4.07,1.56,11.1315,241.562248,69.621802,CP
989,6.2895835,3.044,24300.0,15.9901,124.221,930.0,5565.0,4.41544,1.02,12.8784,290.877426,78.754217,PC
990,3.4307565,3.1443388,9664.2985634,29.7749124,4956.2460141,2139.9713716,6270.0,3.61332,2.72192,8.3291,21.650295,-72.748874,FP
991,9.7815625,3.736,20040.0,18.205,225.192,1079.0,6327.16,4.37297,1.21,7.0166,226.181249,38.605375,FP
992,0.5553244,0.8336658,353.7045175,4.4033839,44853.3980885,3711.6634241,6864.0,3.89932,2.2681701,7.43229,200.452735,17.765435,APC
993,4.1508569,2.19,8700.0,7.61178,81.7443,837.0,4652.0,4.52358,0.78,12.9233,256.662266,63.778635,PC
994,3.6935997,4.466185,8580.4318905,17.0086591,1639.1071763,1622.8246189,6097.47,3.99566,1.78076,9.87229,205.454246,-0.128171,KP
995,1.2164402,1.847,15450.0,16.0243,3477.13,2139.0,5610.0,4.42006,1.02,11.4951,202.294251,31.401916,APC
996,5.6419598,3.0871502,543.838848,1.8245844,119.4171181,843.1141848,5297.0,4.61016,0.782479,7.6621,189.839224,20.027338,PC
997,4.0802864,3.9454498,886.4838237,2.5398986,48.4006234,672.7171326,5297.0,4.61016,0.782479,7.6621,189.839224,20.027338,PC
998,20.3808681,6.6566336,2352.4040222,8.1853156,153.5175967,897.7580134,6351.0,4.12,1.61988,9.29416,245.907924,54.690077,CP
999,1.7727533,1.5387679,234.303199,2.6614847,3983.4313797,2026.2082748,6351.0,4.12,1.61988,9.29416,245.907924,54.690077,PC
1000,5.8182239,1.1943658,1069.5709916,7.8231031,1053.479741,1453.0357399,5961.28,3.87842,1.99038,8.70842,207.905911,33.49239,APC
1001,2.1747062,2.846111,11173.1929564,14.231871,1622.2528254,1618.6367047,6046.76,4.28918,1.2561899,12.423,246.69204,51.041133,KP
1002,1.4238067,1.5009585,721.0458571,2.6855348,921.846663,1405.3497526,5382.69,4.55152,0.848099,10.2173,196.833111,5.852046,PC
1003,4.8170684,3.1822663,23137.3629965,24.4342674,952.2769628,1416.8065929,6380.0,4.24852,1.44956,10.0433,117.657401,-70.533461,FP
1004,7.8456075,5.892,7020.0,14.2866,718.188,1442.0,6266.0,4.08874,1.65,9.8469,195.981836,30.640145,KP
1005,4.3011975,2.982,22050.0,15.3684,185.119,1027.0,5115.16,4.34437,1.03,12.4474,213.14386,47.014783,KP
1006,9.5739531,4.172,3170.0,12.4956,354.639,1208.0,6115.0,3.87646,2.05,9.26733,201.962655,9.030644,CP
1007,9.1469122,4.618497,8770.0961182,12.7002634,235.6892132,999.320223,5954.0,4.26,1.2752,12.6445,287.894787,66.328065,FP
1008,3.2130578,2.169,22530.0,11.0975,118.075,918.0,4652.87,4.61265,0.7,11.7551,209.388645,43.49331,KP
1009,3.6610026,2.6047415,18701.4218317,13.3480688,305.2117259,1066.031538,5271.0,4.44,0.943402,12.889,237.317086,71.442944,PC
1010,3.9306746,1.4305142,1637.1984269,1.7902006,17.7418678,523.4432264,3512.0,4.81618,0.411452,11.8467,257.954965,54.527848,PC
1011,4.0802864,3.585,9810.0,8.72158,33.1635,668.0,5076.0,4.53,0.83,11.6235,23.52145,-14.419149,KP
1012,12.7645811,2.132,3000.0,4.21676,15.1947,550.0,5076.0,4.53,0.83,11.6235,23.52145,-14.419149,PC
1013,5.4809161,5.031,2770.0,8.64837,856.944,1507.0,5923.0,4.05,1.62,10.5038,204.440006,48.250123,FP
1014,19.7258442,2.578,3183.0,17.1815,236.592,1092.0,5595.0,4.32,1.14,10.4985,208.099647,37.748612,APC
1015,0.9414525,2.05,11445.0,15.342,4266.74,2251.0,6400.0,4.36583,1.35,8.8287,24.354462,-45.677794,KP
1016,7.39143,1.252,5880.0,16.4641,59.8747,774.0,5224.6,4.28,1.14,10.626,195.761884,21.923072,APC
1017,6.0179742,1.278,13910.0,10.0342,16.6492,562.0,4567.0,4.53,0.76,13.1369,197.748635,6.686564,APC
1018,2.3601883,2.455,21460.0,13.4654,505.623,1321.0,5356.0,4.49,0.9,13.4891,197.072025,23.120937,PC
1019,1.2436239,1.211,1790.0,3.89334,435.33,1272.0,4968.8,4.5,0.84,11.3719,211.459347,16.99237,CP
1020,2.5267353,2.2654363,17543.876912,12.697976,333.0417477,1089.5431103,4836.0,4.45,0.871731,13.0383,206.845428,19.758454,PC
1021,1.3641482,0.952,7820.0,19.5876,852.162,1505.0,5347.0,4.33,1.08,10.6503,205.353953,17.686872,PC
1022,197.0336254,7.338,11900.0,12.0713,1.65744,316.0,5616.4,4.44,1.0,10.9374,234.099145,57.890738,FP
1023,0.7759895,1.135,2450.0,10.4239,5149.47,2359.0,7218.0,3.94,2.26,9.2427,199.607344,35.953983,APC
1024,2.0912089,1.144,20760.0,18.3695,126.014,933.0,4220.9,4.49,0.77,12.8777,199.412592,22.850101,PC
1025,63.4838706,4.898,5638.0,11.1305,11.9909,518.0,6415.0,4.26,1.4,9.93689,279.831764,69.522873,CP
1026,35.6134391,3.512,1575.0,3.12194,10.8612,505.0,4628.53,4.32239,0.71,6.9934,51.750188,-63.500166,CP
1027,7.7897726,2.376,194.0,1.00084,144.765,966.0,4628.53,4.32239,0.71,6.9934,51.750188,-63.500166,CP
1028,1.0662082,1.142,151.0,1.0883,876.703,1515.0,5668.0,4.51,0.93,7.7885,226.456731,64.047682,CP
1029,742.52145,6.5869825,8540.3365085,11.2275098,25.01289,570.3753102,5490.0,4.45,1.06113,9.9486,130.80013,-83.061258,PC
1030,5.6442112,2.980996,4136.2010063,11.4462895,854.7074229,1379.0312841,6310.0,4.1,1.63591,11.5429,264.26302,53.021275,CP
1031,1.42611,1.788,1890.0,9.21032,11388.0,2877.0,6404.0,4.31,1.32,11.2542,273.580728,57.992976,FP
1032,1.6453265,2.59,19310.0,19.0536,1816.48,1818.0,6023.0,4.25,1.32,12.2856,284.443905,69.570837,KP
1033,1.2239134,1.037,1400.0,7.38849,861.54,1509.0,6618.5,3.99,1.92,11.871,242.919358,58.477001,APC
1034,2.1863095,3.9576915,2983.5525823,10.9791817,4908.3013736,2134.7771952,6728.0,4.03,1.92153,12.6557,295.382219,57.325664,PC
1035,18.10671,4.562,10340.0,19.3734,199.63,1047.0,6615.0,4.14,1.65,12.2339,295.558877,59.589129,FP
1036,8.8263579,3.4318591,5877.74804,12.1777996,381.1216482,1126.900714,6016.0,4.1,1.56043,12.6053,247.125627,69.030975,PC
1037,1.6024387,1.0090014,1372.6016905,5.5640916,2819.6338493,1858.5229504,5435.9,4.2,1.39294,10.9679,37.530328,-79.75656,PC
1038,0.5125807,1.6430775,5691.1921109,19.2342563,22324.2050264,3117.5523161,6725.0,4.19532,1.55195,9.109901,94.615541,-57.013501,APC
1039,2.7633917,3.5061663,12405.1873299,16.4097207,1824.5880178,1666.9054026,6511.0,4.25,1.43103,12.8079,285.020668,63.42983,PC
1040,3.40612,1.714,1740.0,8.60495,985.653,1560.0,5955.3,4.06,1.67,11.5906,251.235703,77.344038,FP
1041,2.2349708,2.016,3870.0,11.1799,3419.38,1185.0,6305.2,4.33,1.57,11.9414,296.257303,64.791904,PC
1042,24.9341884,4.964,1390.0,3.93465,34.0216,672.0,5699.0,4.47,0.97,10.7447,212.568476,84.371858,PC
1043,900.1930987,6.3963069,1344.4884882,3.6185236,0.2651017,183.0091807,5699.0,4.47,0.971675,10.7447,212.568476,84.371858,PC
1044,7.0056805,3.3182125,766.894462,3.1039232,171.8935756,923.4952393,5699.0,4.47,0.971675,10.7447,212.568476,84.371858,PC
1045,17.8683999,5.638695,11197.9522339,19.3843075,242.7182138,1006.6890424,7013.0,4.2,1.63559,11.5816,281.44921,56.381701,APC
1046,11.3091849,1.713,11960.0,15.4356,26.4473,631.0,5817.0,4.27,1.25,12.9417,268.6609,60.356411,PC
1047,6.4827647,2.2930359,4140.8329483,11.487382,941.0164562,1412.5995193,6748.0,4.12,1.73025,12.8182,271.611889,62.176751,PC
1048,3.801591,2.752,18950.0,14.4297,395.697,1242.0,6051.0,4.48,1.01,12.8746,249.519983,77.756401,APC
1049,3.2351013,0.9645922,3974.2319128,6.9705803,662.3022648,1293.8496408,5976.0,4.43,1.06446,12.9737,262.605271,63.123014,PC
1050,13.7045951,5.8535412,10116.0470111,17.0437214,237.5404319,1001.2767573,6531.0,4.22,1.49611,12.9935,289.861603,59.670112,PC
1051,1.1619456,0.564,245.0,3.63215,359.19,1212.0,6340.3,4.18,1.66,9.4668,44.555588,-70.760786,APC
1052,1.7262631,1.7729838,10098.9724164,8.4380757,46.8560783,667.2848022,3631.4,4.69,0.556058,13.0614,182.726187,-75.13193,PC
1053,1.1203828,1.665,1901.0,5.96207,4388.96,2267.0,6564.4,4.26,1.47,10.2761,110.369675,-45.567737,PC
1054,3.0898433,1.7253015,5695.3311506,14.7960305,6037.5204355,2248.1972021,8828.7,4.39,1.63132,11.2394,212.839201,-75.833202,PC
1055,4.5063838,2.0392007,12522.9613662,5.5521734,17.943561,524.924579,3477.0,4.74303,0.493576,13.3462,134.089246,-12.930644,PC
1056,6.7822711,2.491,11200.0,9.69244,60.1185,775.0,5225.0,4.5,0.88,12.6183,261.129456,67.989121,PC
1057,6.5440665,3.777,6060.0,14.1513,318.224,1176.0,6232.0,4.03,1.76,11.9742,304.665223,66.155954,CP
1058,2.5128483,2.5536063,18573.9655629,12.8342008,623.3463235,1274.3892523,5744.0,4.51952,0.924044,13.0934,333.559696,-55.373338,PC
1059,2.2001583,1.7564486,1295.5985443,2.5006782,164.3262502,913.1591724,4250.0,4.58048,0.705729,12.2415,271.368524,75.145628,PC
1060,5.547485,5.412,3350.0,11.48,3368.08,2122.0,7397.0,4.1,2.04,10.4748,156.250032,-60.575142,FP
1061,0.9134697,1.1241224,4754.4230483,8.8558858,831.1651409,1369.435493,4791.0,4.33,0.771805,12.5093,324.128236,-52.513101,PC
1062,2.1940608,1.33,5980.0,8.0065,523.7,1332.0,6054.0,4.39416,1.04,10.2638,100.807811,-55.244376,APC
1063,19.9676936,6.280493,6084.3435425,10.0136343,78.6890952,759.6234924,5857.0,4.26,1.26949,11.6819,279.744502,79.23835,PC
1064,15.3617729,1.745,3321.0,14.7142,51.0242,1185.0,5984.0,4.30752,1.22,9.3059,345.630986,-46.085195,APC
1065,1837.8897313,5.1231542,784.5879336,2.231604,22.7830749,557.2150449,5256.0,4.55251,0.795285,9.9312,5.165323,-33.984476,PC
1066,4.0802864,16.2000201,560.4004393,3.9646898,95.4170227,797.1246051,6996.0,4.29542,1.46151,8.43389,326.438392,79.613939,PC
1067,739.2424007,19.2382815,3150.3921435,6.3408721,0.3623508,197.8800712,5611.0,4.37718,1.0692,10.7519,100.798591,-78.281094,PC
1068,748.0739416,5.0652033,4627.3105593,9.5710516,1.0296947,256.91938,6762.0,4.39031,1.37387,9.7556,243.713459,-81.680597,PC
1069,4.0802864,16.1046282,2816.5224185,8.9556287,254.6407802,1018.8300331,6750.0,4.18569,1.60572,8.88374,352.17861,47.349521,PC
1070,48.5340395,6.661,62170.0,26.827,0.0730269,144.0,5937.0,4.44855,1.03,10.1374,48.370422,75.268379,FP
1071,48.5338626,6.137,4730.0,7.9008,2.2453,341.0,5937.0,4.44855,1.03,10.1374,48.370422,75.268379,FP
1072,45.5221456,4.3839392,3028.5453279,9.7055757,51.0073705,681.5974916,6303.91,4.11765,1.61034,7.4098,144.5553,23.546746,CP
1073,29.0902271,4.6769826,37562.3332736,12.1826517,2.600601,323.8830195,3854.0,4.63619,0.617863,12.5826,299.426847,40.143346,CP
1074,10.0205998,5.7591694,8218.1442865,11.7679183,211.7916534,972.9644217,6038.0,4.35513,1.27527,9.6411,36.775811,-50.284425,KP
1075,3.0566277,2.3926375,12517.5203529,12.5182693,606.6634527,1265.7755651,5735.0,4.41,1.03865,13.2554,67.418582,-28.197215,KP
1076,1.3666563,1.967,21070.0,15.437,1310.22,1676.0,5790.4,4.44,1.02,13.1758,140.087589,-31.269212,KP
1077,1.6091845,1.63,13450.0,16.7675,1054.66,1587.0,6393.0,4.24,1.43,13.174,180.208788,-46.13642,KP
1078,3.8404319,5.242,3580.0,12.3434,1599.92,1761.0,5909.0,4.42,2.04,11.8831,68.136479,-38.968297,KP
1079,4.3247708,4.267,6380.0,17.0257,1080.87,1597.0,6457.0,3.9,2.13,11.1138,180.165072,-45.799456,KP
1080,5.72226,2.648,25549.0,12.8433,37.0251,687.0,4233.2,4.64,0.73,10.418,188.386428,-10.146214,KP
1081,9.6246665,4.297,10230.0,12.3182,121.918,925.0,5473.0,4.26,1.2,11.5688,168.292908,-17.657779,KP
1082,5.4774433,5.277,9010.0,20.3433,1506.5,1735.0,6942.0,3.94,2.09,10.7316,199.433742,-47.237575,KP
1083,3.65688,3.542,7040.0,12.8031,903.013,1527.0,6239.0,4.15,1.53,11.7083,4.146347,-10.976423,KP
1084,4.1536624,1.702,12310.0,12.7595,278.886,1138.0,5818.8,4.24,1.09,11.3187,96.744643,-46.821364,KP
1085,8.1587261,4.288,15337.0,12.7393,209.118,1059.0,5600.0,4.50501,1.0,9.1468,359.900874,-35.031335,KP
1086,5.4161129,3.385,14310.0,13.3752,232.397,1087.0,5652.0,4.36,1.1,13.2958,170.324325,-22.388177,KP
1087,7.8181434,4.98,3650.0,9.95177,266.851,1125.0,5549.0,4.0,1.64,12.5757,61.657801,-25.349667,KP
1088,5.4053583,4.859,6770.0,13.4237,857.119,1507.0,6410.0,4.14,1.59,10.5579,126.337825,-11.500989,KP
1089,3.3489038,3.3546298,10987.1747675,13.011038,740.224566,1330.3337928,5711.0,4.27,1.2295901,11.8656,102.847425,-29.058655,KP
1090,4.1933422,1.8220996,4804.157266,11.5425702,1300.3125192,1531.5517841,6405.0,4.13,1.6277601,12.2309,103.517356,-27.050416,KP
1091,2.2920348,3.1812507,10585.2906021,13.2497142,1637.2058065,1622.3537935,6208.0,4.31,1.26526,13.1472,108.452399,-33.437346,KP
1092,1.888231,3.6693894,4358.3260875,14.4776426,14536.662674,2800.5022616,8549.0,4.11,2.12128,12.4539,109.104521,-31.244395,KP
1093,1.82069,3.049,12340.0,15.6593,2440.7,1958.0,6155.0,4.24,1.35,12.0457,296.688442,-63.565649,KP
1094,3.39829,2.634,4340.0,7.06633,662.808,1413.0,6271.0,4.45,1.09,12.2876,167.582816,-58.982985,FP
1095,4.2337078,2.008,7690.0,19.6222,822.444,1491.0,6333.7,4.21,1.46,11.3287,195.794015,-41.384862,KP
1096,3.9227122,2.555,11953.0,7.23153,235.573,1091.0,4800.0,4.53527,0.64,10.2499,357.879198,-39.907121,KP
1097,2.5441537,2.128,6780.0,10.5577,476.965,1301.0,5652.0,4.2,1.31,13.2755,200.634864,-44.688839,KP
1098,5.17958,4.524,7620.0,14.829,669.018,1416.0,6116.0,4.07,1.65,12.1577,209.51701,-30.348153,KP
1099,4.5768651,3.5592795,10869.4903086,19.1571223,1547.1013862,1599.5559785,6687.0,4.09,1.78295,12.3213,112.419225,-29.937916,KP
1100,4.2041585,2.124,12080.0,12.1025,355.909,1210.0,6781.0,4.54,1.07,12.9264,114.283382,-32.755419,KP
1101,2.8240691,3.808,8970.0,17.7861,4913.69,2332.0,8004.2,4.2,1.84,8.0552,147.580067,-66.113925,KP
1102,2.3447752,1.814,15340.0,13.4487,320.327,1178.0,5515.0,4.39,1.04,11.9397,135.416303,-20.720369,KP
1103,1.3372349,1.7026098,1226.6760556,3.0265786,886.9841113,1391.8701134,5111.9,4.5,0.860256,12.3686,89.598895,-30.811799,KP
1104,4.1117723,2.129689,22083.0234602,15.2582047,268.7176849,1032.6277979,5424.8,4.49,0.916164,12.3353,163.788852,-0.737066,KP
1105,2.278575,2.159825,13638.9588751,14.7731999,775.8848566,1346.0744113,4879.0,4.5,1.21163,12.3119,320.762876,-40.048439,KP
1106,3.8537616,3.392,18650.0,14.7144,471.61,1298.0,5697.0,4.39,1.06,13.1648,176.628323,-33.860076,KP
1107,0.7920646,0.466,1464.0,12.9674,1013.69,1571.0,5422.0,4.42223,0.98,9.1031,358.668877,-37.628224,CP
1108,2.8786641,2.207,8710.0,12.863,471.142,1297.0,6017.0,4.22,1.35,12.1014,223.658719,-38.744547,KP
1109,3.8186276,4.282,3240.0,11.3749,1200.24,1639.0,6090.0,3.88,2.03,12.0233,171.845053,-44.088703,KP
1110,5.6107737,6.3384834,6651.6899169,18.3701736,1486.8578958,1583.7517779,6013.5,4.17,2.21327,11.3299,127.38723,-12.944768,KP
1111,3.2633165,5.2814337,5011.5725027,15.0902486,3163.3762217,1912.7466985,6561.0,3.93,2.08347,12.941,100.571247,-29.77678,KP
1112,4.5111234,4.525,11170.0,18.5483,1085.35,1599.0,6540.6,4.26,1.71,10.5288,215.122762,-31.20207,KP
1113,4.4352884,1.89,6410.0,11.2110231,196.663,1365.1232387,6245.0,4.24,1.38,12.2682,141.920643,-19.347648,KP
1114,2.3506186,2.369,15940.0,12.801,570.233,1361.0,5593.0,4.46,0.97,11.7076,60.948278,-19.056818,KP
1115,0.9466787,1.09,16490.0,14.6661,1220.35,1646.0,5707.0,4.39,1.07,12.4933,116.370721,-52.383259,CP
1116,12.7060866,2.4782523,5160.2020899,11.4460032,131.9890966,864.4786335,6200.5,4.33,1.10563,10.7347,219.389377,-42.0294,PC
1117,2.8970202,4.1502336,3080.9239308,10.5098,631.5687933,1278.5711929,8862.0,4.1,1.23369,8.2376,177.494824,-63.949071,FP
1118,4.8996461,3.07,10957.0,15.9746,259.864,1185.0,5940.0,4.23158,1.5,10.248,5.160562,-23.935789,KP
1119,3.4158668,1.9196262,2841.7825532,19.3376794,2831.3869926,1860.4566612,5986.0,3.66,2.19052,9.46381,212.647819,-27.993072,PC
1120,1.13305,1.073,100.0,2.16887,925.999,1536.0,5883.8,3.77,2.1,8.5122,95.102051,-66.400466,FP
1121,1.6563738,1.741,246.0,1.42047,1000.88,1566.0,5614.1,4.34,1.02,9.8146,122.61813,-65.852379,FP
1122,1.742564,1.72,740.0,2.86502,782.573,1473.0,5309.7,4.33,0.95,10.1598,183.704117,-63.086718,PC
1123,6.0988471,5.408818,8857.7284148,24.9943945,1423.581832,1566.6261042,7023.2,4.11,1.82219,10.9572,159.580056,-61.289786,FP
1124,1.57363,2.558,710.0,7.59717,18801.9,3262.0,5342.5,4.01,1.66,10.6707,137.66287,-64.471528,FP
1125,10.8458712,3.379,3120.0,21.6846,878.752,1516.0,6670.3,4.29,2.56,8.4672,217.279625,-43.361979,FP
1126,12.0077462,2.818,2921.0,10.5098,115.384,913.0,4990.7,4.33,1.23369,8.9301,156.738469,-60.665225,FP
1127,3.6473383,4.4572847,162.7642577,1.9083777,1104.8893752,1470.447248,5928.0,4.24,1.47579,10.1302,88.071315,-70.920308,FP
1128,4.6211026,3.882,11700.0,15.4381,948.955,1546.0,6531.7,4.29,1.45,9.4306,182.772117,-52.672196,PC
1129,2.0727598,2.619,14761.0,14.2954,1414.87,1708.0,5640.0,4.43703,1.13,9.9696,24.605139,-55.772001,KP
1130,1.41144,2.509,414.379,10.5098,20094.8,3316.0,9208.0,3.85,1.23369,8.4215,189.810101,-69.542013,FP
1131,4.8294029,2.327,8640.0,18.3984,325.199,1183.0,5877.5,4.18,1.96,9.8722,172.156226,-78.801587,PC
1132,6.89132,5.369,5940.0,11.3151,673.704,1419.0,5488.0,4.14,1.41,10.5,154.996219,-79.802603,FP
1133,0.6923563,0.803,810.0,10.6207,14950.4,3080.0,6422.1,3.86,1.85,9.5187,215.145569,-41.983318,FP
1134,4.9064175,6.5416975,1704.6576752,9.7548163,1908.1975034,1685.6817323,7119.5,4.14,1.98083,8.9718,165.033297,-59.978409,PC
1135,16.3152,1.992,2500.0,2.23088,26.312,630.0,3625.0,4.81,0.31,11.1825,206.105083,-40.336403,FP
1136,0.88958,1.844,1240.0,3.8492,4433.23,2273.0,5586.2,4.21,1.11,10.4877,213.978422,-62.906643,FP
1137,14.5187891,2.897,429.0,3.60283,43.2598,714.0,5844.8,4.13,1.79,9.4845,134.966386,-67.955597,FP
1138,14.6482374,1.953,1040.0,18.1297,9.70045,491.0,4851.6,4.33,5.42,9.9055,175.33562,-78.163008,PC
1139,3.2242808,4.3100077,868.6214414,8.5752112,527.6121099,1222.3580538,4866.2,4.33,2.62415,11.0897,166.085979,-67.991833,FP
1140,1.1630372,1.4568603,409.6006588,8.4237328,49141.0122425,3797.3512801,6495.0,3.32048,4.0595698,8.0674,14.551689,-64.761541,PC
1141,5.3418199,4.99,330.0,5.7387,1467.54,1724.0,6466.2,3.7,3.28,9.1962,173.314149,-60.075995,PC
1142,6.7018963,1.874,950.0,5.02216,109.429,1185.0,6231.8,4.21,1.52,10.0032,211.593423,-40.523909,PC
1143,1.76447,2.749,2640.0,27.921,17578.1,3207.0,8049.0,3.3,5.08,7.185,228.629109,-43.387085,FP
1144,12.6534664,4.0982077,27095.439949,20.5105778,106.7171624,819.7441326,5394.6,3.77,1.18915,10.163,221.343502,-54.761146,PC
1145,0.6467049,0.992,1270.0,6.88932,7773.82,2615.0,6308.3,4.0,1.71,10.7892,201.642206,-39.629886,PC
1146,2.2778177,3.212,880.0,10.5098,95451.3,4896.0,9096.5,4.33,1.23369,8.177301,223.151952,-61.568677,FP
1147,0.6227257,1.0110042,565.9410837,6.3159749,35846.7581896,3509.3947426,6390.7,3.83,2.30849,9.0492,209.982525,-43.327316,PC
1148,0.4262195,0.45,570.0,5.09474,3290.2,2109.0,5343.0,4.1,1.5,9.9666,174.845028,-65.176299,APC
1149,3.97195,4.297,7670.0,13.8556,1605.22,1185.0,6535.3,4.2,1.55,10.52,212.193247,-56.322341,APC
1150,2.6855915,2.0491187,488.2401788,3.5729712,1856.700481,1674.1918061,5796.0,4.14,1.51715,8.5941,222.333572,-60.080256,FP
1151,14.278122,8.6972718,827.9264426,8.3566078,91.6541814,789.1468373,5105.0,3.39182,2.90324,7.3566,353.033186,-21.801201,CP
1152,2.5599662,2.706,11310.0,17.4735,1362.9,1692.0,6432.2,4.11,1.57,11.0048,190.720365,-53.688304,PC
1153,3.217824,1.735,1288.0,5.84702,227.191,1081.0,5418.0,4.17,1.67,10.3345,194.769773,-57.253713,FP
1154,4.7631,1.838,850.0,4.06445,184.105,1026.0,6105.1,4.12,1.48,9.7472,176.070255,-59.911853,PC
1155,3.9194733,2.025,5560.0,10.5098,132.064,944.0,5149.0,4.35,1.23369,10.7565,220.4268,-33.826133,PC
1156,5.438218,1.675,7830.0,14.7798,157.789,987.0,5342.0,4.09,1.49,10.5833,171.378387,-67.778575,APC
1157,2.8319354,3.21,780.0,4.18335,914.113,1531.0,5408.7,4.33,1.48,10.2081,168.076087,-60.93258,FP
1158,7.6943096,8.903,7400.0,10.5098,925.441,1536.0,4956.8,4.33,1.23369,8.8681,212.846611,-50.069977,APC
1159,17.0614756,3.384,2730.0,17.1048027,425.8669904,1158.6125921,9184.7,4.09,2.14183,9.5918,216.147711,-60.383601,FP
1160,6.0783344,4.8904528,16168.288913,16.9877965,235.1310083,998.7280008,8719.5,4.08,1.0,5.666,161.140515,-59.737608,FP
1161,1.30924,2.535,3370.0,10.5098,52079.9,4208.0,8832.5,4.26,1.23369,9.8678,161.046711,-59.92517,FP
1162,10.2150168,1.9683066,994.1089045,1.4777754,7.4195034,420.9334696,3763.0,4.83739,0.447336,9.92801,2.271509,-27.121745,CP
1163,9.27898,6.514,9020.0,15.0807,1058.72,1589.0,5898.8,4.08,1.45,10.9805,218.270079,-43.298512,FP
1164,2.4763492,3.593,593.0,4.72716,14633.4,3064.0,8749.3,4.33,2.14,10.001,155.59062,-63.65462,PC
1165,17.1725007,5.016,3610.0,9.89011,107.942,897.0,6617.0,4.21,1.41,10.1919,207.584824,-23.383379,PC
1166,6.1110945,4.2566318,1098.152672,5.873208,249.203041,1013.3467617,5725.0,4.54,1.07235,10.3349,127.281049,-57.194209,FP
1167,0.5646193,1.295,510.0,3.01498,8493.1,2674.0,6237.0,4.24,1.3,10.361,168.871533,-44.428987,FP
1168,30.7864669,3.466,8750.0,23.8125,112.151,861.0,6101.8,4.33,2.05,9.9681,148.390562,-58.376077,APC
1169,7.5043829,4.8967771,12479.7176832,10.5098,177.5290293,930.973018,8613.8,4.33,1.23369,8.135,144.023758,-51.744648,APC
1170,2.5861465,1.299,2510.0,11.9748,271.803,1131.0,5635.4,3.71,2.33,9.62418,185.331855,-14.062379,APC
1171,2.2818488,3.973,1483.0,7.2854,2351.9,1940.0,5368.0,4.33,2.15,10.1854,190.132487,-48.740903,FP
1172,3.4551479,5.7444704,5191.7260014,10.5098,499.3447666,1205.6461821,8046.5,4.12,1.23369,10.2581,176.866343,-64.882975,FP
1173,104.8729635,6.554,12183.0,10.223,2.75278,358.0,5350.0,4.52347,0.88,10.0391,80.105873,-59.895433,CP
1174,3.7899524,5.5268401,4345.4373432,11.7871267,602.1590809,1263.4194534,5579.5,4.22,1.10456,10.1574,158.670633,-59.748482,FP
1175,6.6570835,5.285,7164.0,14.8934,528.884,1336.0,5805.6,4.13,1.73,10.1405,169.958638,-51.866071,FP
1176,4.31224,2.704,4990.0,12.3576,664.873,1414.0,5801.0,4.33,1.72,10.5287,162.91688,-44.984741,FP
1177,3.9416903,2.537,12840.0,19.6321,1460.48,1722.0,6190.4,4.15,1.48,10.248,152.28015,-72.798117,FP
1178,4.0337201,3.48,2868.0,11.5159,1910.26,1841.0,7369.0,4.27,2.22,10.2396,147.174575,-51.756564,PC
1179,3.1056464,1.772,800.0,13.2277,949.504,1546.0,7804.8,3.78,4.44,9.8153,143.466387,-53.561643,PC
1180,7.72433,8.03,7120.0,20.0285,1173.53,1630.0,6249.4,4.19,2.32,10.2372,178.547176,-46.896887,FP
1181,1.8359766,1.062,1073.0,5.11603,573.168,1363.0,6311.5,4.17,1.61,9.8916,181.632505,-31.645713,PC
1182,1.10833,2.288,1060.0,4.58274,4415.23,2270.0,5972.0,4.08,1.4,10.186,184.259218,-51.075153,FP
1183,7.2133579,2.345,8814.0,21.2234,271.595,1185.0,5843.0,4.33,1.16,10.4109,156.995108,-48.428547,APC
1184,8.1382243,3.2925646,4211.2724178,6.495577,115.8275152,836.705617,5414.0,4.438,0.951985,7.8541,354.915467,-69.196043,CP
1185,9.1270425,3.62,4598.0,8.36201,167.221,1001.0,5400.0,4.43,1.18,10.3579,146.397063,-66.686631,CP
1186,3.098367,1.963,496.0,2.47118,328.067,1185.0,5400.0,4.43,1.18,10.3579,146.397063,-66.686631,CP
1187,2.7434565,1.7721369,1517.5136382,24.4152818,22630.8684044,3128.203909,7896.3,3.6,3.9611499,8.9578,128.181355,-58.575511,PC
1188,2.3330349,3.005,2795.0,15.6213,12107.6,2951.0,5986.5,4.32,1.56,10.4879,134.190203,-61.371461,FP
1189,4.0802864,3.529,3860.0,15.7171,194.656,1040.0,7043.2,3.98,2.46,9.6569,201.527127,-27.41256,PC
1190,1.79988,3.518,180.0,3.32197,6540.68,2505.0,6136.9,3.85,2.46,9.0607,143.46695,-55.175763,FP
1191,17.30714,4.138,2900.0,12.2024,110.956,904.0,6995.5,4.1,2.23,9.4916,164.031654,-43.376697,PC
1192,6.40938,2.356,280.0,10.1474,50.0267,740.0,4650.0,2.54,8.3,9.2225,91.22465,-69.360322,FA
1193,4.0802864,9.1654068,912.2762923,3.1563904,1.4952399,282.0314027,5249.0,4.48682,0.895408,10.199,209.858415,74.151228,PC
1194,723.8345008,7.382946,3119.2983693,13.1361697,1.3572621,275.2869842,5463.0,3.77778,1.94771,8.64807,63.857632,-16.902144,FP
1195,1071.0898448,2.1734134,865.169438,2.2407785,1.3880259,276.8338183,4755.33,4.62683,0.701499,7.3551,16.908292,22.952868,PC
1196,52.9781419,4.7965246,6347.2690959,11.4471492,30.2653161,598.2132842,6461.8,4.35,1.33031,8.5822,87.401782,-54.910423,CP
1197,5.8492379,3.257,109.0,1.18919,389.669,1237.0,6461.8,4.35,1.33,8.5822,87.401782,-54.910423,PC
1198,1134.6723963,8.6844623,11679.2159464,11.7582195,8.6347102,437.2015486,5842.0,4.39929,1.0735199,9.26693,292.166942,53.487369,PC
1199,11.5778362,3.8772499,217.3994918,1.5422129,99.9013415,806.3295569,5739.0,4.51,1.02607,5.0494,230.440115,-48.318817,KP
1200,27.5920718,3.2743016,555.3352929,2.7050278,31.3830711,603.6616824,5739.0,4.51,1.02607,5.0494,230.440115,-48.318817,KP
1201,4.0802864,3.5341354,195.1972939,1.6208326,335.6075222,1091.635552,5739.0,4.51,1.02607,5.0494,230.440115,-48.318817,KP
1202,3.0565259,4.145,8800.0,15.1633,1438.0,1715.0,5981.0,4.07,1.6,10.6506,229.99122,36.229545,KP
1203,2.6162769,1.134893,1120.6014184,1.0972867,19.1060128,533.2271643,3352.0,4.8984,0.325635,10.2705,239.577568,35.408114,CP
1204,4.8101141,7.0284557,7372.2072763,23.5795714,2884.576407,1869.1332419,6417.0,3.7,2.6480999,9.63331,256.610728,44.776885,KP
1205,3.3491408,1.207,7210.0,5.37673,31.0153,657.0,3223.0,4.89993,0.32,12.8387,232.132653,27.361073,PC
1206,6.8161204,2.707,1020.0,3.07719,169.804,1005.0,5175.0,4.54,0.84,10.408,246.797267,42.687767,PC
1207,2.459032,1.856,1080.0,2.91282,489.853,1310.0,5175.0,4.54,0.84,10.408,246.797267,42.687767,PC
1208,25.3369848,3.214,1330.0,3.23582,25.3267,624.0,5175.0,4.54,0.84,10.408,246.797267,42.687767,PC
1209,5.4983034,2.2689024,12002.6938255,16.887396,479.363329,1193.3997746,6362.6,4.33,1.33874,8.2057,228.949819,27.36181,FP
1210,7.4355668,2.429,1170.0,2.4515,75.6724,821.0,4218.9,4.67,0.62,8.962,229.837442,29.207877,CP
1211,15.3474527,7.1483441,1043.9861069,6.0861555,194.7540847,952.7772822,5588.0,3.92293,1.79774,9.6087,234.431765,48.955206,CP
1212,1.7386695,1.1898354,13710.7615026,9.455763,418.9214934,1153.8594476,4746.0,4.52746,0.820258,14.6723,15.52504,-59.087724,PC
1213,5.6334662,4.2342162,5289.2750952,12.6629902,965.9074976,1421.8495139,6412.8,4.09,1.70392,8.27468,245.151432,41.04796,KP
1214,3.9415041,2.866,21330.0,13.8352,321.85,1179.0,5729.0,4.52,0.92,10.5484,240.549275,28.169625,KP
1215,0.4487349,2.8757897,3572.0328032,5.8054498,928.877466,1408.021727,3975.0,4.62844,0.627144,11.6484,31.17055,65.289331,FP
1216,11.1900486,2.9741507,567.7989939,1.6608182,31.192573,602.7435196,4958.0,4.66667,0.695992,8.5049,232.863345,33.902516,APC
1217,2.8758903,3.2828197,2907.810502,8.2875394,1529.9800936,1595.1120456,6084.0,4.17,1.46043,7.6262,247.622983,38.347535,KP
1218,8.8720542,3.6593396,6144.296801,11.9849813,343.7177625,1098.1716895,6042.0,4.15,1.47996,10.9461,282.795256,82.245414,CP
1219,7.1925327,2.551,1180.0,2.5719,75.7071,821.0,5050.0,4.59,0.77,10.5782,5.469534,66.168119,PC
1220,1.46329,2.431,750.0,3.54656,3541.21,2149.0,6168.0,4.29,1.28,10.5027,333.331904,62.857385,FP
1221,0.77871,1.458,670.0,6.16036,10057.7,2789.0,7751.0,4.0,2.25,10.9141,334.434433,62.465008,FP
1222,2.57134,3.824,920.0,10.7406,5344.87,2382.0,7125.0,3.54,3.56,10.9415,12.216148,59.386718,FP
1223,51.94509,8.094,2534.0,0.705818,4.34593,402.0,3203.0,5.01682,0.23,12.2423,43.018076,-67.687016,FA
1224,1.3254567,0.975,3365.0,14.4076,776.933,1470.0,5778.0,3.74,2.29,10.8489,349.672086,68.299217,APC
1225,5.7156075,4.0584797,12240.9298817,13.6015651,503.1185454,1207.9176608,6664.0,4.44,1.18444,10.7609,331.117808,81.565951,PC
1226,17.0096703,2.228,4730.0,13.5294,63.3708,1185.0,6542.0,4.33,1.5,10.9293,333.311732,81.739729,APC
1227,18.8243105,4.806,2360.0,9.62606,109.162,900.0,7014.0,4.05,1.95,9.46221,17.680098,65.249648,PC
1228,2.89453,3.327,550.0,6.20845,9411.16,2743.0,9714.0,3.98,2.68,10.5682,351.380744,54.601182,FP
1229,8.51226,3.068,620.0,5.90105,872.772,1185.0,9387.0,4.33,2.35,9.1196,17.73671,61.092107,PC
1230,1.2583329,1.17,440.0,4.91523,1480.01,1727.0,6549.0,3.89,2.18,8.97913,233.014923,24.085016,PC
1231,11.1518929,4.623,580.0,2.91771,206.982,1056.0,6319.0,4.38,1.19,10.67,234.861293,55.153498,PC
1232,3.7321195,5.738,4180.0,19.158,5711.67,2421.0,6570.0,3.68,2.8,10.5352,293.914601,81.554791,APC
1233,11.2479969,3.143,1429.0,4.97493,91.8858,862.0,6308.0,4.19,1.48,10.4719,307.022746,61.871411,PC
1234,43.8297863,4.3011392,647.2685163,2.8243863,15.6569489,507.3369958,5605.0,4.39973,1.03654,9.2182,12.97601,-59.343647,PC
1235,3.8608551,2.571,14670.0,11.2224,163.361,995.0,5019.0,4.43,0.92,10.8407,352.27473,71.506474,PC
1236,1.37477,1.601,960.0,3.0101,1122.82,1612.0,5825.0,4.44,1.02,10.4608,19.234846,62.35169,FP
1237,2.41872,2.685,1160.0,7.23529,1660.52,1778.0,6535.0,3.9,2.16,10.9518,350.369407,60.801171,FP
1238,12.0135482,4.216,950.0,3.82619,160.237,991.0,6178.0,4.33,1.23,10.1976,0.977557,59.334681,PC
1239,4.12066,1.721,1000.0,7.32494,1378.26,1697.0,9953.0,4.09,2.38,10.4887,351.880281,61.392515,FP
1240,9.07763,5.928,5912.0,12.6842,388.441,1236.0,6125.9,4.03,1.72,10.7799,1.119248,54.934497,PC
1241,1.4971447,2.4024159,16266.2491958,16.2528494,2643.654975,1828.8199186,6081.0,4.31,1.2431901,10.996,16.184942,74.331306,CP
1242,7.4072431,2.746,14750.0,14.6114,149.286,973.0,5887.0,4.35,1.14,10.4708,5.867146,71.158807,FP
1243,13.7905315,3.301,1140.0,2.60168,29.035,646.0,5021.6,4.6,0.76,10.7545,237.924107,52.306308,CP
1244,5.30329,3.707,1200.0,11.7443,473.142,1299.0,6054.7,3.41,3.48,10.6568,346.90982,56.694513,PC
1245,4.2529842,3.138,283.0,2.26991,636.914,1399.0,6222.5,4.06,1.45,9.4525,7.975464,-56.965081,PC
1246,13.5971906,2.713,574.0,2.09614,57.1337,765.0,5985.0,4.59,0.88,9.70362,323.908297,65.437536,PC
1247,1.1633325,1.7800569,384.9566815,5.5717234,102177.3532273,4559.9324771,11265.0,4.07,2.61707,10.6234,336.295039,67.971168,PC
1248,1.62263,1.555,1630.0,4.33692,713.443,1439.0,5016.1,4.33,1.01,10.0943,238.501017,19.596887,FP
1249,4.27808,1.9576205,1096.6013542,17.8096125,528.551257,1222.901639,4772.0,4.33,5.2787499,10.5008,310.331372,82.435302,FP
1250,3.5684459,2.934,939.0,5.87762,2297.53,1928.0,8124.0,4.33,2.08,10.7633,358.248392,60.481667,FP
1251,4.6981739,2.36,7417.0,31.434,1344.6,1185.0,6782.0,4.33,1.61,10.6526,324.238857,69.283946,APC
1252,10.2207,3.848,300.0,2.95608,226.74,1081.0,6748.7,4.13,1.72,7.3307,2.599567,58.489439,APC
1253,5.5986627,4.926,2490.0,9.34167,724.387,1185.0,6081.3,4.33,1.84,10.7165,226.116513,28.215715,PC
1254,1.51567,2.281,750.0,14.18,1102.82,1605.0,4963.0,4.33,4.96,10.5365,359.678289,62.625907,FP
1255,3.7543552,1.878,470.0,4.6716,931.407,1539.0,8398.0,4.27,1.75,10.1731,5.198855,55.542814,FP
1256,0.7363132,0.6736853,1322.5461054,1.5332682,117.7581671,840.1706554,3358.0,4.438,0.351676,12.4312,73.73822,-62.521874,CP
1257,2.2666808,2.952972,323.3107692,8.0158703,74785.3850435,4217.6829797,10125.0,3.62,4.1406498,9.8722,13.27005,60.618112,FP
1258,1.45655,1.51,580.0,1.83776,436.167,1273.0,4475.0,4.59,0.7,10.636,4.747716,56.367066,FP
1259,4.04163,1.719,3100.0,13.1608,304.098,1163.0,6895.0,3.87,2.36,10.155,27.778642,63.081422,FP
1260,21.07626,2.124,1890.0,11.6504,31.6166,660.0,7577.0,3.9,2.46,10.3499,331.70177,63.599044,PC
1261,8.8036803,2.997,8360.0,8.9006,72.699,813.0,5701.0,4.47,0.94,11.5906,254.130502,44.302536,KP
1262,4.0802864,12.5551812,1341.1309509,10.443271,352.5989492,1105.1977778,5701.43,3.56597,2.7564499,9.0024,192.577265,26.159536,APC
1263,1.76442,2.749,8800.0,23.0,17176.2,3189.0,9277.7,4.33,2.26,8.522,228.631968,-43.385063,FP
1264,8.812848,2.356,905.0,2.58968,109.341,900.0,5491.0,4.5359,0.88,10.4547,167.865299,71.540754,PC
1265,7.768982,2.181,1050.0,1.77405,11.3921,511.0,3700.0,4.70036,0.54,11.1806,186.27356,60.418346,PC
1266,5.9214229,2.4606208,140.4285921,1.0470381,122.1004834,847.8110943,5268.0,4.56138,0.823126,7.9726,245.728968,61.694836,PC
1267,5.649621,4.153365,47439.1858,27.681535,405.0881542,1144.213679,5963.0,4.31132,1.21025,13.4734,94.218082,-58.229798,FP
1268,6.3838817,1.68,360.0,2.30075,69.7857,805.0,5849.0,4.33017,1.16,9.74428,219.043374,68.940695,PC
1269,5.6739336,2.8074156,641.2779235,2.587582,265.3024804,1029.3310585,5873.3,4.46212,1.00286,11.04,256.601181,57.661033,PC
1270,3.167981,1.352,970.0,10.5098,31.7519,661.0,3546.0,4.93943,1.23369,11.6434,173.986546,75.546629,PC
1271,53.1991439,6.2024225,591.4602835,2.8396233,16.568599,514.56613,5729.0,4.32178,1.15632,9.45253,209.882326,58.93291,PC
1272,177.5830512,4.7901443,456.0908234,3.5953731,9.1603487,443.7085028,6594.0,4.16825,1.59978,8.38689,218.184395,43.756428,PC
1273,4.7981694,2.1425123,1051.0675882,2.3133532,47.3415434,669.0065237,4065.0,4.59496,0.667797,11.1345,210.044615,38.705641,PC
1274,10.3563596,3.4814933,923.942127,2.4103206,48.1191014,671.7367777,5149.6,4.6,0.772148,8.3745,217.392016,39.790399,CP
1275,35.1257472,2.839,2066.0,3.17021,3.78846,388.0,5149.6,4.6,0.77,8.3745,217.392016,39.790399,CP
1276,21.0153047,4.315,2072.0,3.78219,28.033,641.0,5149.6,4.6,0.77,8.3745,217.392016,39.790399,CP
1277,6.1155829,1.941,322.0,1.56167,152.993,979.0,5284.0,4.54246,0.85,9.7807,244.376954,68.894664,PC
1278,6.2772478,1.5325014,910.5215536,2.5385441,105.278027,816.9663784,5244.0,4.58339,0.800741,11.0372,227.179973,82.446925,FA
1279,1.4923242,1.063,550.0,1.21108,81.9599,838.0,3577.0,4.75448,0.48,10.8515,185.338193,57.752364,PC
1280,9.3174072,1.585,1170.0,1.93397,3.60844,383.0,3577.0,4.75448,0.48,10.8515,185.338193,57.752364,PC
1281,22.4586196,7.1989719,445.0003089,2.1229458,33.8973151,615.4050768,5493.0,4.43001,0.978381,10.3539,53.28158,-72.744051,PC
1282,63.5809449,3.6561358,1446.5029644,3.0597346,3.1507778,339.8006415,4868.0,4.61964,0.72252,11.4547,250.382981,80.04588,PC
1283,10.5054362,2.4850401,1320.6016253,1.947929,8.2567001,432.3359777,3742.0,4.72382,0.515547,11.642,264.302263,53.025567,CP
1284,5.1097197,1.6354976,540.1814411,1.3996848,21.5855207,549.743853,3742.0,4.72382,0.515547,11.642,264.302263,53.025567,PC
1285,30.200336,4.48,500.0,2.66521,28.0231,640.0,6004.0,4.36245,1.15,7.8206,241.581203,53.514641,PC
1286,17.969639,4.238817,1231.0381518,3.0570342,14.1574455,494.7274115,4410.0,4.507,0.767286,11.8737,284.767733,60.154455,PC
1287,6.0784031,2.117,1810.0,2.07448,15.739,554.0,3630.0,4.76664,0.47,13.3257,259.254539,72.747023,CP
1288,8.1490285,2.3210553,2850.6795113,2.5781465,8.990204,441.633629,3630.0,4.76664,0.466766,13.3257,259.254539,72.747023,FP
1289,4.0802864,6.7940415,1885.160909,3.4610442,1.4046835,277.6606693,5134.0,4.57244,0.799051,9.8499,152.223473,70.394557,PC
1290,41.7540004,4.491,820.0,2.75297,7.9761,468.0,5337.0,4.48036,0.91,11.316,285.921685,65.785672,PC
1291,20.261655,2.9685197,612.9485468,2.4206095,30.2935939,598.3529678,5337.0,4.48036,0.914083,11.316,285.921685,65.785672,PC
1292,4.0802864,16.0960466,548.082765,2.2664482,7.6309448,423.9008895,5647.0,4.48001,0.953815,10.0537,208.052955,75.165261,PC
1293,124.72987,7.2967692,1781.9160024,3.5130935,1.7337719,292.6629465,4902.0,4.5026,0.831423,10.8812,261.374894,75.88228,PC
1294,49.9950015,5.109,1080.0,2.65286,5.92112,434.0,5274.27,4.61038,0.78,11.5509,267.307163,54.415932,PC
1295,4.3794298,1.6639354,969.6957616,2.3149088,120.9359556,845.782334,4892.0,4.50955,0.742779,10.8545,19.394178,-66.903066,PC
1296,230.92212,15.8602661,284.9247434,3.6785805,10.5095659,459.2148716,6395.0,3.89312,2.1204,8.80613,276.394048,64.636881,PC
1297,177.2188871,5.5590645,294.429628,2.0323111,3.4452852,347.4769843,5809.0,4.33351,1.15025,8.1529,263.852071,64.380132,PC
1298,4.3032437,2.202,650.0,2.66568,195.793,1042.0,5468.73,4.37458,1.05,10.6375,212.547487,45.563868,PC
1299,53.8108713,4.2655099,965.1696621,2.2249096,3.0646979,337.4556203,4455.0,4.55621,0.730261,10.6699,302.737523,70.869653,PC
1300,18.7931749,1.09889,1844.6985474,1.7151271,1.8563658,297.7046646,3457.0,4.84825,0.376775,12.2669,254.142533,70.027316,PC
1301,17.6648787,2.61,670.0,1.25125,3.28445,375.0,3746.0,4.76979,0.46,11.0788,285.636524,75.418514,CP
1302,28.1722908,3.47,820.0,1.31656,2.45492,348.0,3746.0,4.76979,0.46,11.0788,285.636524,75.418514,CP
1303,3.1190716,1.1585974,2964.5828911,1.6229796,10.0845871,454.5004101,3285.0,4.98992,0.247331,13.4764,151.618699,74.827211,CP
1304,6.3878202,1.4551851,5857.0164704,2.041471,3.8775285,357.8973634,3285.0,4.98992,0.247331,13.4764,151.618699,74.827211,CP
1305,1.7890217,1.9190564,391.6251669,1.6741803,554.8261181,1237.8242135,5264.0,4.59586,0.791524,11.6685,297.393769,66.293958,FP
1306,4.0802864,12.4131426,230.8387014,2.4661884,13.8234959,491.7838032,7788.0,4.32577,1.5457799,8.20773,254.455649,68.699581,PC
1307,19.5078657,4.603,1770.0,3.92839,61.4917,780.0,4316.0,4.56,0.71,11.2011,285.786011,64.230256,FP
1308,9.0105414,1.8443264,4125.0713,2.1513682,3.3568205,345.2246743,3275.0,4.438,0.330146,12.5395,88.96184,-73.985288,PC
1309,23.6573994,2.308778,1180.9350567,3.0681221,23.5564568,561.884745,5535.0,4.57126,0.846615,10.8676,205.59347,76.647981,PC
1310,9.0754002,3.246,600.0,2.55169,97.37,875.0,5619.0,4.44,1.0,10.6397,266.13371,54.090971,PC
1311,6.7060238,1.6782365,542.9365808,2.12647,100.7791488,808.0950027,5292.0,4.58201,0.807811,11.4106,253.442793,65.293961,PC
1312,4.0802864,3.3394704,1474.5340825,3.219425,0.4927756,213.6889395,5292.0,4.58201,0.807811,11.4106,253.442793,65.293961,PC
1313,2.6620728,1.7235054,220.9994213,1.2172175,267.4349792,1031.3932912,4884.0,4.54,0.799716,10.3366,239.016918,73.07392,PC
1314,20.2926468,3.7402567,319.9395199,1.7004976,17.826244,524.0644631,4884.0,4.54,0.799716,10.3366,239.016918,73.07392,PC
1315,3.2723118,1.815,464.0,1.46772,133.517,947.0,4907.0,4.62,0.72,10.0556,151.612215,83.08784,PC
1316,5.904369,2.653,351.0,1.35959,85.3357,846.0,4907.0,4.62,0.72,10.0556,151.612215,83.08784,PC
1317,15.1808746,2.808,689.0,1.86864,18.1396,574.0,4907.0,4.62,0.72,10.0556,151.612215,83.08784,PC
1318,1.9803146,1.66,306.0,1.16969,301.491,1160.0,4907.0,4.62,0.72,10.0556,151.612215,83.08784,PC
1319,9.56111,3.0128111,381.556764,1.6790876,40.5800926,643.7214903,4907.0,4.62,0.723757,10.0556,151.612215,83.08784,PC
1320,15.9152686,1.1393111,652.5574248,2.2277479,23.4115602,561.0187018,4718.0,4.49012,0.821067,9.8565,181.064438,83.438034,PC
1321,0.6332593,0.8622011,1191.4597195,5.3027904,4030.7512475,2032.1990726,5590.0,4.45374,0.976212,9.85649,207.178453,44.911752,FP
1322,2.45457,2.39,19250.0,14.183,508.468,1322.0,5565.0,4.45,0.97,11.3819,286.796541,-58.696835,PC
1323,6.8019625,2.9121651,15465.6374163,29.3148832,501.9413628,1207.2104771,6300.0,4.22,1.42268,10.223,247.481601,21.495162,APC
1324,0.67249,1.801,7890.0,15.7288,14429.0,3053.0,6647.0,4.12,1.7,9.78569,253.186297,16.579915,CP
1325,6.5627165,1.8223088,2023.6772519,6.0814404,239.6265299,1003.4678766,5873.97,4.35182,1.08871,9.4906,110.279707,-68.578366,APC
1326,32.76639,6.089,500.0,3.20531,38.3962,693.0,6073.0,4.21,1.39,9.69902,282.229631,78.568946,FA
1327,1.2693421,1.0184352,626.1471348,2.4586279,1427.1660287,1567.6112605,5477.0,4.46,0.952786,9.1597,260.096376,20.281856,FP
1328,14.0120582,5.9348633,751.5203056,4.4835127,335.0295174,1091.1652269,7184.0,4.25,1.58046,7.1776,343.854335,70.29729,PC
1329,155.8237,10.641846,1164.4006092,5.5521957,156.5032302,902.0914695,7184.0,4.25,1.58046,7.1776,343.854335,70.29729,PC
1330,5.24612,4.194,1030.0,5.61881,368.522,1220.0,5286.9,4.33,1.76,10.5163,267.354593,40.457105,PC
1331,6.2099663,4.49,4090.0,14.369,1293.02,1670.0,6382.0,3.9,2.1,9.8251,261.096395,33.205073,PC
1332,3.69443,4.665,210.0,3.02321,5384.59,2386.0,8153.0,4.09,2.11,8.29254,19.595393,63.545086,FP
1333,5.309031,5.851,400.0,3.29096,2058.62,1876.0,6927.0,4.18,1.65,9.68129,23.829473,72.936844,FP
1334,28.6620782,4.351,2600.0,12.4971,119.851,921.0,6280.0,4.05,1.72,9.98272,25.690461,65.895769,FP
1335,2.34483,1.417,370.0,4.2647,580.577,1367.0,6398.0,3.89,2.13,8.63532,242.201,35.691135,FP
1336,7.2008624,2.142,51170.0,12.723,11.7385,515.0,3606.0,4.74,0.5,10.3978,244.429882,26.304211,CP
1337,0.3352724,0.7186284,18981.7461868,4.4688,11198.4790201,2823.7,3332.0,4.94964,0.3,12.5595,22.550024,-59.583246,APC
1338,5.7998189,1.014374,8567.3390223,2.6346124,3.7367095,354.6027378,3179.0,4.99978,0.240233,12.8233,23.507315,65.513988,PC
1339,2.3195654,2.0259086,19508.6953576,12.4030722,195.4879901,953.6736208,4325.66,4.438,0.628365,11.9441,263.944366,36.196492,APC
1340,3.5852284,3.0197224,16909.228538,14.5431829,547.1719916,1233.5328348,5852.0,4.40684,1.06725,12.658,264.27351,25.731147,KP
1341,10.3088372,3.473,1960.0,3.80877,71.1658,809.0,5432.0,4.56341,0.84,9.5373,243.940883,17.023904,PC
1342,3.5539283,3.6341388,9368.3887704,21.2028076,2276.2950187,1761.6794429,6184.0,3.9042,2.0085199,11.1116,268.304336,37.21174,KP
1343,5.0316309,5.6042382,5454.3434819,16.4901283,1766.8411884,1653.5568407,6350.0,3.87,2.1627901,10.1213,267.640491,36.570176,KP
1344,1.306188,1.4177746,24746.2794438,16.758883,1025.5021895,1443.2894048,5489.0,4.59342,0.820181,11.7213,268.029111,37.546327,KP
1345,5.5080682,2.6399995,21584.7573167,10.7299795,82.2406616,768.0533689,4790.0,4.58765,0.740113,11.733,256.346376,33.012325,KP
1346,16.3413889,5.3764481,372.0970618,2.629079,86.231465,777.2060824,5991.11,4.37711,1.12506,6.6813,256.9818,32.105303,PC
1347,4.627664,2.306,6190.0,14.3694,1038.78,1581.0,6727.6,4.22,1.55,9.54417,260.116172,38.242168,KP
1348,23.5199045,3.222,1243.0,2.30502,10.453,500.0,4566.4,4.93,0.67,9.7806,38.887291,-71.624247,PC
1349,7.7565534,2.4341043,286.2558604,1.1359985,37.2050274,629.8978948,4566.4,4.93,0.672062,9.7806,38.887291,-71.624247,PC
1350,5.0052605,4.9057646,7641.404098,13.6314528,746.902456,1333.3240765,6115.0,4.16703,1.46701,11.0269,271.537672,26.426606,KP
1351,1.8468345,2.565,13237.0,16.4012,1845.3,1825.0,6352.0,4.27,1.36,10.1058,278.631741,35.661431,KP
1352,3.2440454,3.6774272,15011.9381969,21.0498466,983.3097556,1428.2108779,5703.0,4.16,1.38951,10.2025,283.305449,24.127248,KP
1353,3.8266587,2.0605848,1181.8154296,2.4536347,81.1071602,765.3931102,4175.0,4.54,0.716312,10.8571,261.243831,32.798397,PC
1354,9.2292064,2.927,1560.0,3.09843,25.7273,627.0,4406.0,4.50428,0.77,7.7945,271.935501,39.072927,PC
1355,4.0802864,5.109,9670.0,7.85085,8.23524,471.0,4406.0,4.50428,0.77,7.7945,271.935501,39.072927,PC
1356,2.7884723,2.9462464,14467.6854046,13.9432645,850.6754194,1377.4020358,5833.0,4.35385,1.12956,11.3998,274.405533,36.621462,KP
1357,7.8519082,1.6318726,3873.9591492,2.1705803,4.8904688,379.2777558,3384.0,4.87998,0.34388,11.7371,281.176343,36.563132,CP
1358,14.1502269,3.8264451,41358.8663923,18.6317683,34.4595552,617.9412206,4882.0,4.45655,0.873952,12.2186,274.143956,34.173012,APC
1359,1.4821845,2.5956827,16269.2562793,27.5079498,4005.675856,2029.0310837,6835.31,4.37191,1.31284,12.5466,281.6619,41.56002,FP
1360,1.4013784,1.7042715,19735.2001267,13.9977478,917.4100949,1403.6558119,4984.0,4.41028,0.934977,12.4197,267.284885,29.879043,KP
1361,18.5537012,3.438,448.0,1.57606,25.0891,623.0,5346.2,4.6,0.8,8.0089,99.458741,-70.931327,PC
1362,9.695961,2.772,122.0,0.808552,66.2914,794.0,5346.2,4.6,0.8,8.0089,99.458741,-70.931327,PC
1363,2.4706114,1.794486,14310.7159758,13.7703405,817.5658193,1363.7991993,5854.0,4.45,1.01613,10.854,286.808526,49.316421,KP
1364,18.2615937,3.7116163,984.3130005,3.1669431,44.3386744,658.1356644,5674.0,4.49483,0.941409,8.8975,258.762346,18.340345,CP
1365,9.3004351,2.3510062,1595.2088627,1.5550304,4.6279256,374.0815959,3472.0,4.86042,0.363966,11.0768,267.046624,15.980109,PC
1366,5.589946,5.032,3840.0,12.1202,1816.63,1818.0,7437.0,4.09,1.95,10.1041,62.572982,75.170931,PC
1367,37.3411611,5.5955657,902.1473067,2.8105146,13.1002541,485.2211014,5452.0,4.53224,0.875453,9.90667,350.25314,79.441782,PC
1368,10.2611053,7.334,1920.0,12.1819,506.103,1321.0,6202.0,3.63,2.78,8.55942,263.758075,40.695043,CP
1369,5.8924856,3.134,4530.0,17.4655,1958.56,1853.0,7272.0,4.0,2.13,9.9094,269.989998,29.655175,FP
1370,26.2049782,5.8635323,5593.1821784,10.15497,68.292759,733.1847347,6115.0,4.25,1.3363301,10.7047,155.641594,83.083724,PC
1371,23.48522,3.546,6020.0,14.0152,62.0856,782.0,5930.0,4.11,1.51,10.6746,281.814167,64.806519,FP
1372,0.5842495,0.559,1041.0,5.50799,1217.74,1645.0,6020.0,4.18,1.34,10.1099,285.596508,42.507414,PC
1373,26.2851404,2.7692779,975.2076991,3.082863,29.1144876,592.4436342,5821.0,4.44094,0.96445,10.5011,7.318008,-63.790623,PC
1374,2.2263798,2.863,1270.0,6.51393,2064.9,1877.0,6446.3,4.03,1.84,10.4288,264.591131,18.473875,FP
1375,15.64643,7.75,6010.0,16.1126,323.367,1181.0,5660.0,3.86,1.95,10.142,275.117976,30.85588,FP
1376,3.3772835,3.6434514,7216.4961357,15.3058361,2195.7879328,1745.8918919,6688.0,4.11,1.73235,10.7053,26.338972,77.790123,CP
1377,2.7180835,6.1842922,329.1728205,4.2423946,3009.1075587,1888.9879062,5668.0,3.76,2.1805999,9.54581,274.87052,71.248626,FP
1378,3.8240826,2.5172521,10096.1098633,16.0547024,1005.8946259,1436.3420387,6243.0,4.24,1.38719,10.6611,71.028148,84.364265,CP
1379,3.7246883,3.078,3320.0,10.8811,686.503,1426.0,6144.0,4.02,1.74,10.9939,5.800269,84.452839,PC
1380,0.67554,0.922,680.0,15.6973,7493.17,2591.0,4872.0,4.33,2.74,9.87437,274.416666,23.917679,FP
1381,8.4249043,2.311,21600.0,15.0361,92.8193,864.0,5756.0,4.51,0.93,10.7033,261.71771,25.84927,APC
1382,8.6007557,3.304,5090.0,10.7988,81.4989,837.0,5389.0,4.06,1.5,10.1669,276.810053,20.526887,CP
1383,10.0509704,6.129,8660.0,13.5943,263.046,1121.0,5844.0,4.16,1.41,10.8595,264.45404,47.230289,APC
1384,34.5547864,5.771669,7134.6916346,7.3040024,9.5633934,448.5106448,5025.77,4.66348,0.801736,11.5748,73.980013,-63.26033,CP
1385,17.3890454,2.6516541,2971.7532268,6.4840125,23.8921547,563.8759593,5025.77,4.66348,0.801736,11.5748,73.980013,-63.26033,CP
1386,2.2390502,1.64,490.0,2.73215,640.033,1401.0,6021.0,4.29,1.25,10.6071,291.125974,56.881296,PC
1387,1.5873866,1.51,110.0,1.09083,466.553,1294.0,5028.0,4.55,0.81,9.5998,304.444709,77.166678,FP
1388,12.9774853,3.259,770.0,4.66514,103.437,888.0,6610.0,4.14,1.66,10.2182,291.524023,58.510182,FP
1389,5.2132047,3.978,600.0,3.62738,748.203,1457.0,6318.0,4.2,1.47,10.235,261.440953,23.057031,PC
1390,1.09333,1.975,1250.0,12.2642,2102.07,1886.0,5274.0,4.33,3.39,10.879,277.907741,13.897884,FP
1391,0.9499997,2.544,4200.0,14.0337,14232.8,3042.0,7421.0,4.0,2.16,10.8207,281.405754,16.415367,APC
1392,5.135429,3.698,353.0,3.39907,1030.49,1578.0,6515.0,3.97,1.99,10.0788,260.30306,63.239282,PC
1393,23.0531698,1.228,2940.0,9.12613,7.85406,466.0,5752.0,4.3,1.19,10.7791,242.364094,84.491119,FP
1394,37.83633,5.713,8240.0,13.5094,80.1971,833.0,6641.0,4.38,1.26,10.9591,306.223028,74.837343,FP
1395,8.2148505,3.839,3140.0,10.4375,216.17,1068.0,6183.0,4.0,1.81,10.5527,279.170112,23.258619,PC
1396,3.138604,3.327,320.0,6.6202,20492.9,3333.0,6278.0,4.08153,1.55,8.735,91.608698,-58.953703,FP
1397,9.2787477,4.528,532.0,2.19592,244.96,1102.0,6018.0,4.39,1.12,10.4679,164.313856,89.086923,PC
1398,1.78166,2.765,8160.0,13.9111,2772.81,1185.0,6528.0,4.33,1.49,10.8181,270.898715,38.073512,FA
1399,1.78252,2.729,1920.0,18.6528,4451.36,2275.0,5085.0,4.33,3.7,10.8642,273.702683,37.629995,FA
1400,0.6856225,0.751,723.0,3.35129,2492.49,1968.0,5829.0,4.41,1.06,10.4929,145.799111,87.86853,FP
1401,2.9601848,2.014,960.0,4.21067,463.247,1292.0,6069.0,4.24,1.33,10.5817,268.823955,40.167475,PC
1402,4.4379727,4.7176624,16222.5125043,20.3565337,944.8725135,1414.0444235,5967.0,4.08,1.5696599,12.9614,286.243446,50.040367,KP
1403,7.8914271,4.2653156,9822.0002486,12.9299942,278.9767986,1042.3456808,5883.0,4.25,1.27992,12.9934,282.629633,46.323281,KP
1404,3.5224751,3.2804955,8602.325645,15.9014832,1423.8679407,1566.7048126,6179.0,4.11,1.5817,13.1448,281.288134,42.451098,KP
1405,3.024111,2.7209657,7558.6411086,12.0899079,1227.3844251,1509.6104781,6041.0,4.22,1.36388,13.4633,285.240829,46.668241,KP
1406,15.1689723,2.0633315,7818.5475582,11.7952966,83.3855897,770.7126737,5713.0,4.34,1.12898,11.4864,22.445812,-60.73991,CP
1407,0.4384814,0.5192935,486.4774785,0.6505972,155.7120176,900.9491556,3146.0,4.438,0.284538,13.3292,58.422001,-68.738628,PC
1408,8.3522143,1.6637119,3924.642229,1.8017268,3.0609406,337.3521453,3146.0,4.438,0.284538,13.3292,58.422001,-68.738628,PC
1409,260.1740061,24.0527095,4747.959592,11.3192423,3.9769164,360.169028,5739.0,4.03,1.62762,8.56854,277.94363,56.650679,CP
1410,8.379057,2.899,2930.0,4.97002,85.2468,846.0,5574.0,4.51,0.91,12.1625,270.558091,63.54963,PC
1411,3.5484481,4.5123025,7022.0056891,15.2165016,1875.0117415,1678.3044553,6295.0,4.03,1.78185,12.7655,299.407034,44.035039,KP
1412,6.5011256,5.442,4370.0,10.5098,388.818,1237.0,5485.0,4.33,1.23369,8.0348,283.489697,37.380825,PC
1413,6.9067783,6.211,900.0,9.36468,821.834,1491.0,5731.8,3.65,3.15,11.4057,100.833125,-66.947656,CP
1414,7.2147718,4.0147754,8580.1836801,10.1239555,191.6045333,948.9016343,5440.3,4.4,1.08637,12.7421,314.576665,-40.268633,PC
1415,4.4765244,2.9941572,9051.9752421,14.5380256,636.8874406,1281.2545502,5772.2,4.4,1.37148,13.0654,357.002336,-68.487698,PC
1416,2.7492277,1.688,11250.0,12.683,271.924,1131.0,5344.0,4.4,1.14,13.0769,96.940806,-79.409779,PC
1417,3.7348347,2.4593886,8944.8978757,14.5594188,830.1716952,1369.0261069,5829.0,4.3,1.36818,13.0943,347.94394,-69.85417,PC
1418,4.4343998,2.828018,13213.7471029,11.8291968,261.8773747,1025.9926373,4979.4,4.33,1.00254,13.458,34.085419,-78.70071,PC
1419,4.4617755,5.4532494,18854.6431909,31.9660922,2086.0189812,1723.6509122,6354.0,4.24472,2.23892,12.7222,97.453898,-57.254816,FP
1420,5.3160704,4.3526595,14202.6126293,19.5006469,621.3098726,1273.3471283,5477.0,4.4,1.5522701,12.5965,311.751171,-38.670656,PC
1421,4.0115394,2.2686483,14587.5117969,15.3487909,550.5706841,1235.4438742,5741.0,4.3,1.13908,12.8641,313.40292,-36.821547,PC
1422,6.2643562,3.7445912,10438.0274532,11.4776098,223.3152123,985.937367,5262.0,4.4,1.12916,12.5625,353.281713,-76.819155,PC
1423,2.1223673,1.5855365,8056.3340252,12.9814367,1534.9059997,1596.3943994,6079.0,4.33912,1.19653,11.3996,313.691232,-72.80464,CP
1424,15.3419095,2.736,683.0,1.7005,14.2526,541.0,4669.0,4.63,0.69,7.4259,299.156339,-31.335181,CP
1425,4.1645693,2.0298334,7718.0636746,8.917885,254.5550311,1018.7442508,5101.7,4.33,0.933443,10.9916,34.840097,-72.708894,PC
1426,1.1953968,1.5752293,1127.2344564,3.5030245,2072.5203184,1720.8556767,5728.0,4.4217,1.02917,11.3643,312.340074,-70.485072,CP
1427,4.954648,3.639,7357.0,13.0889,612.686,1386.0,6562.0,4.24,1.47,9.0532,311.042756,-39.225486,KP
1428,4.9549631,5.9565174,8236.2566801,18.4504689,1489.5542795,1584.4693148,6282.4,3.92936,1.99207,11.117,309.511234,-48.462083,KP
1429,3.3771114,2.4508029,4515.155077,8.6110106,756.2609502,1337.4811458,5614.86,4.21917,1.28017,11.4513,311.673345,-41.820983,KP
1430,10.6953083,2.044,920.0,2.84818,66.8553,796.0,5272.71,3.98846,0.88,9.6878,91.799699,-61.99721,CP
1431,2.9360281,2.118,6790.0,7.18912,288.087,1147.0,4983.6,0.2,0.83,12.3181,98.783507,-72.456778,PC
1432,1.3477642,1.112,762.0,6.61528,6992.14,2547.0,6252.0,4.19,1.47,10.2001,316.66971,-57.577978,PC
1433,11.9124942,3.7520869,19304.2778014,11.3754057,42.7254261,652.0656914,5064.0,4.53576,0.823883,12.173,51.228421,-73.957546,CP
1434,3.05631,3.0708372,17308.3639678,20.0727443,1530.297116,1595.1946687,6344.0,4.21787,1.44638,12.3775,325.104572,-54.034226,APC
1435,2.2250514,2.3678871,13144.590055,10.0926189,470.7466523,1188.0003255,5103.0,4.48023,0.883426,13.191,289.297427,-60.89176,KP
1436,0.8891392,1.2094135,41421.5941276,14.2531082,280.5749642,1043.8352977,3653.0,4.60969,0.649887,15.0804,94.315682,-56.509859,PC
1437,1.7690121,1.0172953,10110.2139841,10.5045599,313.4011658,1073.1116296,4683.0,4.62,0.701795,10.7218,322.253764,-58.836147,KP
1438,8.0016656,4.5607757,4891.8513486,11.0757082,455.0553754,1177.9742899,6146.0,4.12,1.55738,10.9651,307.596693,-44.887618,CP
1439,0.6743453,0.9010413,103652.0705638,12.4716613,98.7994686,804.0969257,3228.0,4.90232,0.321846,15.7438,65.528812,-61.36859,PC
1440,3.4391152,3.3615891,12391.7493402,13.6350253,688.3062667,1306.3669377,4955.0,4.4,1.21438,13.3304,111.442356,-77.776659,PC
1441,0.62425,0.774288,954.060325,1.671618,353.894099,1106.2112728,3765.0,4.75169,0.525,12.1535,356.492464,-56.344047,FP
1442,12.7846809,4.8533784,19658.0816662,11.7994875,49.2454527,675.6336681,5077.7,4.4,0.836244,13.4669,347.462945,-79.699998,PC
1443,3.0911721,1.9714799,349.193899,1.666703,295.0992437,1057.0895356,5253.0,4.54958,0.834386,9.2551,308.539086,-29.672613,PC
1444,5.129391,2.9020811,9222.0949185,8.8195664,181.6589822,936.3408453,5116.3,4.45,0.920804,12.4235,44.529245,-66.949285,PC
1445,5.1794021,2.58258,6051.5876034,9.5302772,430.1258186,1161.4984313,5784.0,4.3,1.21172,13.2598,326.582729,-61.107837,PC
1446,2.4156482,2.837,3550.0,10.5098,1169.2,1629.0,5727.0,4.3,1.23369,12.6562,117.867565,-72.285046,PC
1447,5.7772122,2.56341,1470.3821261,2.8693434,75.3605118,751.4597253,4882.7,4.6,0.729818,9.977,286.073121,-32.354279,CP
1448,5.68083,3.807,2110.0,6.4984,519.68,1330.0,6295.0,4.3,1.39,12.0253,12.074996,-68.439297,PC
1449,3.8300938,4.2606707,7799.8911111,11.8827236,810.4219076,1360.8101587,5916.0,4.3,1.3126301,12.8172,35.750418,-71.457945,PC
1450,0.3456911,0.648,2800.0,10.1929,18378.3,3243.0,6282.0,4.3,1.05,11.5547,107.155704,-64.232801,APC
1451,10.1688722,4.3884108,7366.339761,12.8424534,258.7751983,1022.940591,5161.7,4.3,1.3986,12.9901,107.819578,-78.238464,PC
1452,4.0802864,0.68,5530.0,8.85869,86.1510668,777.0248613,5709.0,4.438,1.0929,8.7635,359.162484,-44.719403,FP
1453,1.3926549,2.0005269,7098.4535786,13.3635819,2439.8676565,1792.5088851,5615.0,4.39,1.2094899,11.6659,97.320501,-65.337781,PC
1454,4.0802864,3.5738006,2872.2887525,4.0269258,76.6379132,754.6240935,3588.0,4.60198,0.698009,6.755,311.291137,-31.34245,CP
1455,2.2456869,3.155,12600.0,17.5083,2366.82,1943.0,6381.0,4.2,1.5,12.7427,119.185192,-67.071931,PC
1456,6.9309657,5.2921448,6887.4200394,13.513657,586.1868131,1254.9567552,5847.0,4.3,1.59136,12.0599,18.689893,-81.982165,PC
1457,0.5055105,0.648232,2269.199137,4.9709812,4944.3687757,2138.6881512,4996.3,4.5,1.01489,11.9987,61.242969,-78.374681,PC
1458,3.5775562,3.531,4060.0,10.5098,476.6809228,1191.7267626,5823.3,4.3,1.23369,13.3639,112.767471,-72.667447,PC
1459,0.9017685,0.635,958.0,4.77441,446.986,1280.0,5828.0,3.9,1.36,9.6968,333.559598,-59.568325,PC
1460,4.2217717,2.561,594.0,2.81922,305.107,1164.0,5763.48,3.99846,1.21,10.0106,337.517756,-67.850146,PC
1461,11.5472009,1.0326107,663.4411526,3.1457403,141.4530508,879.5749032,5763.48,3.99846,1.20847,10.0106,337.517756,-67.850146,PC
1462,3.36296,2.594,750.0,2.69668,414.8,1257.0,5420.0,4.5,0.9,10.8911,289.018075,-46.480756,FP
1463,4.98668,2.267,860.0,5.51463,339.923,1196.0,6046.0,4.06,1.64,10.6658,294.572181,-46.398078,PC
1464,14.445918,1.533311,1273.806981,3.290507,37.1099416,629.4950471,5063.0,4.48439,0.87237,10.2733,339.677571,-25.631849,FA
1465,1.79217,1.797,1710.0,21.4342,436.663,1273.0,4884.0,4.33,4.7,10.9198,304.452849,-44.968454,FP
1466,5.46278,1.274,2982.0,19.5752,281.499,1141.0,5801.0,4.33,1.69,8.565,308.563699,-48.274725,FA
1467,11.45959,0.956,650.0,10.5098,365.719,1185.0,5801.0,4.33,1.23369,8.776,301.540122,-33.667484,PC
1468,2.50876,1.02,5600.0,18.7769,324.413,1182.0,5226.0,4.28,1.13,10.9896,296.919659,-32.575966,APC
1469,2.91615,1.481,2280.0,13.4791,253.391,1111.0,6103.0,3.64,2.69,10.7837,299.229827,-35.397179,APC
1470,17.14012,1.176,2180.0,8.14257,5.93171,434.0,6378.0,4.1,1.67,10.8988,41.091524,-74.789817,APC
1471,3.5315897,2.689,7230.0,14.2116,551.242,1349.0,6209.0,4.09,1.62,10.8673,20.166011,-86.979965,CP
1472,0.49642,0.572,1000.0,5.57222,2758.3,2018.0,7000.0,4.33,1.41,10.9987,302.999475,-37.561663,FP
1473,3.3904897,2.878,260.0,2.40673,764.344,1464.0,6113.8,4.19,1.43,10.7188,67.657808,-70.35491,PC
1474,92.1951455,4.011,4530.0,18.1885,0.785468,262.0,5030.6,4.33,3.0,10.7891,65.410196,-67.467038,FP
1475,705.5844658,1.9189212,101204.8459939,17.179547,16.720729,515.743249,3689.0,4.78104,0.487,11.1427,1.977969,-29.979603,APC
1476,3.06555,2.483,2920.0,5.41363,1605.05,1763.0,5285.0,4.7,0.71,10.9931,290.986777,-36.910419,FP
1477,3.3243,2.337,1150.0,21.7252,181.989,1023.0,4779.7,4.33,5.76,10.1738,295.256495,-27.859275,PC
1478,6.53144,5.713,700.0,6.77621,808.553,1485.0,6037.2,3.66,2.58,9.9279,315.171774,-35.871099,PC
1479,5.41418,4.428,7850.0,10.5098,816.558,1489.0,6664.0,4.33,1.23369,10.8068,310.483615,-38.878009,APC
1480,5.46377,1.036,4010.0,12.894,23.3924,612.0,5286.9,4.33,1.95,9.1984,308.563502,-48.274841,PC
1481,3.7981107,3.914,750.0,4.13478,911.152,1530.0,5042.0,4.04,1.51,10.8366,117.281011,-80.893886,PC
1482,2.9663437,4.44,206.0,2.02837,2291.32,1927.0,5807.0,4.14,1.59,9.9676,113.043495,-65.811395,FP
1483,5.41402,4.418,7780.0,15.9563,694.699,1185.0,6394.3,4.33,1.75,10.787,310.483618,-38.878003,FA
1484,62.1624516,4.319,3710.0,10.3408,10.4285,500.0,7546.0,4.24,1.66,10.4653,80.624017,-70.254329,PC
1485,1.27349,1.655,920.0,13.6856,891.053,1522.0,4982.0,4.33,4.35,10.3486,304.628882,-30.648846,FP
1486,4.0802864,4.8120529,4104.5873474,5.5237367,3.1063855,338.5973763,4658.0,4.53096,0.710768,11.0316,343.88039,-24.409733,PC
1487,0.8153098,1.373,189.0,1.19041,2785.3,2023.0,5729.0,4.47487,0.97,10.1583,296.355007,67.310971,FP
1488,11.5743561,6.0493763,14285.1321998,18.1309835,205.6631556,965.8481969,5776.0,4.13,1.4578,12.7778,278.989527,70.160757,PC
1489,12.3794491,2.79,530.0,6.72429,72.0531,811.0,6582.0,3.69,2.78,10.8841,270.277609,61.347153,PC
1490,85.4244796,3.6658465,1134.2233028,4.4208054,10.9176682,463.6093885,5697.0,4.21712,1.29609,9.9558,276.868143,73.264575,FA
1491,26.458069,3.117,404.0,2.52936,11.8255,516.0,5706.0,4.84423,1.37,9.34244,275.393588,62.369002,PC
1492,11.9526103,2.74,9860.0,11.4014,48.2015,1185.0,6049.0,4.438,1.25,12.0836,316.892698,74.383252,PC
1493,13.961418,4.5539281,792.671126,2.2841549,46.7589836,666.9388481,5270.9,4.438,0.813544,10.446,225.315683,40.946827,PC
1494,35.1896444,3.3254029,4524.9353925,2.2253696,0.6703132,230.7752258,3446.0,4.89707,0.326932,12.9672,194.739614,77.661716,CP
1495,9.6799809,1.806,15870.0,14.6081,31.1433,658.0,5980.0,4.39,1.11,12.2169,268.029535,62.79094,FP
1496,16.5899447,1.479,520.0,4.2671,18.1847,575.0,6690.0,4.1059,1.74,7.97758,244.5642,42.62706,PC
1497,4.0802864,2.67,13400.0,4.214299,1.3025049,272.4674275,3396.0,4.91468,0.334,12.4253,342.967188,-24.78778,FP
1498,0.3524586,0.8508711,293.5824518,1.6511948,6839.3993041,2319.3924521,5432.0,4.51,0.898416,9.75874,247.667,49.046789,CP
1499,1.9011481,1.042,1900.0,4.5911,183.197,1185.0,5392.0,4.33,0.99,12.4841,284.022679,70.25412,PC
1500,1.4937444,2.044,160.0,1.62102,2431.71,1956.0,6328.0,4.32136,1.28,10.4267,266.406455,59.514199,PC
1501,4.0802864,14.9235889,357.7289632,1.6330887,0.8574118,245.4240451,5599.0,4.57217,0.852643,9.7115,237.961131,83.110888,PC
1502,121.3342908,6.1861599,1830.5369311,4.1767182,4.5797413,373.1040687,6140.0,4.54184,0.957395,10.5653,295.927746,78.725919,PC
1503,0.8294084,0.5583289,254.6127529,2.4799192,4983.6132078,2142.9193755,5951.67,4.438,1.52424,9.1021,239.787768,32.395973,PC
1504,2.326343,1.2195051,4153.6144436,1.9763187,15.1203939,502.933455,3244.0,4.97167,0.261162,13.5042,245.28004,31.577041,PC
1505,3.4950422,1.0311342,2004.426903,1.2734423,6.0694989,400.3206181,3022.0,4.99625,0.242745,12.2591,65.061496,84.900824,PC
1506,2.0344366,0.958248,1142.0994266,0.901106,12.4881234,479.450797,3022.0,4.99625,0.242745,12.2591,65.061496,84.900824,PC
1507,2.2891027,0.8344032,1384.622855,0.9131404,10.6709326,460.9675388,3022.0,4.99625,0.242745,12.2591,65.061496,84.900824,PC
1508,7.1566025,1.218975,674.5586897,3.1263063,253.7528508,1017.9407073,5910.35,4.35957,1.13489,10.1338,226.46964,39.636553,PC
1509,1.4206036,1.6483243,448.0101837,1.1974247,148.490368,890.3162916,3872.0,4.69525,0.548484,11.9521,264.147896,77.126216,FA
1510,2.8411415,1.174,530.0,1.42162,35.9524,682.0,3872.0,4.69525,0.55,11.9521,264.147896,77.126216,PC
1511,10.4029111,1.3721731,824.1851185,1.8465904,10.4421274,458.4764117,3872.0,4.69525,0.548484,11.9521,264.147896,77.126216,PC
1512,4.0802864,1.51,30400.0,2.432614,0.2909982,187.3235245,2808.0,5.20628,0.128,13.8409,356.527357,-16.691464,PC
1513,4.0802864,4.6288711,261.9656428,2.7599934,5.4579122,389.8310122,6380.43,4.1278,1.61077,7.7293,244.382265,61.368246,PC
1514,26.5456672,2.582,8290.0,29.1697,28.3073,642.0,6180.0,4.06,1.68,11.8248,296.710289,70.071943,APC
1515,32.8236817,15.237374,368.5500142,5.1519952,206.9642192,967.3721204,6258.0,3.68336,2.63025,8.1526,359.853101,68.384119,APC
1516,46.5710978,6.1832559,328.3531481,2.1305645,27.1915284,582.409103,6495.0,4.43957,1.15083,8.75584,81.240221,79.74934,PC
1517,2.6796164,0.9028948,827.5423687,1.8334769,83.7078249,771.4561825,3943.0,4.62547,0.63072,10.3543,277.459311,40.541412,PC
1518,1.1188024,1.119,427.0,1.44009,247.175,1104.0,3943.0,4.62547,0.63,10.3543,277.459311,40.541412,PC
1519,20.1546939,1.3244754,1039.4977103,2.3244125,14.1253091,494.4464236,4863.0,4.63136,0.712388,11.4208,234.512299,69.017531,PC
1520,76.8663962,6.7753035,341.5578492,1.9249103,5.1039406,383.3506039,5482.02,4.5343,0.877042,8.9072,261.836763,58.214352,PC
1521,101.9509736,12.4042036,178.9213506,3.3789105,40.7166029,644.2621741,6358.0,3.76624,2.43663,7.98614,273.497311,80.658462,PC
1522,1.4663344,0.447,920.0,1.87124,40.7842,704.0,3412.0,4.9014,0.32,12.4199,289.513338,56.236779,PC
1523,3.1434423,1.6777091,807.5270012,2.4591321,221.9260448,984.4004824,4962.0,4.55115,0.794997,10.2455,255.245795,45.386283,PC
1524,2.6865041,2.5524772,12250.4189724,13.7470239,994.8105653,1432.3687809,5738.0,4.23836,1.18274,13.2576,358.558844,-30.013038,KP
1525,18.6016754,2.3690896,559.9932489,9.1300283,845.8744041,1375.4544745,6175.0,3.37301,3.7007,8.44143,254.588507,45.936445,PC
1526,210.668358,10.3865576,342.5966404,2.8961818,17.3175389,520.2849849,6683.0,4.22146,1.52592,9.13648,294.390164,66.971432,PC
1527,12.5520766,6.8268193,202.0868952,2.8228669,495.3032121,1203.1992033,7020.0,4.09526,1.84505,9.29735,294.376052,74.78231,PC
1528,0.4018586,1.5779753,111.3648011,0.5525072,568.7058283,1245.4940849,3621.0,4.7197,0.520283,11.2076,248.333273,63.524496,FA
1529,4.968923,2.0359366,381.0968827,2.5692919,510.5645624,1212.362282,6109.0,4.33438,1.20835,9.88372,252.471891,47.316983,FP
1530,27.2695221,2.4633215,1695.5626211,1.9042062,1.6049577,287.06857,3546.0,4.77262,0.460014,11.3078,332.563264,58.706093,CP
1531,179.4031712,10.7569968,618.5780905,3.7472354,8.4378703,434.6883098,6863.0,4.27882,1.4648,9.85236,292.823315,72.538317,PC
1532,11.8120707,3.3324162,189.027556,1.7481305,154.3200348,898.9288685,6037.0,4.32817,1.20105,8.5709,222.75079,85.895391,PC
1533,8.9172211,2.6426767,2147.0816912,2.7931797,17.1075621,518.7006367,4066.0,4.67766,0.605243,12.709,251.11918,60.086043,PC
1534,63.39545,5.1295954,851.8694759,3.3507179,10.0390505,453.9864688,5717.0,4.43377,1.0149601,10.0011,255.097557,39.73025,PC
1535,3.1260778,1.7185367,11383.7527081,10.9257115,328.1564535,1085.5253926,5100.0,4.4651,0.874706,11.5005,5.237757,-35.998465,KP
1536,0.3862197,0.9122445,437.6381201,1.1988782,873.6229278,1386.5985937,3863.0,4.67991,0.566304,11.1079,321.599582,68.640531,PC
1537,9.405877,1.5560322,1425.9330181,1.977596,9.8226818,451.5202868,3869.0,4.75875,0.475701,11.9959,304.299053,65.871559,PC
1538,7.0767314,2.444,630.0,2.4422,106.205,894.0,5781.0,4.45679,1.0,10.8746,304.266636,65.153844,PC
1539,6.0683318,1.9825707,1742.7332385,2.1199939,15.1794104,503.4234887,3668.0,4.73795,0.499376,11.814,115.593377,70.404076,PC
1540,340.3877311,9.2318877,718.3774619,3.6888424,2.3021148,314.1604363,6424.0,4.33722,1.27808,9.78288,288.108567,54.640427,PC
1541,100.1147944,1.8314202,1180.5148284,5.1800896,11.1294719,465.8417284,5660.0,4.10485,1.47127,9.00772,281.576196,50.492466,PC
1542,139.2632286,15.5650549,403.2688035,1.8388146,2.3286226,315.0609123,5373.01,4.49164,0.90717,10.4431,266.931576,55.872814,PC
1543,22.048775,3.8087167,540.6928554,1.9509885,15.3309639,504.6753756,4836.0,4.53282,0.794435,11.6702,250.739892,76.449587,PC
1544,4.0802864,7.6412469,1990.1263914,2.8951165,0.4779984,212.0685941,4239.0,4.61861,0.659937,11.1919,274.512058,74.466535,PC
1545,165.0212761,3.5263664,2733.6828342,3.6930639,1.8558259,297.6830148,5780.0,4.56973,0.699973,9.863,286.227961,79.755949,FA
1546,13.340145,4.611198,589.893526,3.929267,268.2186408,1032.1480322,6467.0,4.16063,1.57943,8.7435,346.319169,-36.945639,FA
1547,4.8566656,2.585881,1163.8416088,3.2987328,179.2788125,933.2585799,5607.0,4.63178,0.796892,11.8231,297.416187,68.883354,PC
1548,15.4432661,3.8493075,4652.019556,5.7063938,38.3407878,634.6510571,5607.0,4.63178,0.796892,11.8231,297.416187,68.883354,PC
1549,4.0802864,17.0708835,8209.2875404,7.6712645,0.245228,179.478432,5607.0,4.63178,0.796892,11.8231,297.416187,68.883354,PC
1550,6.0541271,3.975,170.0,2.09886,513.314,1326.0,6187.0,4.09624,1.61,8.36872,228.568622,51.468846,PC
1551,1.3103832,1.6240216,3904.2824741,9.8603222,1134.2779729,1480.1291921,5228.0,4.45189,0.928507,11.0075,336.279186,-52.536671,APC
1552,0.7196291,1.474746,4971.1456595,12.2917419,14474.6698966,2797.5117326,6454.0,4.3,1.69458,11.8199,348.296702,-53.832813,FP
1553,9.4070515,2.6715391,967.7626685,3.9938238,237.6137635,1001.354025,6223.0,4.33525,1.2331001,10.2356,339.436261,-30.608282,PC
1554,0.918902,1.781955,6718.8492909,15.2109193,3475.7112909,1958.3065353,5382.0,4.4,1.1659,12.8483,29.608056,-66.339155,APC
1555,2.9905745,2.0941681,11083.8941211,13.2344892,679.8798081,1302.3502129,5535.6,4.4,1.10305,13.3456,324.800775,-44.375271,PC
1556,2.6820061,1.8238879,8514.9665485,14.1985341,1028.0946298,1444.2022665,5465.0,4.4,1.285,12.2294,330.135944,-29.148589,PC
1557,3.8686895,2.2993852,8020.383303,13.7630707,957.9352372,1418.906528,6373.5,4.2,1.3337801,12.2397,8.980505,-64.722442,PC
1558,20.2656358,6.4172007,802.3053384,4.03042,108.2477155,822.6676779,6276.1,4.25063,1.37617,10.0596,2.944822,-68.57012,PC
1559,3.3610011,2.576465,24041.8651592,12.7273456,273.0273095,1036.7433824,5375.0,4.49371,0.817705,11.4779,348.157128,-22.674125,KP
1560,2.9432073,2.501,12560.0,13.6531,328.976,1186.0,5266.7,4.33,1.18,12.9565,61.524005,-60.467252,PC
1561,1.5933772,1.7732569,7842.0221441,9.012542,785.5954321,1350.2664813,5289.4,4.5,0.885125,12.0892,326.272747,-20.032514,APC
1562,3.1856867,3.1050115,7776.6827786,10.5098,556.4403323,1238.7235661,5590.5,4.4,1.23369,12.526,327.617657,-46.295257,PC
1563,1.8905304,1.2347831,3550.5585147,10.5098,1115.7780219,1474.0567378,5816.0,4.3,1.23369,11.449,354.816867,-78.746529,PC
1564,15.937546,4.5395335,4172.2924827,11.9220549,180.2682649,934.5436034,6093.1,4.1,1.55033,11.7493,350.869745,-52.175942,PC
1565,1.4408228,1.7457036,4470.5580829,9.7835563,2629.0467231,1826.288253,5941.2,4.3,1.16489,11.0675,320.524083,-27.554409,APC
1566,3.0958985,1.8584684,10354.9916952,19.2443952,1246.3528431,1515.409487,6764.0,4.3,1.25844,12.0516,335.53692,-30.763927,APC
1567,4.0802864,8.4494541,6007.8703021,11.625865,49.504685,676.5210666,5635.75,4.12397,1.43565,11.8831,255.328342,51.529396,FP
1568,4.0802864,4.6833042,2749.2099367,6.5071192,9.1909015,444.0780191,4968.0,4.438,0.844548,8.6512,262.589332,40.369465,APC
1569,4.0802864,6.1120058,855.5836036,4.1844083,0.9694479,253.0759438,6329.0,4.24509,1.39619,8.40302,253.784885,20.491524,CP
1570,11.6207544,5.6290584,486.0090375,3.207554,239.281495,1003.1064616,6329.0,4.24509,1.39619,8.40302,253.784885,20.491524,KP
1571,1.3382314,2.1560676,27137.0920051,14.8542602,1188.6218545,1497.5477444,5436.0,4.46024,0.894974,11.8295,353.562915,-42.061779,KP
1572,4.0802864,4.4875335,4111.2234826,18.0,82.7545001,769.2502648,5879.0,4.28122,1.23623,9.85317,247.657124,56.399869,FP
1573,716.3497402,3.612,867.0,2.90826,0.0174179,101.0,5645.84,4.46148,0.97,9.84325,196.736409,16.54934,PC
1574,20.2254946,2.2719961,712.14897,1.9090249,10.4016117,458.0310383,4465.0,4.6,0.697547,10.0534,116.973103,-71.001967,PC
1575,11.3071786,2.824,264.0,1.02968,18.9311,581.0,4465.0,4.6,0.7,10.0534,116.973103,-71.001967,PC
1576,0.98656,0.724,390.0,3.78687,574.294,1363.0,5522.0,3.99,1.64,10.3338,352.192845,-76.636896,FP
1577,1.0361758,2.93,348.0,2.62395,18869.1,3265.0,6413.0,4.2,1.5,9.14425,337.887071,-23.16505,PC
1578,4.26991,1.509,2240.0,8.95578,667.336,1415.0,6580.0,4.16,1.62,9.5103,343.544632,-36.287777,APC
1579,58.9970907,5.722,2725.0,10.5098,365.719,1185.0,5801.0,4.33,1.23369,9.456,350.491313,-40.174352,PC
1580,82.7899763,5.8475847,1017.8544172,3.1369358,6.459129,406.5961278,6115.0,4.5616,0.957772,9.4088,103.422149,-73.075713,PC
1581,17.1019622,3.357,11430.0,10.1067,20.0982,589.0,5302.3,4.4,0.93,11.584,31.690742,-81.247376,PC
1582,6.5346715,3.304,6370.0,10.7773,121.853,925.0,5424.0,3.35,1.33,11.7944,94.278691,-52.338502,PC
1583,11.6700285,2.0534143,2783.7905216,2.0205499,4.0210338,361.1637726,3644.0,4.79912,0.380272,11.3018,343.708612,-18.912445,PC
1584,7.2011383,2.1444681,1662.8398306,1.7056002,7.6541813,424.2232195,3644.0,4.79912,0.380272,11.3018,343.708612,-18.912445,PC
1585,2.2088214,2.544,7770.0,11.6656,1052.08,1586.0,5960.4,4.27,1.26,11.8699,172.858645,-41.689518,KP
1586,4.7150942,2.436,7460.0,7.48939,118.46,919.0,3798.0,4.67,0.57,13.3666,62.671535,-32.99244,PC
1587,7.4972297,3.589,14480.0,11.9137,143.814,964.0,5596.2,4.43,1.0,12.2015,139.741548,-15.30808,PC
1588,14.2197641,6.416,2390.0,8.78678,215.552,1067.0,6115.0,3.97,1.83,12.3462,54.221383,-60.061476,PC
1589,7.9980831,3.047,3960.0,10.9403,97.3629,875.0,5556.0,3.97,1.7,12.1385,49.154193,-48.107918,PC
1590,1.4492052,1.104,1200.0,6.15666,551.777,1350.0,6004.9,4.39,1.12,12.1323,50.826623,-40.453518,APC
1591,7.7119328,3.994,3430.0,10.9933,305.979,1165.0,6458.0,4.03,1.83,10.1757,230.230416,-33.69246,PC
1592,2.994263,6.9172309,1120.6492357,11.5655979,619.5809037,1272.4603411,4784.0,4.33,3.22859,11.2347,290.619895,60.853904,CP
1593,22.6539607,3.468,11530.0,12.2765,13.8485,537.0,5523.0,4.33,1.12,11.7024,81.344582,-34.668249,CP
1594,9.7728388,6.74,1330.0,8.8917,401.97,1247.0,5636.8,3.66,2.44,11.9507,105.762026,-55.368285,PC
1595,2.8392809,1.5658959,35948.028328,11.1582057,45.5594334,662.6196767,3642.0,4.438,0.54933,14.6253,2.568852,-26.282408,PC
1596,1.6471574,1.033,3880.0,6.06894,362.237,1215.0,5027.0,4.64,0.73,11.8012,42.261441,-16.557655,FP
1597,0.87741,0.472,12050.0,8.59148,26.3008,630.0,3495.0,4.64,0.62,12.722,306.843521,-53.220653,PC
1598,3.9471567,1.699,1880.0,3.86968,71.367,809.0,4794.0,4.47,0.84,11.1581,86.458859,-32.947641,FP
1599,3.2553185,2.061,1920.0,6.72917,362.749,1215.0,5927.0,4.28,1.25,12.2539,58.616173,-31.344895,PC
1600,8.3129806,4.171,2680.0,10.7065,237.935,1094.0,5929.0,3.86,2.03,12.2766,257.715033,-75.729992,PC
1601,1.0526157,1.5288415,358.5076064,1.4203085,706.2654804,1314.8062038,4621.0,4.54,0.758575,10.3759,43.884794,-34.977975,PC
1602,42.1289893,4.6130523,961.655867,2.3404732,5.1588515,384.3775426,4621.0,4.54,0.758575,10.3759,43.884794,-34.977975,PC
1603,3.3311975,3.705,12390.0,14.877,1437.43,1715.0,6605.0,4.33,1.33,11.5584,88.092907,-13.372469,PC
1604,1.1736318,1.397,1470.0,8.1147,1505.41,1735.0,6033.7,3.92,1.93,11.6751,52.487605,-0.904217,APC
1605,1.2043785,1.047,1170.0,4.985,1124.6,1613.0,6595.0,4.3,1.38,11.6884,86.254678,-13.326617,PC
1606,11.5738497,6.656,18730.0,22.4042,210.056,1060.0,5782.0,4.04,1.61,11.8929,143.259339,-13.830634,APC
1607,10.090259,1.7502645,2585.7862462,10.5098,94.864241,795.9675881,5454.42,3.44247,1.23369,9.4688,46.197914,-73.396374,PC
1608,8.6251769,2.704,1690.0,7.55444,161.98,993.0,5484.0,4.35,1.08,10.6477,97.408122,-21.994385,PC
1609,4.8714085,2.643,1180.0,3.8394,350.476,1205.0,5484.0,4.35,1.08,10.6477,97.408122,-21.994385,PC
1610,5.2524792,1.828,23400.0,20.7884,132.072,944.0,5728.0,4.24,1.27,12.1103,192.661632,-14.565099,APC
1611,1.6804461,1.099,2020.0,5.37039,833.25,1496.0,5695.0,4.41,1.04,11.0863,87.373285,-25.375613,PC
1612,5.7517969,3.0489623,701.5728877,6.2303216,1308.6880472,1534.0120939,6510.3,3.97,1.97616,11.895,103.245394,-67.53926,PC
1613,0.5109902,0.709,2720.0,9.54792,4048.85,2222.0,6095.0,4.13,1.53,11.9951,192.32172,-21.333033,FP
1614,1.2709769,2.335,1400.0,4.10761,4096.84,2228.0,6296.0,4.39,1.17,11.7959,199.021029,-33.76396,PC
1615,3.66275,3.096,970.0,3.52758,782.333,1473.0,6150.0,4.33,1.22,11.7118,79.61789,-28.00593,PC
1616,7.0924883,2.869,5540.0,12.2608,200.057,1047.0,6493.0,4.17,1.58,11.4586,197.200536,-31.499464,PC
1617,1.1258127,0.374,1440.0,13.1558,570.852,1361.0,6423.0,4.36,1.24,11.5137,196.285834,-31.985378,PC
1618,5.1858,7.191,4550.0,18.5118,1753.41,1802.0,6130.0,3.64,2.7,11.0331,83.818664,6.587708,PC
1619,4.534451,4.936391,23574.842911,23.183789,1003.7032593,1435.559122,6421.5,4.19,1.47459,11.2932,358.444734,-10.884958,FP
1620,22.84518,7.215,9210.0,15.1752,91.9765,862.0,5963.1,4.08,1.57,11.9961,46.659674,-66.007932,FP
1621,8.71546,3.934,12010.0,12.1387,103.489,888.0,5395.0,4.36,1.06,11.9196,184.982551,-27.284837,PC
1622,6.9444047,2.7056073,5264.9280735,13.4708551,449.6608267,1174.4675265,6104.5,4.19,1.41945,12.3715,34.954262,-62.503817,PC
1623,5.5436298,3.879,5400.0,13.5659,702.661,1434.0,6510.0,4.05,1.81,12.1046,112.875366,-52.985887,PC
1624,4.0197555,2.688,9750.0,9.57594,211.813,1062.0,5216.0,4.44,0.94,11.5521,89.130026,-5.01203,CP
1625,0.659752,0.367,1311.0,6.07841,376.585,1227.0,5832.0,4.26,1.25,11.9732,108.017449,-50.247778,FP
1626,17.1869882,3.845,3130.0,12.9307,97.2728,874.0,6049.7,3.87,2.05,11.8402,88.505022,-3.639907,APC
1627,5.74984,3.734,17690.0,14.4892,329.499,1186.0,6046.0,4.42,1.08,12.3193,333.111347,-26.92637,PC
1628,5.1750108,1.715,13300.0,10.7741,71.7931,810.0,5177.0,4.48,0.89,11.6955,134.957623,-48.488493,PC
1629,3.36376,3.418,7030.0,10.7493,705.699,1435.0,5713.3,4.24,1.27,12.1227,83.913807,4.82797,PC
1630,5.433729,1.172585,6530.706532,1.741587,3.3240075,344.3778811,3139.0,5.04944,0.214,13.4102,353.243538,-29.416487,CP
1631,12.6826724,3.827,2490.0,5.24953,76.8372,824.0,5851.0,4.43,1.04,11.4878,132.898822,-16.386277,PC
1632,4.8984239,3.752,9930.0,12.907,409.667,1253.0,5774.0,4.23,1.29,12.2036,137.31171,-19.778021,PC
1633,1.1792344,1.7572263,5398.6996811,26.9739777,16257.6914094,2879.9468214,6127.1,3.67,2.6058199,12.2186,144.040606,-24.751118,FP
1634,13.3368173,4.384,8210.0,11.2448,69.8726,805.0,5517.0,4.26,1.2,12.5882,61.68622,-16.755755,CP
1635,4.31362,1.709,9490.0,8.01917,54.2011,755.0,4929.5,0.1,0.8,11.2057,319.498241,-22.049823,PC
1636,6.1600755,1.808,18930.0,17.7265,64.3828,789.0,5669.0,4.29,1.19,12.6389,335.74211,30.573268,PC
1637,3.1821969,3.0676639,3746.6638386,9.3708418,1042.5767464,1449.2615097,5672.5,4.4,1.3954,12.7119,344.743989,-23.148028,PC
1638,1.6766585,1.528711,37391.9473651,16.6532667,180.6590045,935.0496086,4155.0,4.66247,0.622666,14.1858,341.871773,-15.572947,APC
1639,3.497278,2.1683364,17354.7453004,11.4931223,192.6704002,950.2185391,4940.0,4.53,0.80797,13.3921,31.617523,-56.19888,PC
1640,5.4693888,1.8076781,32411.855989,11.5779216,27.5364506,584.247334,3770.0,4.61871,0.638902,13.6521,358.092047,-53.043156,PC
1641,1.2730965,1.48,414.0,1.57925,660.277,1412.0,5024.0,4.5685,0.77,9.926601,349.231081,-18.606646,CP
1642,5.2153551,5.5447047,5215.6978933,17.6559787,1843.4656772,1671.2003333,6067.2,3.73,2.3901401,9.4834,0.325761,-8.926251,KP
1643,5.0450365,1.8477691,14390.5886306,16.7060661,319.7931488,1078.5419418,5337.0,4.5,1.16636,12.3643,13.643588,-67.915159,PC
1644,4.6612025,2.1408549,5135.6657253,12.7709747,823.9647363,1366.4599455,5884.5,4.3,1.52373,11.4408,356.375185,-16.114124,PC
1645,3.1353607,1.438,8634.0,22.286,459.818,1290.0,5503.0,4.4,1.06,10.459,1.484836,-20.653955,APC
1646,2.1356844,1.8893368,28827.494553,11.4989584,96.5828777,799.5484484,3678.2,4.33,0.666652,13.3147,36.156146,-65.000196,PC
1647,3.1580768,2.3429867,16514.3913437,13.0802564,242.699203,1006.6693297,4367.6,4.33,1.02417,13.5445,26.965078,-61.686758,PC
1648,2.7567395,2.3808565,9248.4759918,13.8044661,1225.5263733,1509.0388299,6034.0,4.26998,1.28427,10.5853,4.603042,-15.267404,KP
1649,5.6601098,1.5377473,8427.6778878,12.3816484,361.1289137,1111.8221321,5859.8,4.4,1.1873699,11.8933,20.410382,-64.87571,APC
1650,1.3442724,4.6777347,44.3806696,10.5098,1758.0840398,1651.5041046,5801.0,4.33,1.23369,8.115,118.388357,-63.769812,PC
1651,2.3372423,1.4487311,11568.4008531,10.5103504,550.1159381,1235.1886902,5335.0,4.5,0.910484,13.3922,357.962301,-19.17848,PC
1652,4.1567864,3.9618075,4693.282397,9.7108658,941.6079568,1412.8214487,6362.5,4.59,1.38831,10.9774,358.408479,-10.118118,KP
1653,2.1194575,1.9960996,1820.4503181,10.0996695,5316.791806,2177.8710564,7022.0,4.2,1.99761,11.3641,5.128602,-61.386174,PC
1654,7.8369842,6.8077198,14532.9486121,21.4721115,434.3612918,1164.3472682,5774.8,4.4,1.75826,12.937,10.162056,-60.880424,PC
1655,5.9123675,4.672,416.0,3.28952,697.86,1431.0,6187.3,3.87,1.76,10.3998,83.783703,-64.11662,PC
1656,3.4072141,3.892,315.0,2.96344,2770.93,2021.0,6187.3,3.87,1.76,10.3998,83.783703,-64.11662,PC
1657,9.1696498,4.9227951,186.1944669,2.4628421,505.9586098,1209.6187141,6187.3,3.87,1.76167,10.3998,83.783703,-64.11662,PC
1658,18.84184,3.184,5970.0,9.05304,30.3347,653.0,5603.0,4.35,1.1,12.0585,32.943352,-56.756226,PC
1659,3.4977868,2.236,1790.0,3.47575,248.389,1105.0,5356.0,4.59,0.81,11.9522,178.890769,-10.029102,PC
1660,15.7373186,3.993,10720.0,12.2054,263.429,1122.0,6394.0,4.43,1.14,11.7622,175.879369,-7.296091,PC
1661,1.5099302,1.329,2230.0,8.891,1087.82,1599.0,5735.0,3.96,1.76,11.4944,170.150082,-26.153136,APC
1662,6.00327,3.947,4920.0,7.59354,271.529,1130.0,5527.0,4.37,1.06,12.0749,18.496744,-6.826842,PC
1663,19.4061437,1.961,11150.0,8.75357,4.19986,398.0,5099.0,4.55,0.82,11.6701,173.703285,-25.604717,PC
1664,5.4681892,1.814,4290.0,11.2463,251.65,1109.0,6597.0,4.16,1.61,11.738,175.472837,-21.796763,PC
1665,19.4711018,3.5004013,1786.1954227,2.978845,9.9891992,453.4218228,4333.0,4.5109,0.702945,10.7011,14.75491,-44.160869,PC
1666,1.0339,1.404,520.0,5.37338,2619.59,1993.0,6444.0,3.84,2.28,10.7961,118.937216,-54.266268,FP
1667,5.8681984,3.651,2639.0,18.1157,1402.27,1704.0,6294.0,3.55,3.1,9.0982,146.44726,-25.457737,PC
1668,5.5094951,2.892,7700.0,8.55825,165.972,999.0,5519.0,4.45,0.97,12.2668,156.527712,-17.262814,PC
1669,1.8098811,3.7636624,13033.5612701,21.9555549,5139.026625,2159.4341567,6278.2,3.97,1.89121,9.02706,26.632936,2.700389,KP
1670,20.3627006,4.5261776,1128.3173108,4.058637,75.4291156,751.630688,6142.0,4.35874,1.18003,11.1464,98.442149,-74.190098,PC
1671,74.6046354,4.8933192,2270.6859446,9.2858352,13.3546271,487.5595768,6142.0,4.35874,1.18003,11.1464,98.442149,-74.190098,PC
1672,746.0664156,4.0541514,2208.0756338,7.1794044,1.5619108,285.1240184,6142.0,4.35874,1.18003,11.1464,98.442149,-74.190098,PC
1673,1.9792573,1.6873516,2235.6640941,4.1930997,189.6799154,946.5097378,4001.0,4.47278,0.756551,12.5515,45.144066,-51.793599,PC
1674,3.0766828,1.2603993,18996.4079682,2.7785955,6.6976186,410.2984283,3163.0,5.0701,0.1966,14.3109,8.806054,-3.372083,CP
1675,2.7029187,1.6998642,5132.6782834,3.7942392,44.0592242,657.0962083,3596.0,4.71597,0.524573,12.5264,49.746545,-46.458025,PC
1676,9.4636148,3.061,5050.0,5.45543,63.7261,787.0,4935.0,4.59823,0.75,11.9205,18.24241,-32.966016,PC
1677,12.9696927,1.1129072,4085.6845383,6.1709882,52.0502944,685.0551684,5017.0,4.38114,0.972753,11.2711,44.338399,-41.191773,FA
1678,1.3866519,2.3006751,14246.4665531,12.9811619,1879.9347662,1679.40501,6286.0,4.438,1.07661,10.9571,354.168696,-34.611304,KP
1679,0.7988525,0.831,1700.0,4.00703,512.916,1325.0,4785.0,4.45252,0.86,12.2478,19.626878,-0.056398,APC
1680,0.782765,1.2621481,519.1912192,1.7472713,651.9082071,1288.7431256,4099.0,4.52,0.727642,10.4238,20.922457,-8.701794,CP
1681,15.29859,3.214,1187.0,10.5098,10.3396,499.0,4131.3,4.33,1.23369,11.9755,62.379568,-62.850656,FA
1682,13.4190392,5.9221882,4668.5368695,12.4259675,165.23271,914.4158726,5184.9,3.9254,1.69269,11.3882,332.188392,-18.992719,FP
1683,1.7771109,1.5669528,14073.5021163,12.9084635,1043.2121756,1449.482283,5627.0,4.45645,0.97906,12.003,344.873588,-60.447819,KP
1684,0.5153654,1.0,37197.8857871,12.0910878,484.4555527,1196.5565655,3558.0,4.63662,0.617346,14.9333,340.976993,-53.428366,PC
1685,8.2754608,3.755,6510.0,11.5451,130.93,942.0,5515.2,4.24,1.39,12.4333,57.338941,-60.787186,CP
1686,4.83266,2.308,830.0,4.9031,161.807,993.0,5485.4,3.9,1.83,10.2589,37.885227,-40.016204,FP
1687,25.86696,4.923,2240.0,7.41184,100.989,883.0,5095.0,4.56,0.8,10.9166,39.725259,-27.324227,FP
1688,18.8812961,5.943,915.0,3.61081,103.276,888.0,5924.0,4.14,1.35,10.4354,53.270375,-56.588436,PC
1689,6.340315,4.249306,25410.703288,20.517917,400.7201062,1141.1166259,6083.0,4.28983,1.2666,12.5766,4.451423,-38.110855,FP
1690,5.84259,3.747,2670.0,11.8252,307.599,1166.0,5707.0,3.76,2.2,10.8285,14.826814,-19.771164,PC
1691,4.3474,4.684,3520.0,10.753,786.037,1475.0,5618.0,3.93,1.79,10.6918,33.154021,-35.390918,CP
1692,18.23603,4.91,3090.0,10.0179,411.58,1185.0,6159.7,4.33,0.88,9.4843,24.884512,-7.394729,APC
1693,4.0802864,4.208,12640.0,14.2836,40.1659,701.0,6057.0,4.41,1.1,9.5137,53.467245,-57.621295,PC
1694,12.3750537,6.6166181,4155.6104825,17.1909846,592.6032964,1258.376981,6173.5,3.76326,2.36235,10.2845,0.315071,-28.493223,FP
1695,50.6939885,4.068,11200.0,8.48837,2.93192,364.0,5216.0,4.6039,0.78,11.2415,19.130697,-0.290103,PC
1696,4.08165,2.691,460.0,2.38239,376.072,1226.0,5716.0,4.42,1.02,9.97008,43.811698,-20.78129,PC
1697,1.30613,0.634,560.0,1.99844,62.7136,783.0,4072.0,4.58,0.68,9.0138,52.291732,-31.362867,CP
1698,7.57017,0.916,1500.0,10.5098,365.719,1185.0,5801.0,4.33,1.23369,9.966,53.831468,3.028639,APC
1699,7.0846226,3.3031143,680.7020559,2.5663216,115.4012565,835.9347589,5517.8,4.57,0.842833,9.4752,36.363902,1.057529,PC
1700,3.4373093,4.3114755,15017.9801247,25.668105,2497.4850189,1802.9989447,6046.0,4.29639,1.94932,11.681,3.394115,-31.334403,APC
1701,1.10071,0.909,680.0,4.67495,1082.9,1598.0,6409.0,4.14,1.59,10.3682,46.558777,-9.810051,PC
1702,0.224195,0.292,540.0,5.59553,2649.15,1998.0,4079.0,4.58,0.68,9.5209,37.765299,8.381625,PC
1703,1.82738,1.491,870.0,8.96794,727.6,1446.0,6130.5,3.58,2.89,10.1849,45.112779,0.380842,PC
1704,4.0802864,2.8686583,3377.1602587,1.8103101,0.3819803,200.5072077,3323.0,4.91599,0.308919,12.0349,299.440244,56.971091,PC
1705,1.3808138,0.9133596,329.1752026,7.5531443,98886.497136,4522.7647415,9431.0,3.64947,3.83824,9.06657,345.155415,46.032536,APC
1706,4.0802864,5.0482027,1840.1196782,3.7761104,29.6935087,595.3675075,5650.08,4.55536,0.874994,10.5142,219.338411,56.666184,PC
1707,4.0802864,8.7302689,367.8233419,2.4101533,43.914471,656.555832,6291.0,4.34633,1.2336,8.55595,191.297899,72.123084,PC
1708,5.1660127,3.01966,1263.5326305,4.1062551,381.0617054,1126.8564017,5927.0,4.37728,1.11457,11.2571,37.938574,-5.514987,PC
1709,1.9426003,1.0206743,504062.379922,10.5098,1076.0804741,1460.76696,5780.0,4.438,1.23369,16.2463,68.226889,-32.88712,FP
1710,14.3614789,4.0964994,2859.7577713,5.0510341,50.2582088,679.0808773,5283.0,4.438,0.946146,11.2212,54.028395,1.933815,PC
1711,7.3971935,1.1521779,1016.2559473,1.3122343,6.6744216,409.9427015,3342.0,4.438,0.407103,10.3475,10.569754,-36.717974,CP
1712,0.6461571,1.1963822,6290.6211389,15.3572514,4527.9508872,2092.161358,5256.8,4.27128,1.14951,11.0529,55.270024,-36.943731,APC
1713,12.8900768,2.1970213,3860.7500518,2.9203571,4.1214289,363.3973055,3478.0,4.76582,0.46769,12.8332,91.410152,-51.679614,PC
1714,5.5514857,2.0186927,1282.3227899,2.0319062,12.6719325,481.205367,3478.0,4.76582,0.46769,12.8332,91.410152,-51.679614,PC
1715,17.1217196,6.507,131000.0,10.2267,204.585,1053.0,5762.0,4.44944,1.0,11.402,65.100654,-31.081604,FP
1716,15.6692322,4.562853,1393.3814802,2.6868893,13.2931176,486.9971964,4214.44,4.52845,0.732115,8.2969,40.179861,1.199676,CP
1717,1.6473887,1.3242991,32325.7685306,15.7358835,97.0829105,800.5813089,3556.0,4.65625,0.594044,13.6732,42.263784,-16.55928,APC
1718,0.3711334,0.4918187,2322.6218151,1.4062147,204.4873602,964.4647664,3333.0,4.95786,0.272233,13.1292,43.316155,0.052337,CP
1719,18.685862,5.4844,1215.9529886,4.2075538,53.8374071,690.8611696,5926.0,4.48242,0.987496,10.208,50.942745,-31.265187,PC
1720,4.0802864,8.291,8735.0,10.2185,44.5933,719.0,5825.0,4.43,1.04,10.0127,70.997586,-31.906637,CP
1721,9.0182016,3.08,492.0,3.54998,762.028,1463.0,9671.0,4.33,1.78,10.0039,80.740227,-53.76459,FP
1722,19.7580247,3.198,483.0,3.80858,191.036,1035.0,9671.0,4.33,1.78,10.0039,80.740227,-53.76459,PC
1723,16.6542431,7.792,10168.0,11.9082,362.642,1215.0,6054.0,4.43,1.08,9.8999,67.984371,-34.455533,PC
1724,8.7709212,1.2351076,1376.0957129,5.54104,191.8924514,949.2579047,6208.0,4.438,1.42,8.5509,345.779176,-33.500473,PC
1725,17.8832414,4.3420932,6750.4878782,6.4171164,27.1279511,582.0683673,5426.0,4.63305,0.776644,11.4894,77.952525,6.795745,PC
1726,0.3438892,0.9696069,24850.3953805,8.5611179,449.3159514,1174.242267,3199.0,4.70217,0.540483,15.8552,81.312676,-0.770748,FP
1727,0.9776805,0.7657397,965.3175192,3.3784252,1378.7254797,1554.1366421,4456.2,4.33,1.09813,11.1925,93.098193,-50.930948,FP
1728,4.4414094,1.147,2920.0,3.02052,8.65827,477.0,3609.0,4.73522,0.5,12.4223,74.837485,12.936353,PC
1729,8.5063687,2.8291905,968.2734253,2.5051088,44.8115834,659.8835801,4431.2,4.45,0.82124,10.7047,64.32265,-7.766009,PC
1730,4.7204895,1.8235215,46787.8632428,14.3271611,18.2091876,526.8565606,3553.0,4.74625,0.489916,12.986,64.243824,14.771562,PC
1731,4.0802864,1.8522307,1219.8107094,2.8398685,20.0171149,539.4735051,4968.0,4.55877,0.788051,9.588,80.57987,10.575049,PC
1732,14.1993538,2.5629666,1859.1571503,2.7591068,9.8747938,452.1179596,4045.0,4.63657,0.631569,10.8749,70.167322,-12.890726,PC
1733,3.7369689,1.9917422,310.4978088,2.3797323,897.6872949,1396.0501486,6092.0,4.25,1.32975,8.71008,79.621529,1.253439,PC
1734,19.1047019,3.2516728,1906.0596245,2.9365337,8.5187297,435.7259839,4195.0,4.59888,0.675093,9.3951,82.143332,-39.373046,CP
1735,7.8728937,3.7599578,14639.4155321,15.0953,166.5367856,916.2147815,5070.0,4.47933,1.26,11.2794,24.167869,-50.659308,KP
1736,0.515461,0.8502512,1462.4242309,6.5688522,7358.8192788,2362.2278419,5994.0,4.44879,1.03783,11.3357,79.528174,2.563675,APC
1737,6.1802675,3.868,5370.0,13.2741,519.967,1330.0,6513.0,4.08,1.74,10.8243,78.91982,16.278699,KP
1738,12.8643168,4.7778345,6907.9754982,17.4453322,248.7479157,1012.8837698,5365.0,4.41,1.82733,11.7884,77.314465,-5.557409,PC
1739,10.6079445,12.7030565,1233.9391066,11.6613557,1516.940178,1591.7023708,6481.0,3.54495,3.2125199,9.0318,88.090245,-48.09086,PC
1740,3.7684981,2.727,19800.0,12.5471,210.575,1061.0,5160.0,4.49546,0.87,12.3352,87.679561,-27.623322,KP
1741,3.759205,2.9961712,892.1135724,3.1563691,685.837258,1305.1938483,6808.4,4.59,1.01507,10.2994,76.737031,-18.904621,PC
1742,2.6266983,4.087,10650.0,18.7969,2520.03,1973.0,6475.0,4.0609,1.77,12.0364,76.867332,16.867695,KP
1743,1.7556616,1.3491032,444.0879481,1.7738475,486.2678796,1197.6740653,4909.0,4.52554,0.808741,10.2712,65.717639,-12.677035,PC
1744,24.4232697,3.788,1920.0,11.2009,62.1143,782.0,6102.0,3.75,2.37,10.3598,80.896099,-24.121296,FP
1745,2.3767548,3.225,7940.0,23.4044,2690.9,2006.0,6931.0,3.8,2.57,10.6749,70.308489,-15.672123,APC
1746,3.4252567,2.4511609,14205.2044501,14.360067,546.4854465,1233.1457195,5540.0,4.42136,1.11655,11.9116,1.04657,-47.360635,KP
1747,7.1853092,2.347,800.0,2.12356,37.1797,687.0,4562.0,4.56,0.74,10.0632,70.428548,-0.600003,PC
1748,6.5857043,2.777,1420.0,13.2476,891.424,1522.0,5908.4,3.55,2.88,10.4723,66.514805,-12.51168,PC
1749,4.0802864,6.71,390.0,3.35556,232.874,1088.0,5824.0,4.0,1.69,8.94848,67.042733,-3.145653,PC
1750,1.2311781,2.756,3562.0,17.567,27258.8,3579.0,6589.1,4.21,1.53,10.5347,74.374979,10.416737,PC
1751,4.278752,4.11,220.0,5.33342,479.761,1303.0,4971.0,4.33,3.5,7.82622,79.844207,3.122675,PC
1752,15.7925628,2.823,1190.0,4.82429,24.617,620.0,5600.0,4.16,1.37,10.7302,76.524234,10.594174,FP
1753,3.8865992,2.909,590.0,14.0296,247.041,1104.0,4731.6,4.33,5.67,10.1263,78.108877,-7.257924,APC
1754,34.7769296,5.598,1383.0,12.9584,511.815,229.0,7505.2,4.09,1.96,10.2422,79.742457,15.203062,PC
1755,2.6473916,2.8595222,568.2994163,2.737769,871.0969851,1385.5952225,5748.0,4.34,1.1287,10.6827,73.554354,1.233623,PC
1756,36.8382429,4.9462843,965.1649482,3.7858994,24.2324067,565.8728882,5363.1,4.08,1.2099299,9.354,79.709348,-36.037694,PC
1757,5.9910569,3.4644509,411.3820085,2.3197704,283.6891271,1046.7197587,5711.7,3.84,1.12148,8.4642,34.684283,-54.859725,PC
1758,11.3543085,3.414,2190.0,9.40688,115.756,913.0,6421.0,3.98,1.92,10.8256,75.174905,-34.815988,FP
1759,11.994832,3.374,1260.0,3.11124,57.2917,766.0,5567.0,4.56,0.86,10.6675,77.804406,2.427361,PC
1760,14.9315582,4.729,590.0,1.58293,41.9664,709.0,4779.1,4.33,0.61,9.6254,71.518246,-15.343431,PC
1761,1.4853364,1.302,650.0,4.86539,1309.65,1675.0,6137.7,4.19,1.51,10.1217,89.835166,-49.469569,FP
1762,8.3272872,2.517,2970.0,5.183,63.8466,787.0,5632.0,4.54,0.89,10.8945,219.734215,37.02674,PC
1763,11.2347982,6.217,4780.0,12.196,262.58,1121.0,6016.4,4.01,1.72,10.9687,205.204322,22.983969,PC
1764,1.5411563,1.8428292,1549.654824,3.7253699,324.9120947,1082.8323427,4307.3,4.33,0.774692,11.1869,59.85217,-36.476026,PC
1765,3.4024655,3.141,14990.0,15.364,695.002,1430.0,5822.0,4.3,1.21,12.8466,42.888322,-81.006992,PC
1766,10.7668398,4.2439843,1933.6811005,10.5027085,469.63841,1187.3005031,5394.0,4.4,2.3196101,10.6292,347.136174,-45.026493,PC
1767,1.426951,1.3367863,2881.7106387,8.8281188,1289.4656111,1528.3477807,5421.0,4.6,1.02349,11.2451,332.553092,-45.049614,APC
1768,6.6153835,2.190148,1362.4702841,2.2833563,25.0074751,570.3444381,4157.0,4.59257,0.603418,11.2738,14.080026,-38.949234,PC
1769,4.0802864,7.474737,4407.5735305,7.8938765,83.2609761,770.4245689,5459.0,4.27837,1.17142,11.2759,73.124509,-36.257098,PC
1770,5.92777,2.5599954,12984.5364661,20.4068988,1581.2651219,1608.3142967,8343.0,4.36705,1.55754,11.0233,87.283391,9.627515,APC
1771,10.1011438,5.2130427,13099.5467775,17.8995788,352.897394,1105.4315673,6519.0,4.22,1.48974,11.6749,90.099738,5.11447,APC
1772,4.0802864,2.0935301,1704.3313705,2.6595119,11.3795177,468.4364849,4242.0,4.62878,0.652251,11.433,89.746248,-21.575094,PC
1773,8.3761316,1.976,9060.0,9.53663,68.1559,800.0,5376.0,4.49858,0.9,10.7202,90.159529,0.131482,PC
1774,2.4087648,1.881,590.0,2.23597,415.189,1257.0,5376.0,4.49858,0.9,10.7202,90.159529,0.131482,PC
1775,7.795385,1.6941573,2783.9129229,1.8939264,4.92634,379.9713444,3356.0,4.8711,0.352909,12.2285,104.827007,-4.828274,PC
1776,1.5746828,1.9286406,77503.5100766,22.9576146,71.4965163,741.6362852,3273.0,4.66823,0.579963,14.1969,91.196155,-32.580197,PC
1777,10.655694,7.8236322,2103.6578759,11.7630857,997.808531,1433.4467118,6715.0,3.79727,2.49897,9.14112,90.062588,11.884058,CP
1778,3.7382381,2.975208,1316.4622757,4.774123,790.4759269,1352.3587386,5938.0,4.25146,1.2906801,10.844,95.41622,11.251648,CP
1779,2.5574812,1.053,1860.0,17.7879,639.207,1400.0,5844.0,4.33,1.13,10.7996,89.456648,-11.418203,APC
1780,1.6284296,2.3671002,13773.0480999,12.9494134,1559.4752297,1602.7447752,5700.0,4.39502,1.0941,11.5464,359.349028,-41.27722,KP
1781,2.9555854,3.2152265,7267.7195105,13.9112345,3422.6994234,1950.7963754,7837.0,4.31121,1.57828,11.619,96.69897,8.200979,PC
1782,5.3262922,2.2585228,1501.6874101,2.6350944,40.1166389,641.8756259,4066.0,4.60684,0.658727,11.6751,108.066593,-44.027544,PC
1783,3.1413825,4.4361226,5433.0348726,13.070864,2278.9841698,1762.1995122,6534.0,4.09026,1.73409,13.6373,101.394805,-33.881692,KP
1784,1.6751568,2.2718194,17781.0520005,13.2366563,1000.567857,1434.4366942,5457.0,4.44807,0.963518,13.9819,94.444759,-35.706364,KP
1785,13.5942966,4.8627714,2941.2235648,14.7298104,628.8069473,1277.1710991,8389.0,4.29787,1.69485,10.6358,97.214862,11.53189,PC
1786,2.8972041,1.958,640.0,4.096,470.021,1297.0,5879.0,4.09,1.55,10.7015,95.486535,-11.541394,PC
1787,14.9695925,5.832,430.0,3.04784,219.916,1185.0,6456.0,4.33,1.46,9.9257,92.010974,-39.010809,APC
1788,17.3051476,3.4976316,657.1128437,2.7663379,49.5593572,676.7077743,5824.0,4.53,0.923281,9.4951,82.559826,-43.798459,PC
1789,1.6951056,3.238,370.0,3.11352,6387.13,1185.0,6796.0,4.33,1.61,10.3559,104.817965,-14.444511,PC
1790,1.5339665,2.128,470.0,4.28924,3012.65,2063.0,6694.0,4.02,1.92,10.7088,94.409738,-9.631072,APC
1791,4.9377013,2.2346692,874.2176931,3.028918,277.7477722,1041.1957713,5862.0,4.51783,0.955756,9.3258,353.062066,-37.255863,CP
1792,1.9785151,1.282,500.0,2.69714,514.024,1326.0,6317.0,4.35,1.23,10.0879,101.397361,-46.565471,FP
1793,0.7951534,0.912,1920.0,9.70612,2195.21,1906.0,6811.0,4.02,1.96,10.9539,104.752514,-7.897455,FP
1794,2.3933087,5.507,150.0,2.03235,6511.62,2502.0,6393.0,4.08,1.72,9.22605,93.509715,-20.997714,PC
1795,2.5577037,2.577,530.0,3.9587,1478.98,1727.0,6039.0,4.03,1.7,10.0509,94.027709,-21.279477,PC
1796,6.3951381,4.047,510.0,2.10043,323.891,1181.0,5563.0,4.45,0.98,10.667,86.719534,-17.029089,PC
1797,5.9016526,2.417,2450.0,13.6737,826.195,1493.0,6127.0,4.02,1.74,10.1083,89.293899,-18.672245,PC
1798,5.4927168,7.906,5290.0,18.5905,14464.4,1185.0,9623.0,4.08,2.37,9.9552,109.0444,-17.453065,PC
1799,2.6788253,2.49,350.0,5.07891,1476.0,1726.0,6863.0,3.93,2.19,10.0386,99.172585,-23.309761,FP
1800,6.8979432,3.401,550.0,2.18563,239.133,1095.0,6016.0,4.49,0.99,10.2282,105.44485,-34.919687,PC
1801,6.9551801,2.062,770.0,2.29124,38.0097,691.0,4742.0,4.57,0.75,10.2807,97.891717,-23.951598,PC
1802,1.0021853,0.5001924,2319.9972324,5.0155627,1409.4020834,1562.7103079,5071.0,4.48308,0.874822,11.7497,57.553653,-63.053919,APC
1803,2.0944084,4.133,320.0,1.39836,3407.6,2128.0,5298.0,4.62,0.77,9.859901,106.841463,-11.436773,PC
1804,5.563087,4.533,2520.0,9.04133,494.188,1313.0,5491.4,3.85,1.72,10.8218,93.529144,-8.062309,APC
1805,2.0988541,4.365,350.0,1.66554,2840.05,2033.0,5531.0,4.45,0.97,9.1239,107.118513,-12.147866,PC
1806,4.6410823,2.849,660.0,2.86438,344.881,1200.0,5809.0,4.36,1.12,10.1424,95.809871,-11.348617,PC
1807,7.1858029,4.2542613,11192.4995247,13.1612,210.609,1061.0,5758.3,4.3,1.19,12.1772,160.886843,-1.912698,CP
1808,23.3418536,6.4129373,6473.602151,9.7267129,16.3642505,512.9721403,4944.0,4.51,0.824284,13.4006,86.850974,-60.521308,CP
1809,49.2445599,6.5807145,15606.4614867,10.3670919,6.0478205,399.9626824,4944.0,4.51,0.824284,13.4006,86.850974,-60.521308,CP
1810,8.011385,5.197,7890.0,11.7844,429.98,1268.0,5923.0,4.25,1.29,11.0586,270.134849,-65.613808,PC
1811,2.3018922,3.706,1260.0,12.146,4411.81,2270.0,6919.0,3.54,3.45,11.1673,136.653301,-50.48045,PC
1812,11.7248927,5.928,8540.0,8.72604,206.968,1056.0,5980.0,4.56,0.91,12.9363,188.834597,-18.029479,PC
1813,4.0802864,8.943,4240.0,10.9718,70.9731,808.0,5822.0,3.97,1.75,10.6693,118.994535,-52.354833,CP
1814,3.5104938,2.1661051,311.9616801,1.3353932,64.7079452,723.3677652,4020.0,4.438,0.639371,9.3626,14.318503,-51.585251,PC
1815,4.0802864,4.646,21624.0,11.1787,4.48015,405.0,4490.0,4.55,0.74,12.7296,16.772687,-68.368103,PC
1816,8.1484094,3.168587,13497.6071224,10.1405034,91.987019,789.8623006,5320.0,4.52,0.873132,12.4329,52.531218,-60.875623,PC
1817,16.7224532,4.223,11640.0,9.46753,44.9403,721.0,5560.0,4.54,0.88,12.646,201.167653,-19.89616,PC
1818,6.6857865,2.896,6690.0,9.65352,171.835,1008.0,6144.3,4.4,1.13,11.6417,212.638797,26.42343,PC
1819,4.0802864,8.475,5180.0,12.0956,174.059,1011.0,6421.5,4.12,1.64,10.8209,338.644613,-57.570425,PC
1820,16.4452725,3.038,11810.0,9.85518,17.053,566.0,5278.0,4.51,0.88,12.7024,185.529463,-24.943187,PC
1821,31.9919595,8.8239957,13054.0547159,10.5098,25.6823585,574.154107,5780.0,4.438,1.23369,12.7022,90.963936,-39.546448,PC
1822,1035.1414469,4.804,19640.0,14.5548,0.0070558,80.0,4696.7,4.54,1.01,12.0294,54.388266,10.057746,PC
1823,2.9103781,3.606,1480.0,12.2597,4501.88,2282.0,7340.8,4.09,3.5,10.597,95.226318,-7.29894,PC
1824,0.985586,1.5285482,1343.3387762,5.2012051,4763.4215785,2118.8465446,5799.4,4.11,1.38013,11.5606,93.038442,-30.787931,PC
1825,20.186539,1.866565,1006.041833,3.283981,55.7433174,696.8959687,6101.0,4.48196,1.01859,9.8343,351.705383,-11.725573,FA
1826,12.7187255,3.1582562,1144.1789073,2.5924633,12.2599233,477.2453303,4036.3,4.65,0.661076,8.2731,82.558548,-42.697946,PC
1827,22.0819969,3.073,1019.0,2.28729,5.94816,435.0,4036.3,4.65,0.66,8.2731,82.558548,-42.697946,APC
1828,1.4118418,2.702,520.0,8.14924,11077.2,2858.0,7839.6,4.13,3.52,9.9048,80.508824,-25.722355,PC
1829,4.1133928,2.7670768,24315.2652878,10.5098,395.7513853,1137.5627449,5780.0,4.438,1.23369,14.9801,120.556913,-23.523374,PC
1830,7.5427509,6.4481914,3098.3066655,10.8099759,741.7962608,1331.0393949,6349.8,4.11,1.86619,10.8165,136.596917,3.56767,CP
1831,21.0689935,3.7404027,3392.7700746,15.3646915,194.5380096,952.5129011,5441.0,4.41,1.98859,10.7607,120.153396,-54.509002,PC
1832,7.9940367,4.271047,404.6194381,2.5576021,258.8217348,1022.9865778,5846.29,4.26525,1.25324,8.90594,135.545803,-3.420819,CP
1833,2.1811989,0.428,2300.0,18.7156,149.461,974.0,6125.96,4.17403,1.46,11.8215,120.969221,11.135462,APC
1834,2.3114199,2.585,16090.0,14.2928,796.887,1480.0,5785.79,4.39543,1.07,11.302,133.324298,8.523017,KP
1835,8.5234958,2.444,18942.0,12.0756,34.6952,676.0,5238.0,4.54438,0.84,10.0471,131.106996,1.859893,KP
1836,1.4468993,0.779,549.0,4.98711,1452.18,1719.0,5238.0,4.54438,0.84,10.0471,131.106996,1.859893,CP
1837,4.8580501,5.7405699,11067.0819039,10.5098,1349.9017874,1545.9494627,8303.0,4.438,1.23369,11.732,121.98269,-44.666911,PC
1838,2.8126485,2.8737522,13994.0625365,12.0658006,614.5934084,1269.8918153,5700.0,4.39704,1.00957,13.7426,346.075086,-21.272017,KP
1839,9.0702531,1.9063647,3806.1953378,5.7395383,110.6280815,827.1534677,5509.1,4.52,0.916742,10.7757,122.228117,12.207623,FP
1840,5.436841,2.335,2660.0,7.79881,560.394,1355.0,7980.0,4.37685,1.49,11.7664,112.515604,-11.79048,PC
1841,2.3701119,1.8215643,2049.0263458,3.0793796,122.1390568,847.8780456,4007.0,4.56359,0.684741,11.8762,115.918702,-10.257081,PC
1842,8.384818,4.258,12010.0,11.3276,214.409,1066.0,5757.5,4.29,1.02,11.8225,121.852319,-49.602939,PC
1843,6.2636501,5.3639991,7043.2784811,17.7665063,1453.0093429,1574.6602021,6969.2,4.17,2.04438,10.5484,126.755088,-20.680147,FP
1844,16.0475029,3.334,13630.0,19.3344,46.0707,725.0,6337.5,4.33,1.6,11.1169,123.488475,-24.7173,FP
1845,8.0149323,4.6198374,4426.4689118,9.5021286,320.0737304,1078.778438,5886.2,4.25,1.3302799,10.7003,128.702871,8.569483,APC
1846,9.8305096,3.7879213,4989.9064959,24.4466582,1527.8295735,1594.5512327,6683.6,4.33,2.86532,11.2047,119.245948,-49.473563,PC
1847,17.7837633,4.2761459,6450.9142418,11.928945,99.4306166,805.3780383,5834.0,4.25,1.38395,11.6919,128.24579,-25.256245,PC
1848,4.2002507,2.627,25670.0,14.9915,236.94,1093.0,5709.9,4.53,0.91,13.1141,312.011689,-35.842605,PC
1849,24.7373412,2.069051,6560.492087,1.8439453,0.1439176,157.0898896,3131.0,5.05701,0.215535,11.2991,11.248632,-15.274109,KP
1850,3.7779418,1.4759325,3469.450739,1.5659937,5.7174182,394.3844097,3131.0,5.05701,0.215535,11.2991,11.248632,-15.274109,KP
1851,3.5511203,2.634,19660.0,13.8379,258.816,1117.0,5321.0,4.42,0.98,13.5328,332.759205,-27.295719,PC
1852,2.7754004,3.142,8510.0,15.2778,966.571,1553.0,5905.0,4.05,1.62,12.1504,318.600471,66.404803,PC
1853,4.0483695,2.896,12060.0,13.766,413.846,1256.0,6054.0,4.3,1.24,12.5945,292.018975,77.378608,PC
1854,5.0182311,2.301,16210.0,13.248,112.463,907.0,5487.0,4.41,1.02,13.3848,310.743276,70.275792,PC
1855,3.7257102,2.143,9010.0,11.0938,218.142,1070.0,5698.0,4.33,1.14,12.4683,123.272901,9.447684,PC
1856,3.9704457,3.7793044,3689.4781363,11.7222736,1506.4365626,1588.9398662,5840.0,3.9,1.89732,12.3642,117.047514,2.123685,PC
1857,4.2102292,2.486,9570.0,8.18232,132.499,945.0,4927.6,4.52,0.82,13.0599,195.312675,58.419067,PC
1858,5.9839451,5.244,3910.0,10.836,497.795,1315.0,5609.0,3.96,1.72,11.7489,288.465668,66.347938,CP
1859,3.4843271,3.522,10320.0,15.9782,1741.71,1799.0,7250.0,4.26,1.57,12.104,115.680423,1.361299,PC
1860,13.1147744,4.318,3890.0,9.79059,95.9399,871.0,5496.1,4.04,1.54,11.1769,67.278845,-1.909532,PC
1861,18.3877081,6.405153,1191.0283192,6.3790962,211.2844875,972.3814218,6382.7,4.05,1.76557,7.0286,47.517261,-50.832263,CP
1862,2.9887607,2.794,14840.0,14.4391,517.006,1328.0,5639.0,4.34,1.12,11.9775,87.18804,32.084043,CP
1863,6.0027375,4.164,6100.0,8.72806,475.015,1185.0,5633.0,4.33,1.08,10.5284,333.592905,32.490119,FP
1864,3.5985851,4.015,6710.0,11.8109,1318.02,1678.0,6303.0,4.21,1.45,13.258,114.263688,6.716773,PC
1865,4.5815438,3.367,19550.0,15.1889,290.593,1150.0,5525.0,4.37,1.07,13.1657,336.709476,-39.789358,PC
1866,4.4817684,2.186,21180.0,19.0204,277.661,1137.0,6734.0,4.41,1.25,12.881,232.809527,79.267227,PC
1867,3.1711207,3.6276575,8504.6805867,13.924729,1369.1513607,1551.4315362,6140.0,4.18,1.45618,13.152,153.799642,72.010236,PC
1868,3.8229149,3.171,11780.0,13.5313,598.34,1377.0,6166.4,4.34,1.21,12.2323,83.653961,30.406374,PC
1869,3.7494409,2.452,4860.0,13.2544,1186.51,1635.0,7899.0,4.16,1.89,11.5955,112.022979,-34.343112,PC
1870,3.4580018,2.6231719,10218.255838,14.7324849,1028.4855924,1444.3395468,6427.8,4.35,1.2663,10.5863,68.052102,52.252655,PC
1871,3.7146478,3.835,12620.0,15.2308,698.148,1432.0,5783.0,4.21,1.32,10.9101,157.412341,70.527083,KP
1872,3.1901569,1.8262867,3648.2442456,15.146461,2876.2951268,1867.7902797,6474.57,4.26363,1.98958,11.0932,85.467425,-56.740455,FP
1873,3.397862,4.502,9960.0,18.3834,2031.47,1870.0,6590.0,4.05,1.83,10.8064,62.199207,67.116526,PC
1874,3.5838508,3.085,12480.0,12.4141,409.771,1253.0,5450.0,4.35,1.08,12.9754,65.854872,-10.471779,PC
1875,3.0183134,2.78,8960.0,9.10865,388.439,1185.0,5238.0,4.33,0.93,12.4848,277.291791,48.059938,PC
1876,4.52074,4.175,8520.0,13.7321,713.859,1440.0,6050.0,4.14,1.49,12.0453,272.267029,45.3369,CP
1877,4.6965638,3.056,12380.0,16.2589,459.903,1290.0,6502.7,4.25,1.43,12.731,125.108796,7.588913,PC
1878,4.0266483,2.312,754.0,1.90189,213.735,1065.0,5276.5,4.6,0.78,9.8961,132.541715,-2.979643,FP
1879,9.5835608,2.405,1150.0,12.6233,372.192,1223.0,5781.0,3.89,1.91,10.505,125.421468,6.334945,PC
1880,5.4566563,3.783,4160.0,10.9408,381.078,1230.0,5674.8,4.04,1.72,10.9657,115.93171,-1.073333,CP
1881,3.587158,1.23,3120.0,10.0104,177.312,1016.0,6495.7,4.26,1.75,10.6713,109.05005,-45.214851,PC
1882,61.6277,6.401,8878.0,11.7392,21.7464,601.0,5581.0,4.16,1.07,10.7211,107.48815,-37.230948,CP
1883,2.4238226,2.2484015,16167.1783697,12.2562719,549.914052,1235.0753497,5410.0,4.47919,0.93,12.3993,3.903273,-11.938264,KP
1884,0.7460577,1.754,240.0,1.77725,6994.61,2547.0,6162.0,4.4,1.13,9.47351,97.800408,3.470486,PC
1885,8.493027,3.733,20750.0,20.982,246.718,1104.0,6287.0,4.23,1.41,10.7669,98.024193,11.852283,APC
1886,3.4559382,4.21,2840.0,10.5098,733.721,1449.0,9290.0,4.08,1.23369,10.871,108.494567,1.964281,PC
1887,1.4711386,1.677,839.0,6.70217,1889.26,1836.0,6514.0,3.88,2.19,10.3513,105.223561,8.095671,PC
1888,2.682814,0.987,1080.0,23.5198,852.855,1505.0,8528.0,4.33,5.28,10.2626,91.216391,8.365173,PC
1889,3.817421,2.47,1000.0,3.32507,529.596,1336.0,6033.7,4.47,1.02,10.7212,91.399969,14.356915,APC
1890,16.2709828,1.835,5870.0,6.81631,5.83182,432.0,4811.0,4.45,0.87,10.9058,98.01194,-5.479794,APC
1891,3.6039259,3.737,940.0,9.20389,1930.96,1846.0,7080.0,3.67,3.05,9.536,99.021022,8.430202,PC
1892,5.73436,1.146,17740.0,21.0528,19.8561,588.0,4405.0,4.41,0.86,10.9766,91.233761,-1.134248,APC
1893,4.1554362,6.088,1020.0,11.1924,2704.62,2009.0,6352.0,3.44,3.53,10.9402,103.357151,7.266611,PC
1894,13.475823,1.75,701.0,1.73189,4.11399,396.0,4111.0,4.6461,0.62,8.4991,4.773018,-9.96615,PC
1895,5.3376282,2.143,2060.0,16.1323,63.1216,785.0,4825.0,4.33,3.5,10.276,101.408331,0.668553,PC
1896,6.0210332,2.211,7500.0,18.8835,635.657,1185.0,7668.0,4.33,1.93,10.8943,113.407619,-21.468152,PC
1897,7.234064,6.0205683,10621.8735536,18.5228447,827.0806334,1367.7499655,6770.0,4.11942,1.73783,11.83,136.507536,-39.548224,APC
1898,1.332532,1.6031493,36245.2787128,11.4881336,195.7311823,953.9700813,3947.0,4.65587,0.594491,13.8995,142.566679,-18.843066,PC
1899,4.90969,5.4135253,5073.7568046,15.2547692,1882.4889124,1679.9751444,6606.0,3.93691,2.09179,12.487,144.287609,-29.800444,KP
1900,20.6006151,1.4716288,12106.6702221,8.1782864,3.4585595,347.8112006,3821.0,4.74216,0.494575,10.4767,124.356588,-34.466852,APC
1901,1.4509175,1.123,7270.0,20.5418,2374.67,1944.0,6472.0,4.37386,1.24,11.7785,132.301391,-60.334982,PC
1902,2.2338786,3.0400001,318.9211436,3.1159001,3165.1853297,1913.0201108,6422.3,4.10848,1.65992,9.1251,86.018583,-59.946092,FA
1903,4.724665,4.3082924,6163.2889314,12.5337443,729.5242428,1325.4998462,5385.7,4.4,1.5727,13.2247,69.427367,-80.507846,PC
1904,1.1645141,1.648221,1828.5119817,6.3506237,3483.4007607,1959.3887499,5979.0,4.29665,1.23369,11.4514,152.492231,-12.178676,APC
1905,3.3639254,3.3430495,422.0610761,3.0449863,874.7955667,1387.0636575,5890.3,3.92,1.28018,9.03971,15.218141,-24.423993,PC
1906,13.0393586,4.9218325,625.5995687,3.3482223,243.5260946,1007.5256829,5890.3,3.92,1.31383,9.03971,15.218141,-24.423993,CP
1907,2.1538959,2.1776943,96363.0926604,16.0166732,31.4140709,603.8106997,3148.0,4.75166,0.483749,15.8953,118.049909,-48.498597,FP
1908,0.7320175,2.577,4520.0,5.16324,8999.57,2713.0,5458.0,4.4,0.81,13.5294,335.268299,-64.71227,FA
1909,13.3572104,4.947,29950.0,19.2978,158.626,988.0,6636.1,4.33,1.12,13.2303,86.441717,-61.660023,PC
1910,15.2010859,8.2467072,35221.1348039,21.1122163,87.587938,780.2446961,6042.0,4.43,1.0687701,13.1488,22.910564,-67.609909,PC
1911,4.8103038,3.2645009,21198.5583641,14.9699995,321.212681,1079.7368415,5860.3,4.3,1.0,11.457,17.195291,-78.17312,PC
1912,2.2687617,2.834542,13217.8124266,12.4983488,949.2189656,1415.6677914,5690.0,4.38,1.0785,13.2052,11.477733,-66.833497,PC
1913,1.8531628,2.019,34220.0,13.5946,672.909,1418.0,5355.0,4.46,0.68,13.426,34.562228,-64.806837,PC
1914,6.3187442,3.504,28370.0,16.8683,139.993,958.0,4961.0,4.43,0.98,13.1982,96.953582,-58.051575,PC
1915,8.2500143,3.317,2250.0,11.8684,1610.36,1764.0,7386.5,4.2,1.59,12.0635,67.774353,-68.033517,PC
1916,12.4724734,3.649,23020.0,12.11,30.1565,652.0,4966.0,4.33,0.79,13.2834,54.408387,-70.330657,PC
1917,11.1452784,1.3947705,566.2736451,2.0671456,56.9132658,700.5241733,5302.58,4.53515,0.848675,8.1345,32.534687,-31.070627,CP
1918,10.3558635,3.548,18740.0,17.6401,102.964,887.0,5896.0,4.27,1.26,12.9873,42.919909,-80.675467,PC
1919,2.4125012,1.209,10860.0,13.7942,369.1,1221.0,6190.0,4.34,1.22,13.4394,62.222329,-83.951914,PC
1920,1.2207037,2.186,25580.0,17.4662,2232.93,1915.0,5991.0,4.43,1.06,13.5093,82.55168,-57.41168,PC
1921,0.5474737,1.789,1430.0,10.9219,5430.93,2391.0,5073.0,3.5,2.84,12.4978,332.926877,-63.167437,FP
1922,3.0235362,2.189,26980.0,13.178,203.691,1052.0,5141.0,4.6,0.78,13.4354,110.358754,-61.318059,PC
1923,2.1481182,3.9313069,22124.5443864,10.5098,941.0385382,1412.6078063,5876.0,4.33,1.23369,13.2317,120.194098,-64.182197,PC
1924,3.4562767,2.3613816,20448.8800177,10.5605032,121.8298519,847.3409174,4404.0,4.52,0.752032,12.6082,113.559595,-67.748369,PC
1925,1.0649771,1.425,14670.0,12.4794,1643.06,1773.0,5427.0,4.45,0.97,13.4702,349.381113,-54.270063,PC
1926,0.8715953,1.271,6610.0,10.5535,4579.31,2291.0,5969.0,4.31,1.21,13.3024,97.08024,-56.965142,PC
1927,11.4856846,4.6321783,11370.1513147,16.3774861,210.1873793,971.1166682,5893.0,4.16,1.42198,13.1508,41.51867,-68.957624,PC
1928,0.5568095,0.9712066,45140.5350425,9.6870229,235.6927628,999.3239856,3116.0,5.06043,0.439738,15.6198,37.108277,-25.097329,CP
1929,9.7130596,1.661,3540.0,12.3196,54.3894,1027.4530905,6125.1,4.0,1.88,11.786,115.68867,-68.864513,PC
1930,6.6314357,2.5431694,10550.9077716,13.188691,232.9433928,996.3968565,5752.2,4.4,1.07899,12.4487,330.103141,-48.71064,PC
1931,0.907105,1.711,1430.0,7.82059,28442.1,3617.0,6164.0,4.4,1.13,12.4537,335.467524,-57.758448,FP
1932,18.1960491,4.8596477,2203.3245309,8.8304863,1455.4719337,1575.3269703,7811.0,4.25974,1.67013,11.6886,111.590401,-13.925637,PC
1933,4.0802864,4.8897805,2801.2247588,5.8424203,51.2659437,682.459665,5349.16,4.438,0.95524,10.9648,41.036551,3.910232,PC
1934,7.4547813,7.1681685,2508.5862836,14.5247965,1902.7550776,1684.4784991,6502.0,3.65751,2.8327301,11.2581,151.148732,-42.905058,PC
1935,3.105494,4.508,5160.0,14.1277,4421.62,1185.0,7176.0,4.13,1.9,10.9786,162.41273,-50.599282,PC
1936,0.152076,0.5,105147.465567,10.5098,12751.7114543,2710.2656995,5780.0,4.438,1.23369,15.8445,110.426175,-64.014145,APC
1937,3.9303977,0.9189499,2324.9883757,10.5098,420.5077802,1154.9502001,5780.0,4.438,1.23369,11.1671,159.842558,-55.491807,PC
1938,15.3281169,4.1138054,30096.5339932,16.4071897,49.0176948,674.851116,5417.0,4.46174,0.943467,14.3693,187.357691,-10.985068,PC
1939,2.21674,3.604,4580.0,18.2508,2007.96,1864.0,6250.0,3.98811,2.66,10.4614,41.040078,-30.169078,KP
1940,0.9112206,2.003082,71047.5639651,7.3931803,40.9351669,645.1250281,2999.0,4.95462,0.274907,15.709,150.273202,-52.435796,PC
1941,4.880964,1.6120362,3385.5526856,9.7354897,626.1274546,1275.8083387,6309.0,4.32298,1.27132,11.1897,171.130372,-42.732139,CP
1942,3.0652926,2.606,11240.0,13.3524,649.429,1406.0,6229.0,4.34122,1.22,12.3077,166.3188,-34.122745,KP
1943,9.1720535,7.169,580.0,9.02881,293.374,1152.0,4933.0,4.438,3.79,11.0295,182.166267,-8.747217,KP
1944,9.7439744,1.9764395,6711.0590566,9.5314099,93.2116922,792.4782429,5383.0,4.438,0.983025,10.9206,181.692982,-16.510294,APC
1945,1.4436706,2.134,43370.0,20.6713,964.415,1552.0,5465.0,4.47,0.94,12.3956,67.136823,-56.515644,PC
1946,0.3125737,0.526,4540.0,8.09753,4234.06,2247.0,5202.0,4.53,0.84,13.1875,114.43704,-63.551482,APC
1947,0.5136096,0.7873882,3098.8049112,7.4237633,8342.9651284,2437.5293666,5270.0,4.14,1.33222,13.5231,16.317956,-65.048931,PC
1948,4.773751,1.7107074,11156.3496198,14.861327,520.1148845,758.0,5904.3,4.28,1.2413,13.3316,24.174488,-64.876085,PC
1949,3.375591,3.489,11630.0,13.2361,1112.75,1609.0,6408.0,4.38,1.22,12.4752,24.009341,-55.793785,PC
1950,5.9242661,2.8894449,11796.3303624,9.3440442,120.7076171,845.3828218,5310.0,4.59604,0.846671,11.7276,49.562173,-41.302023,KP
1951,2.229735,2.044445,6708.4441146,12.7809294,1760.6957688,1652.1171129,5913.0,4.2,1.37479,13.4404,115.95416,-68.582565,PC
1952,7.3164282,2.235,37130.0,17.3698,49.3074,738.0,4884.0,4.5,0.83,13.3994,66.302329,-66.717121,FP
1953,2.484912,1.686,7950.0,10.5098,1044.33,1583.0,6240.8,4.33,1.23369,13.3074,98.03586,-64.395761,PC
1954,0.9270535,1.011,1640.0,10.5098,1270.74,1663.0,6317.3,4.31,1.23369,12.208,84.275368,-64.464325,APC
1955,2.967599,1.688,10410.0,8.00413,75.0167,819.0,4396.0,4.52,0.76,13.0725,52.981538,-47.994691,PC
1956,4.7277153,2.5,4000.0,6.45464,193.697,1039.0,5601.0,4.39,1.05,13.2854,40.357932,-52.362841,PC
1957,7.7898378,3.095,11390.0,9.36784,77.3001,826.0,5091.5,4.48,0.85,13.5011,31.900021,-56.14061,PC
1958,2.7985528,2.459,12220.0,12.3741,406.289,1250.0,5416.0,4.33,1.09,13.4765,50.902882,-40.211208,PC
1959,8.8759249,3.8366417,25757.0688203,16.5775949,141.6296114,879.8492444,5528.3,4.38,1.02337,13.4228,45.374736,-68.945247,PC
1960,1.2558789,1.795,22260.0,14.1053,681.251,1423.0,4926.0,4.43,0.91,12.7331,41.060793,-40.196949,PC
1961,10.7510107,2.943424,638.0928566,2.3581827,90.8412638,787.3911722,5784.0,4.438,0.918917,9.45661,26.209253,-18.401384,PC
1962,6.19132,3.4164,345.240264,1.759371,219.1278279,981.282679,5784.0,4.438,0.929557,9.45661,26.209253,-18.401384,PC
1963,5.0183771,3.218,2500.0,10.7644,187.484,1030.0,5011.2,4.49,2.15,12.1651,66.885596,-54.184998,PC
1964,3.6257584,2.814,10450.0,12.2058,377.929,1228.0,5606.0,4.3,1.17,13.0533,59.909995,-46.988413,PC
1965,3.790687,2.958,15240.0,12.9604,417.971,1259.0,5542.0,4.41,1.02,13.4675,21.498236,-14.818658,PC
1966,0.58228,0.691,3170.0,7.80197,1871.39,1832.0,6288.0,4.29,1.32,12.7147,9.289758,-13.941227,APC
1967,3.9602774,0.884,6193.0,24.4489,149.866,974.0,5863.0,4.43,1.04,10.1483,156.922386,0.501027,FP
1968,2.8456505,2.556,2681.0,6.4972,758.965,1462.0,6112.0,4.27,1.3,10.3716,134.15896,-34.628475,PC
1969,4.0802864,1.445,22040.0,16.6553,21.4281,599.0,5212.0,4.3,1.11,6.9887,139.480865,-3.387525,APC
1970,7.7517472,3.761,861.0,11.6856,123.828,929.0,5133.0,4.33,4.75,9.6732,133.993484,-14.35529,FP
1971,1.1159326,1.013,840.0,6.17322,1667.72,1780.0,6859.0,4.16,1.68,10.1782,137.028642,-39.350904,PC
1972,6.203496,5.715,810.0,9.93735,375.554,1226.0,4859.0,4.33,3.98,9.9917,134.722645,-13.312579,CP
1973,5.7525822,5.4013355,5272.3617789,12.7042648,828.8262888,1368.4710961,6180.0,4.11766,1.70927,8.93,39.897669,-50.008193,KP
1974,12.9281223,3.9850989,4105.1705253,9.974436,154.407415,899.0560909,6332.0,4.33,1.39271,9.5986,133.755005,-37.341245,PC
1975,3.1630387,4.661,1130.0,6.82612,17348.8,3197.0,6187.0,4.26,1.34,10.3364,132.269994,-36.578257,FP
1976,10.7189647,2.855,4830.0,18.5904,492.096,1312.0,7830.0,4.07,2.07,10.6734,118.897492,-25.86546,APC
1977,1.9126596,2.178,372.0,2.2474,943.042,1543.0,5601.4,4.24,1.24,8.8448,130.932185,-26.980824,PC
1978,7.2972359,0.827,3780.0,13.2402,14.5303,543.0,6433.0,3.91,2.1,10.185,173.024957,-20.632635,APC
1979,1.476869,1.451,2670.0,13.2219,7685.32,2608.0,6712.0,4.28,1.37,11.7919,64.262587,-29.524909,FP
1980,3.4082154,3.901,10060.0,16.7879,1192.31,1637.0,6231.4,4.11,1.59,12.7082,35.419766,0.513621,PC
1981,6.4967452,1.8,4930.0,19.5904,160.453,991.0,5186.9,4.33,1.53,10.8489,35.242357,-10.385468,PC
1982,3.4523955,1.624,13260.0,10.2673,139.443,957.0,5614.0,4.49,0.94,13.4391,79.671516,-44.466494,PC
1983,3.8539027,2.906,14520.0,11.8808,374.407,1225.0,5805.0,4.52,0.93,12.4453,52.733981,-39.613572,PC
1984,5.066175,6.2992409,1350.0,7.69012,311.3397198,1071.3426196,5868.0,3.57327,2.17,10.0733,65.915528,-53.851102,PC
1985,0.6293198,1.129,3730.0,4.46635,2516.29,1973.0,5508.0,4.63,0.79,12.653,75.439417,-49.284463,FP
1986,3.1292868,1.545,7430.0,12.0419,400.405,1246.0,6078.0,4.25,1.32,12.1692,45.019629,-32.74462,PC
1987,2.5981987,1.412,14260.0,11.5397,233.319,1088.0,5516.0,4.49,0.93,12.6795,52.705622,-49.715496,PC
1988,1.5292851,1.167,2800.0,12.6875,623.678,1392.0,6295.5,4.33,2.21,12.4435,76.314156,-42.128668,PC
1989,2.4756487,2.461,4370.0,5.25914,321.692,1179.0,4633.0,4.5,0.8,13.2964,74.431769,-47.021434,PC
1990,3.4711465,1.606,10070.0,11.1759,148.699,972.0,5593.0,4.39,1.05,13.322,73.369061,-45.034739,PC
1991,3.5746058,1.153,6040.0,11.6965,127.934,936.0,6257.0,4.25,1.37,12.9852,50.654419,-36.751886,PC
1992,4.0944492,4.233,5890.0,12.8011,711.268,1438.0,5650.0,4.03,1.6,12.4052,56.110097,-13.108709,PC
1993,2.1415519,2.989,1060.0,4.72287,1363.83,1693.0,5530.0,4.08,1.48,11.3437,44.173861,-15.055586,PC
1994,3.4180406,2.242,5200.0,6.58171,201.62,1049.0,5001.0,4.46,0.89,12.6443,52.68049,-22.003846,PC
1995,3.6977167,0.9308263,4755.6707294,2.942044,19.1944226,533.8429511,3607.0,4.438,0.397924,12.2958,75.846283,-54.177721,CP
1996,4.1549988,2.873,13830.0,10.5098,365.719,1185.0,5801.0,4.33,1.23369,10.732,52.231039,-19.974666,PC
1997,3.8821916,3.126,2670.0,5.57096,1093.46,1185.0,5283.0,4.33,0.95,12.5728,45.115585,-21.26916,PC
1998,3.6506781,2.79,20370.0,12.1655,273.621,1133.0,5343.0,4.55,0.84,13.3717,54.095284,-9.374473,PC
1999,1.3225635,1.683,13750.0,11.5804,825.226,1493.0,5388.0,4.44,0.97,13.3201,42.96122,-15.632723,PC
2000,1.6375324,1.665,11120.0,10.5098,437.581,1274.0,5095.6,4.33,1.23369,12.575,76.083135,-20.725762,APC
2001,0.5566811,0.473,3250.0,13.2433,634.993,1398.0,5200.0,4.33,1.7,13.0494,85.314319,-34.832198,APC
2002,6.409365,1.707,11300.0,12.1252,64.1809,788.0,6191.0,4.41,1.12,12.4762,80.674425,-20.42779,PC
2003,4.3169755,4.523,4670.0,10.9284,803.246,1483.0,5683.0,4.03,1.61,13.1506,80.658108,-20.654114,PC
2004,3.270563,1.682,9670.0,10.5098,123.655,929.0,5219.5,4.33,1.23369,13.3713,87.624787,-32.777806,PC
2005,5.8259928,2.442,12800.0,14.0157,71.3806,809.0,4964.0,4.19,1.2,13.0583,79.489758,-33.399418,PC
2006,5.6605693,1.6631704,3856.1060852,2.4070872,9.9407408,452.8709226,3551.0,4.83982,0.374358,10.4981,68.41608,-51.957394,CP
2007,11.3795653,2.2350305,3147.0461739,2.2539464,3.9180021,358.827663,3551.0,4.83982,0.374358,10.4981,68.41608,-51.957394,CP
2008,3.3601377,1.413245,972.9589363,1.1843718,19.9261226,538.8593825,3551.0,4.83982,0.374358,10.4981,68.41608,-51.957394,CP
2009,4.6636858,2.604,11110.0,12.5117,226.009,1080.0,5720.0,4.32,1.16,12.0698,70.127698,-9.890482,PC
2010,2.169466,1.653,1780.0,5.81205,643.066,1402.0,5823.0,4.2,1.35,12.5257,61.836947,-27.26974,PC
2011,1.9422802,2.768,8140.0,15.1178,2966.77,2056.0,6950.0,4.21,1.6,13.0115,75.475796,-7.660236,PC
2012,6.1735306,3.163,12950.0,11.2676,145.598,967.0,5435.0,4.45,0.96,13.3652,74.825739,-7.383684,PC
2013,3.6364993,3.509,16700.0,16.4306,977.668,1557.0,6552.0,4.39,1.23,12.7063,85.704592,-25.996545,PC
2014,18.010652,4.952,4580.0,12.5654,61.2858,779.0,5740.0,3.91,1.85,12.6139,77.481063,-12.629684,PC
2015,1.8851834,1.428,5450.0,17.0369,1582.72,1757.0,5807.0,4.26,1.25,13.4046,72.210785,2.475949,PC
2016,4.007232,4.78,10360.0,18.1614,1275.2,1664.0,6202.0,4.03,1.75,12.1569,68.974396,2.431273,KP
2017,2.3540172,2.36,6660.0,14.4919,954.677,1548.0,6114.0,4.02,1.74,12.5398,72.669098,5.387256,FP
2018,2.3540163,2.416,10020.0,15.1575,960.683,1551.0,6124.0,4.16,1.48,13.0639,72.668157,5.386163,PC
2019,2.4759733,1.0466923,386.7493472,2.8062638,1571.1556095,1605.7374991,6025.0,4.33135,1.33012,8.4332,70.775511,-50.219478,APC
2020,10.7448417,3.298,38070.0,11.9772,24.4016,619.0,4701.0,4.72,0.63,13.3942,82.349235,-23.761849,PC
2021,5.7604868,3.08,14580.0,14.0917,158.265,988.0,5530.3,4.33,1.12,13.0719,62.594692,3.762823,PC
2022,3.078479,2.424,5780.0,10.5098,295.7,1155.0,5140.1,4.33,1.23369,13.0933,66.147282,2.575275,PC
2023,1.2434016,0.939,4070.0,5.66309,412.506,1255.0,4967.0,4.6,0.75,12.483,63.150132,-12.317659,PC
2024,2.4993895,2.99,10610.0,12.9239,945.55,1544.0,5737.0,4.28,1.21,12.7979,61.401248,-14.926746,PC
2025,4.9640641,4.908,4910.0,13.6926,1050.08,1585.0,6323.0,3.95,1.95,13.0115,75.945973,14.305611,PC
2026,7.5420435,3.854,7720.0,9.55159,210.743,1061.0,5949.0,4.42,1.07,12.3425,76.989171,5.969123,PC
2027,1.3164901,1.389,3580.0,11.2218,1368.05,1694.0,6341.0,4.04,1.78,12.8212,75.410841,1.840649,FP
2028,2.7625084,2.037,16160.0,10.8143,155.318,983.0,4694.0,4.48,0.83,13.5252,67.288211,-3.189669,PC
2029,3.3759446,3.538,1270.0,6.03548,874.29,1514.0,5701.0,3.99,1.69,12.0676,71.554945,-0.804872,PC
2030,3.3098458,2.2676536,19158.8321817,12.4316228,241.6655587,1005.5957745,4953.0,4.55653,0.858619,11.7617,31.909164,-20.661843,KP
2031,2.1473577,2.706,2300.0,10.0889,1324.12,1680.0,5834.0,3.81,2.12,12.4742,77.277149,-12.635305,PC
2032,4.162733,3.319,12870.0,11.1057,425.348,1265.0,5744.2,4.33,0.97,12.8482,80.421253,-38.656827,PC
2033,0.708548,0.845,800.0,4.66694,1121.93,1612.0,5678.0,4.08,1.52,11.1522,66.413097,-43.72027,PC
2034,3.3843865,3.845,10730.0,16.224,917.268,1533.0,5848.0,4.1,1.52,13.3164,62.724267,-43.247264,PC
2035,1.4875055,1.874,44400.0,18.3083,550.26,1349.0,5142.0,4.54,0.83,13.1901,96.610774,-41.416669,PC
2036,0.1846924,0.386,1390.0,4.10645,7063.84,2554.0,5958.8,4.57,0.9,12.058,88.651171,-31.859618,APC
2037,3.9471513,1.993,16080.0,18.7538,406.495,1250.0,6351.0,4.26,1.37,13.4034,86.453974,-32.947519,PC
2038,0.6711626,1.168,2330.0,12.243,2181.85,1904.0,5632.0,3.67,2.43,13.0537,97.895728,-34.882869,PC
2039,1.7246234,1.979,11820.0,15.5191,976.638,1557.0,5776.0,4.18,1.37,12.7993,96.814362,-3.235402,PC
2040,4.0350169,2.108,25420.0,12.5268,126.805,934.0,5240.2,4.64,0.75,12.263,90.095814,-3.757326,PC
2041,0.7418594,1.5026958,2983.6257317,6.0238347,740.8643338,1330.6211479,4304.6,4.57,0.66174,11.481,51.504472,-64.548108,FP
2042,2.5082498,1.393,16210.0,20.6073,265.723,1124.0,5909.0,4.11,1.51,13.4848,98.267785,-3.167141,PC
2043,0.9953936,2.238,280.0,1.35321,4359.09,2263.0,5697.0,4.6,0.84,9.92029,96.069759,-17.053231,PC
2044,0.7029205,1.325,2480.0,7.51559,5873.32,2438.0,6699.0,4.18,1.6,12.0195,82.46986,-9.158548,FP
2045,3.7170532,3.751,7220.0,15.999,891.377,1522.0,6065.0,3.94,1.9,13.2843,94.847707,-12.762332,PC
2046,4.5879078,3.464,2040.0,5.59491,474.054,1299.0,5785.0,4.26,1.25,12.6746,85.826619,-40.383532,PC
2047,1.9663653,1.637,29670.0,13.2267,189.304,1033.0,4687.0,4.58,0.74,12.95,88.785064,-38.388989,PC
2048,3.4771921,2.002,3250.0,11.1486,422.8,1263.0,6539.0,3.99,1.94,10.9521,88.841655,15.37845,PC
2049,3.3328544,6.488,2300.0,13.2674,4271.73,2252.0,6272.0,3.6,2.91,12.5745,102.193683,12.282471,PC
2050,1.5174038,1.635,14220.0,10.5098,365.719,1185.0,5801.0,4.33,1.23369,13.5607,100.781108,-17.9585,PC
2051,3.1474843,0.913,5640.0,12.7493,129.933,940.0,5102.2,4.68,0.7,11.9013,100.569452,-50.144165,PC
2052,0.5417947,1.1716379,537.9244902,2.8738733,2690.4153124,1836.8537579,5181.0,4.54631,0.807298,10.4929,130.505379,-75.801869,FP
2053,0.5348968,0.504,6240.0,5.99059,518.242,1329.0,5414.2,4.88,0.58,13.2633,100.260562,2.349279,APC
2054,2.9884191,3.575,12890.0,16.3009,1658.79,1777.0,6636.0,4.29,1.4,11.7299,104.005957,-0.442588,PC
2055,1.2541679,2.294,11170.0,10.5098,1264.69,1661.0,4882.0,4.33,1.23369,13.5917,103.018282,-2.032864,PC
2056,1.1472535,1.789,4090.0,17.228,16302.6,3147.0,9742.0,4.01,2.59,13.3574,100.873785,-1.871278,FP
2057,0.787177,1.515,1350.0,10.5098,1632.52,1770.0,4899.5,4.33,1.23369,11.4746,100.564751,-4.949889,FP
2058,1.7932884,3.299,16170.0,22.7665,5108.84,1185.0,7122.0,4.33,1.74,11.9685,104.377746,3.994035,PC
2059,4.9208778,3.888,5680.0,12.4437,3684.32,2170.0,9668.0,4.39,1.65,11.9063,104.075097,3.83621,PC
2060,0.5209929,1.101,8570.0,18.4513,4262.45,2251.0,6116.2,3.89,2.01,12.8494,103.503578,4.293583,APC
2061,4.7838171,2.035,10210.0,11.571,143.512,964.0,5688.0,4.36,1.1,12.8401,103.054435,3.357831,PC
2062,6.9724832,5.156,4110.0,18.9679,5321.0,2379.0,7616.0,4.02,2.16,11.3789,104.055648,6.731795,PC
2063,0.9195617,1.153,9180.0,8.69931,2224.03,1913.0,5616.0,4.3762,0.82,11.0611,81.516646,-67.232772,APC
2064,6.8204309,3.723,12560.0,10.5098,365.719,1185.0,5801.0,4.33,1.23369,11.8145,103.285033,10.65591,PC
2065,7.4710819,2.511,24880.0,12.8097,50.0778,741.0,5262.0,4.57,0.81,13.4603,100.613362,6.816715,PC
2066,4.9197461,3.023,10380.0,12.6447,275.438,1134.0,5822.0,4.3,1.21,13.1606,103.204081,-44.550824,PC
2067,1.6281719,2.128,12020.0,15.3377,1369.74,1694.0,6020.0,4.22,1.35,13.4585,101.578458,-3.72159,PC
2068,0.9422588,1.46,1060.0,3.75015,1840.19,1824.0,5544.7,4.37,1.07,12.2082,101.346587,-41.249216,FP
2069,3.3187528,1.96,6490.0,9.77184,262.223,1121.0,5709.0,4.28,1.21,13.2899,100.136001,-37.056243,PC
2070,1.5622382,1.676,3230.0,18.0467,449.217,1282.0,4801.0,4.33,3.08,12.2592,104.906202,-17.404791,PC
2071,3.4813976,2.694,21800.0,20.9129,687.809,1426.0,6704.0,4.3,1.4,12.6603,104.335512,-14.109962,PC
2072,4.5302876,2.713,22840.0,12.3919,98.5409,877.0,4693.0,4.5,0.81,13.1915,104.240485,-16.746469,PC
2073,1.5971584,3.429,5070.0,17.7465,15134.3,3090.0,6033.0,3.86,2.06,13.205,107.356081,-44.683482,FP
2074,4.8000953,1.9968681,5241.0677476,17.0718101,1043.344051,1449.5280892,6366.0,4.16217,1.58083,10.6559,81.353084,-55.019925,FP
2075,0.4405893,1.075,1850.0,6.74949,4788.57,2317.0,5643.0,4.1,1.48,12.8004,105.752117,-43.493068,FP
2076,6.1214801,3.861,17560.0,17.6327,725.656,1445.0,6356.0,4.35,1.24,13.2221,104.823819,-31.38747,PC
2077,3.9072351,3.366,14650.0,13.9055,676.473,1420.0,6294.0,4.42,1.13,12.4325,104.244375,-19.683669,APC
2078,3.9980153,3.793,5420.0,10.5098,365.719,1185.0,5801.0,4.33,1.23369,11.996,102.498007,-20.90678,PC
2079,2.276734,1.832,3620.0,10.8605,796.052,1479.0,6494.0,4.06,1.78,12.6918,102.751656,-34.738847,PC
2080,1.0191022,1.228,2230.0,7.10309,2426.37,1955.0,6865.0,4.24,1.53,12.1304,102.339612,-32.28248,PC
2081,7.2748135,3.779,15010.0,17.4324,255.021,1185.0,6792.7,4.24,1.4,11.7351,106.631185,-53.534681,APC
2082,0.934057,1.318,620.0,13.4544,1287.68,1668.0,5023.0,4.33,5.19,11.1649,100.642573,-20.24152,PC
2083,1.5080197,1.032,1790.0,3.01287,89.0458,855.0,4008.0,4.6,0.66,11.3676,99.364134,-15.481203,PC
2084,3.08858,2.214,17060.0,10.5098,254.633,1112.0,5381.0,4.33,1.23369,13.4832,99.113031,-15.724613,PC
2085,3.9934418,1.9693065,5801.8957159,4.2556645,28.2359721,587.9229796,3748.0,4.7573,0.523113,11.7315,19.076698,-20.953277,CP
2086,4.5697688,3.369,9780.0,17.1535,204.884,1054.0,4976.0,4.33,1.7,13.2389,95.182655,14.783576,PC
2087,3.8454384,4.736,4590.0,13.6848,2030.9,1870.0,6733.4,3.98,2.02,12.4432,94.017995,15.270666,FP
2088,2.8504334,3.768,23800.0,10.5098,1787.94,1811.0,6293.8,4.33,1.23369,12.8662,83.479821,10.276406,PC
2089,0.5993364,1.024,2180.0,14.3367,3334.9,2117.0,6232.0,3.62,2.81,12.993,82.08319,-19.621497,APC
2090,4.4430866,1.787,8800.0,21.1475,184.965,1027.0,4926.5,4.33,1.54,12.627,83.99283,-7.688372,PC
2091,3.7804749,3.615,22150.0,17.9247,835.088,1497.0,5112.0,4.56,0.81,12.9127,102.412686,-0.495979,FP
2092,3.4590552,3.001,8820.0,17.1001,1927.33,1845.0,7911.0,4.19,1.83,13.3684,102.219197,-16.780503,PC
2093,1.9297769,1.701,4540.0,7.58229,310.868,1169.0,4856.0,4.33,1.14,13.3742,101.968908,-17.724863,PC
2094,4.4445101,2.737,16730.0,14.6892,347.285,1202.0,6288.0,4.42,1.14,12.3409,84.626068,-9.83753,PC
2095,2.9038027,3.511,5860.0,13.4427,5592.86,2409.0,6570.0,4.21,1.51,12.4889,99.678448,2.43106,FP
2097,4.9062135,1.671,7400.0,17.7815,251.061,1108.0,7169.0,4.08,1.92,12.8475,88.244157,-16.286213,PC
2098,2.7636665,1.279,6370.0,5.94208,34.207,673.0,3868.0,4.57,0.7,12.9395,87.820416,-13.381044,PC
2099,4.8682357,4.411,34450.0,10.5098,392.316,1239.0,5250.0,4.33,1.23369,13.3612,98.004524,16.585417,PC
2100,2.3044132,3.102,20290.0,22.8234,756.205,1460.0,5801.0,4.33,1.55,12.373,83.450594,16.810667,PC
2101,0.2571432,0.362,1940.0,7.20948,1913.57,1842.0,5784.0,4.38,1.09,12.428,82.878464,15.771332,PC
2102,11.5054399,2.459,15910.0,10.5098,32.6456,665.0,5251.2,4.33,1.23369,13.099,92.815098,-41.721945,PC
2103,3.7576217,4.483,7680.0,16.0563,933.592,1539.0,5605.0,3.88,1.89,13.3318,88.908628,1.167967,PC
2104,4.3217658,5.515,2640.0,12.7289,977.267,1557.0,5139.0,4.33,2.5,13.425,87.554742,-53.330742,PC
2105,4.0646554,2.813,7700.0,8.30577,314.34,1173.0,5647.0,4.5,0.93,13.4177,99.631107,-49.444946,PC
2106,3.0071496,4.461,3310.0,8.05598,1939.81,1848.0,5906.0,4.14,1.45,13.0632,95.47532,-4.321544,FP
2107,11.4707838,3.698,1575.0,1.86599,30.2417,653.0,4140.0,4.46332,0.73,10.5012,41.18845,-32.211043,PC
2108,2.3341583,3.553,10070.0,20.0937,3201.05,2095.0,6901.0,4.04,1.93,12.273,85.967216,16.360063,PC
2109,3.7482756,4.989,5010.0,14.0065,2004.64,1864.0,6425.0,3.94,2.02,12.7587,96.172915,-36.929228,PC
2110,7.1185659,1.734,3920.0,12.5411,52.4926,749.0,5945.0,3.92,1.9,12.3337,95.110693,-38.17295,PC
2111,0.3559702,0.523,2320.0,6.23347,2541.08,1977.0,5562.0,4.36,1.08,13.2886,86.473805,-46.94361,PC
2112,4.7654865,4.43,6120.0,14.441,806.142,1484.0,6151.0,3.97,1.85,13.0577,90.627138,4.150327,PC
2113,3.6337247,1.763,15330.0,11.4562,122.862,927.0,5325.0,4.51,0.88,13.4809,97.367971,-46.177185,PC
2114,4.808498,1.405,11010.0,15.0839,67.1926,797.0,5449.5,4.13,1.38,11.916,84.152719,0.896279,CP
2115,4.2380604,3.385,13070.0,13.0206,463.485,1292.0,5798.0,4.35,1.13,13.194,97.187829,7.699212,PC
2116,3.994474,4.436,14090.0,18.9963,896.598,1524.0,5931.0,4.06,1.61,12.8054,91.437408,-33.187516,PC
2117,1.4367914,2.178,23180.0,16.9266,1530.88,1742.0,5873.0,4.4,1.07,13.1811,99.011337,-45.280583,PC
2118,10.1843061,1.7293131,839.9896915,2.4497061,59.457971,708.2266596,5454.0,4.59104,0.782681,9.9955,24.168388,-36.414011,PC
2119,7.7538288,3.454,6560.0,9.7807,127.967,937.0,5504.0,4.33,1.17,12.18,98.617856,-41.147731,PC
2120,5.4139736,2.952,8400.0,15.5249,179.736,1020.0,5425.0,4.33,1.71,13.4242,85.500078,-31.873186,PC
2121,3.5266608,2.105,1320.0,5.79479,312.309,1171.0,5668.0,4.35,1.58,11.526,80.731186,-21.955687,PC
2122,1.962292,2.935,20910.0,17.4523,2085.59,1882.0,6384.0,4.41,1.16,12.0753,93.11474,-23.492496,CP
2123,4.8033954,0.9062451,867.1363349,4.4901713,760.1635216,1339.2032846,5913.9,4.12,1.50621,8.9118,146.418889,-38.887361,PC
2124,12.4498835,5.45,1827.0,20.0559,5588.85,2408.0,8469.0,3.96,2.51,10.1015,142.107198,-38.947381,FP
2125,11.4045112,3.947,760.0,4.0961,161.074,992.0,6334.6,4.2,1.47,10.0524,157.921439,-24.224832,PC
2126,3.9919157,2.938,535.0,2.45988,424.412,1264.0,5645.0,4.32,1.14,9.6854,146.114558,-35.104589,PC
2127,9.4453763,2.659,863.0,1.77547,33.3967,669.0,4853.0,4.69,0.66,9.9139,155.316019,-25.109334,PC
2128,3.1660849,2.6922287,5175.0320686,10.333405,916.3847298,1403.2634402,6225.0,4.33,1.3377,10.9095,149.034708,-38.088834,PC
2129,5.5765284,2.28,570.0,4.28325,779.716,1472.0,6002.18,4.12354,1.52,10.5041,66.136252,-60.129932,PC
2130,8.4035706,3.906,490.0,2.0563,218.228,1070.0,5910.0,4.42,1.05,9.0397,165.955117,-50.887152,PC
2131,5.5553784,2.256,1050.0,13.2411,564.535,1357.0,8058.0,3.57,3.79,10.7217,143.466543,-42.714874,FP
2132,3.0750728,2.219,510.0,3.62818,948.001,1545.0,6888.0,4.25,1.52,9.6913,156.685218,-38.042191,FP
2133,4.5654898,2.4746848,8850.6976925,18.034025,2423.023737,1789.4071434,9162.0,4.51,1.39742,12.4783,120.850783,-38.715281,PC
2134,5.479335,4.7009896,9196.3437964,15.1849562,915.6728921,1402.9908508,6332.7,4.2,1.5307699,11.1664,116.249354,-48.750526,PC
2135,3.4044402,1.895,7190.0,15.4118,278.231,1137.0,6097.0,4.01,1.75,13.2181,107.708648,-12.833057,PC
2136,3.059168,4.992,7610.0,13.504,6509.45,2502.0,5657.0,4.37,1.08,13.2864,118.347733,-36.800418,FP
2137,6.2804387,3.263,10240.0,9.96788,218.419,1071.0,5900.0,4.48,0.98,12.1234,120.031887,-42.172067,PC
2138,4.0397189,3.655,15110.0,14.2282,876.846,1515.0,5758.5,4.27,1.14,11.3944,119.059818,-35.11671,CP
2139,4.3905548,2.073,8000.0,20.0458,472.76,1299.0,5796.0,4.12,1.97,11.6805,109.783871,12.776861,APC
2140,56.0045056,10.4337079,767.9192527,4.6074444,29.9535327,596.6666471,6321.0,4.22436,1.41189,8.9387,65.238307,-68.102688,CP
2141,31.32312,1.541,385.0,2.00987,15.1394,549.0,6321.0,4.22436,1.41,8.9387,65.238307,-68.102688,FA
2142,84.2607645,10.925059,440.1660616,3.4359102,17.3744666,520.7120401,6321.0,4.22436,1.41189,8.9387,65.238307,-68.102688,CP
2143,22.8909855,2.465657,253.4100012,2.5594629,98.7475477,803.9912632,6321.0,4.22436,1.41189,8.9387,65.238307,-68.102688,CP
2144,13.3454771,3.135485,24630.385709,12.027246,34.90087,619.9102437,5448.0,4.7,0.720183,13.2795,117.112936,-41.851643,PC
2145,0.2856701,0.297,1990.0,13.6948,1011.6,1571.0,5606.0,3.81,2.04,12.9152,110.862995,-50.24341,PC
2146,2.8798613,4.111,4820.0,11.5292,2026.22,1869.0,6086.0,4.04,1.69,12.8504,120.003728,-28.633446,PC
2147,4.7962078,3.328,21130.0,10.5098,1796.66,1813.0,8083.5,4.33,1.23369,12.1195,125.179823,-25.691466,PC
2148,2.2087864,4.045,4710.0,13.7924,11768.7,2901.0,5827.0,4.23,1.3,13.0931,117.680162,-28.321662,PC
2149,5.9492615,4.304,7490.0,11.6197,452.584,1284.0,6041.0,4.22,1.36,13.0215,117.015231,-48.182978,PC
2150,1.9275568,2.621,39070.0,10.5098,6683.74,2518.0,9168.0,4.33,1.23369,12.8565,102.832655,-11.586243,PC
2151,5.3393042,2.965,2610.0,7.70059,280.204,1139.0,5857.2,3.94,1.49,11.1865,108.721945,11.989395,PC
2152,4.6141256,1.566,4920.0,10.7957,167.033,1001.0,6888.0,4.37,1.33,12.9858,115.628942,-53.037166,FP
2153,1.1468708,1.3965477,2762.6275979,11.7343018,12604.1379184,2702.390069,6755.0,4.0,1.99145,11.6079,113.981399,-30.748672,FP
2154,17.6174652,3.615,722.0,2.01411,23.0207,610.0,5250.0,4.64176,0.81,9.6768,118.569306,-65.441482,PC
2155,4.2555436,5.058,2410.0,8.01392,2367.92,1185.0,6053.1,4.17,1.68,11.8365,124.346776,-17.493754,APC
2156,2.6926692,3.101,4150.0,13.9087,7635.55,2604.0,9669.0,4.18,2.11,12.0778,113.519372,-15.933992,PC
2157,2.6889686,2.677,10930.0,13.0858,1246.08,1655.0,6685.0,4.4,1.25,12.9674,110.910659,-26.711311,PC
2158,4.3897272,3.234,6550.0,10.5098,363.0096249,1113.266869,5801.0,4.33,1.23369,13.0718,120.662363,-49.593238,PC
2159,1.8947564,2.1094288,4246.8573903,6.7240044,1112.4611509,1472.9600331,5801.0,4.33,1.0,13.0718,120.662363,-49.593238,PC
2160,4.6391531,3.239,14100.0,13.8244,411.734,1254.0,5928.2,4.56,1.15,11.288,124.385982,-28.046133,PC
2161,2.9646096,2.232,27860.0,15.291,241.662,1098.0,5306.0,4.51,0.88,13.1057,108.496989,-34.939529,FP
2162,3.2379325,3.112,8340.0,11.1634,1164.58,1627.0,6434.3,4.46,1.19,11.4675,121.482329,-30.93849,PC
2163,0.8602467,1.5314093,14559.4590959,10.5098,3188.0516635,1916.4658605,4841.5,4.33,1.23369,13.5012,103.00138,-49.561684,APC
2164,5.4521068,4.702,8170.0,15.3694,1153.14,1623.0,5878.0,4.03,1.64,12.9,106.616499,-18.80809,FP
2165,0.879268,1.529,4550.0,11.9007,3494.7,2142.0,6259.0,4.06,1.7,12.9604,123.753462,-36.248077,FP
2166,1.3091358,3.112241,164.1307467,0.9798243,666.0022369,1295.6529002,4779.8,4.57,0.772044,9.2927,84.254356,-66.790853,FP
2167,1.532427,2.351,29020.0,19.4762,1580.66,1756.0,5957.0,4.39,1.11,12.9159,108.649235,-6.835297,PC
2168,2.1663502,4.258,5930.0,14.4558,19658.8,3298.0,9394.0,4.25,1.92,12.6313,120.820607,-42.411054,PC
2169,3.5514016,2.207,8480.0,11.8731,342.119,1198.0,6019.0,4.29,1.26,12.0327,108.044207,-10.63934,CP
2170,1.8882882,2.714,18080.0,17.6221,2054.63,1875.0,6436.0,4.34,1.27,13.4949,103.639572,-20.288853,PC
2171,3.5524144,2.784,2060.0,8.52936,1015.53,1572.0,6843.0,4.33,1.82,11.5829,110.203228,13.01869,PC
2172,3.145502,2.411,6190.0,20.1993,707.742,1436.0,6397.0,3.83,2.29,13.2863,106.179342,-0.02951,FP
2173,2.6792695,2.56,10530.0,13.9979,1189.32,1636.0,6718.0,4.34,1.34,13.3693,108.905266,-28.059293,PC
2174,2.648845,2.131,16770.0,11.66,338.268,1194.0,5329.0,4.52,0.87,12.2224,116.689433,-39.131536,PC
2175,3.0244222,5.3680787,267015.5224574,10.5098,596.3475879,1260.3600138,6758.0,4.19,1.23369,11.422,119.999359,-42.928955,FP
2176,2.9510628,3.404,9480.0,13.623,1384.06,1699.0,6370.0,4.26,1.39,13.2877,109.412182,-6.372974,PC
2177,32.332528,3.459632,2425.505189,3.028709,2.7564164,328.6290521,3891.0,4.64044,0.615038,12.1677,74.697171,-56.393814,PC
2178,6.6329154,0.598,3190.0,7.47324,6.26353,440.0,4608.0,4.35,0.88,10.7599,91.41105,-41.288263,PC
2179,4.8257226,4.145,7650.0,14.7924,1225.98,1648.0,7141.0,4.2,1.66,13.0923,113.85425,-40.877509,PC
2180,0.400777,0.886,2000.0,10.0625,3988.82,2214.0,5635.0,3.81,2.07,13.3947,102.113987,-32.457696,PC
2181,3.2923881,1.427,26840.0,21.0823,211.311,1062.0,6300.0,4.35,1.24,13.4546,112.919032,-38.310526,PC
2182,0.9008643,1.419,2530.0,13.1071,13721.4,3015.0,9267.0,4.03,2.46,12.5461,109.100834,-4.730664,PC
2183,3.4906402,1.586,4580.0,8.78597,202.549,1050.0,6066.0,4.34,1.18,12.7325,123.43693,-18.877652,PC
2184,0.599092,1.232,1290.0,11.5931,2400.89,1950.0,5220.0,4.33,3.19,12.6989,101.010233,-26.030612,PC
2185,0.6216031,1.1570716,2344.6249758,8.6439547,26805.6102003,3263.4440702,8038.0,4.37,1.50848,12.4644,120.614522,-35.485708,APC
2186,2.4181961,1.814,4150.0,10.5098,473.085,1299.0,5118.6,4.33,1.23369,13.3606,100.66585,-26.084036,PC
2187,3.9589903,3.5,13190.0,20.2505,852.08,1505.0,6551.0,4.1,1.73,12.9395,107.27446,-39.164377,PC
2188,4.5117221,1.785,313.0,1.40246,86.7681,850.0,5245.0,4.57666,0.79,9.1059,90.984276,-60.666335,PC
2189,39.361947,4.535,552.0,1.84555,22.4437,606.0,5245.0,4.57666,0.79,9.1059,90.984276,-60.666335,PC
2190,4.1849602,2.233,27260.0,10.5098,362.823,1215.0,5722.4,4.33,1.23369,13.4746,120.504844,-30.622233,PC
2191,6.6269971,3.9371246,5104.9588771,11.1341925,492.5315328,1201.5124066,5940.0,4.13,1.48946,13.0316,106.939794,-38.43372,PC
2192,11.4874782,4.063,16360.0,15.5181,94.4317,868.0,5958.0,4.3,1.22,13.0436,93.577763,-42.883675,PC
2193,1.1894812,3.047,4130.0,9.44872,9015.13,2714.0,6550.0,4.21,1.5,12.7797,110.446018,-22.597941,FP
2194,0.4777885,1.039,2690.0,10.5098,2766.96,2020.0,5286.9,4.33,1.23369,12.818,100.149235,-44.661655,PC
2195,0.451685,0.262,1660.0,9.82852,1563.98,1751.0,6353.0,4.46,1.1,12.685,97.015646,-35.398536,PC
2196,1.5728416,1.947,21020.0,12.7462,687.916,1426.0,5288.0,4.52,0.87,13.2495,126.898381,-14.125433,PC
2197,5.6392638,4.436,7320.0,14.2003,486.031,1308.0,5904.0,4.03,1.65,13.4861,104.345323,-40.578998,PC
2198,9.3803217,4.508,8600.0,12.1477,246.563,1103.0,5817.0,4.25,1.27,12.9702,98.965621,-41.56033,PC
2199,1.7198076,1.861,10890.0,10.5098,4161.67,2237.0,8531.0,4.33,1.23369,12.9451,109.657119,-13.064781,PC
2200,3.7815683,2.0137346,15002.1659627,17.6651495,601.5371996,1263.093127,5807.0,4.32,1.17009,12.3611,356.283058,-17.449264,PC
2201,5.7655904,1.757,7910.0,19.7343,80.5444,834.0,5409.0,4.33,2.0,12.5266,111.797558,14.957871,PC
2202,0.4057204,1.201,2620.0,6.83767,11661.9,2895.0,6541.0,4.33,1.32,13.0777,123.825652,-29.23165,PC
2203,5.2201338,2.584,6040.0,14.7463,2982.23,2058.0,11632.0,4.35,1.95,12.8919,119.619171,-35.664564,PC
2204,1.252025,0.816,8690.0,10.5098,495.784,1185.0,5000.0,4.33,1.23369,12.6587,97.790166,-39.210426,PC
2205,3.3004862,2.959105,2403.5706041,8.5365984,1351.1962911,1546.3199559,6408.0,4.26,1.30784,11.3002,113.755213,-43.876527,FP
2206,3.4142143,4.212,3400.0,15.9231,5796.83,2430.0,8573.0,3.9,2.72,12.5365,110.778713,-11.990525,PC
2207,6.2996307,1.918,9530.0,9.36407,42.1658,709.0,5137.0,4.45,0.92,11.7038,110.247353,-21.114638,PC
2208,3.4074188,3.111,18130.0,17.1042,736.646,1451.0,6237.0,4.33,1.24,13.0814,121.311321,-16.595309,PC
2209,2.0849517,3.099,2380.0,4.65169,2731.54,2014.0,6163.0,4.56,0.94,12.6063,107.358337,-1.732243,FP
2210,2.3252878,2.277571,29370.954615,12.8754,846.6821648,1375.7827266,5744.0,4.33,1.1,13.3181,124.319317,-30.632887,FP
2211,711.7473963,6.7075614,1566.1541118,9.065007,2.2397282,312.0100486,6530.0,3.96,2.02087,8.97174,340.307693,-28.032657,PC
2212,4.7799716,4.976,5250.0,13.1891,1774.48,1808.0,6605.0,4.07,1.79,13.2873,108.412415,-48.696216,PC
2213,2.9301843,4.218,6280.0,13.1989,1800.37,1814.0,6032.0,4.05,1.65,13.2222,109.29759,1.114636,PC
2214,2.0083269,4.37,1680.0,4.99539,7012.5,2549.0,6656.0,4.37,1.28,13.1101,103.039992,-12.68971,PC
2215,3.7064049,2.056,4710.0,10.5098,1014.45,1572.0,6016.0,4.33,1.23369,12.3661,109.559167,-32.95761,PC
2216,2.935886,2.93,5900.0,14.3093,1215.74,1645.0,5896.0,3.97,1.77,13.4518,109.640338,-9.70194,PC
2217,6.3350651,2.37,4160.0,15.3432,1093.74,1602.0,9608.0,4.11,2.28,11.7507,115.517784,-18.889988,PC
2218,1.6020002,2.625,21520.0,18.6498,2118.49,1890.0,6141.0,4.33,1.22,11.7858,110.007657,-10.569841,PC
2219,4.9182798,3.7931445,20620.2444335,17.0084738,716.6837953,1319.6283765,7185.0,4.52,1.1499,13.3009,121.985508,-39.014522,PC
2220,4.218652,1.7861148,9198.260437,10.5098,365.719,1185.0,9307.0,4.33,1.23369,11.1893,121.957411,-45.377044,PC
2221,3.6579148,4.33,32300.0,10.5098,869.875,1512.0,5765.0,4.33,1.23369,12.973,132.225584,-61.904997,PC
2222,4.0802864,6.463,5520.0,16.0647,365.719,1185.0,5728.0,3.99,1.69,11.4483,2.900716,-56.599679,PC
2223,3.1958886,1.548,10760.0,16.4567,495.822,1314.0,6496.3,4.33,1.39,12.6223,137.699604,-50.922,PC
2224,17.3076615,4.843,8880.0,17.4207,96.7375,873.0,6693.0,4.07,1.81,11.7498,122.890573,-57.315237,PC
2225,14.9502738,4.464,8070.0,15.1651,135.41,950.0,5068.0,4.58,0.79,13.3763,116.213624,-59.551153,PC
2226,10.3629429,3.168,5880.0,7.36873,66.9029,796.0,5467.0,4.45,0.96,13.296,113.57776,-56.581794,PC
2227,7.4190257,2.472,11610.0,11.48,87.5704,852.0,6004.0,4.47,1.02,13.0815,145.428958,-24.78535,PC
2228,8.7858955,5.908,3910.0,10.3307,656.013,1409.0,6749.0,4.17,1.63,13.3064,145.329475,-28.354658,PC
2229,1.3475728,1.589,2570.0,18.0939,1178.75,1632.0,5434.0,4.33,3.36,12.8047,128.916062,-62.114976,PC
2230,12.0040505,3.95,6890.0,7.9538,77.3733,826.0,5777.0,4.47,0.98,13.3406,122.960237,-61.733279,PC
2231,3.6128161,3.7292938,9701.7379772,17.5748151,2403.2370301,1785.7427737,7186.0,4.18,1.71382,13.4268,121.487048,-61.667199,PC
2232,4.0874138,2.061,7470.0,17.2785,334.64,1191.0,5881.0,3.94,1.83,13.0077,125.68696,-67.723522,PC
2233,21.05271,4.91,21440.0,36.6999,80.9224,835.0,5736.0,3.97,1.73,12.9528,359.516588,-49.300838,FP
2234,1.317173,2.581,14130.0,10.5098,1048.64,1585.0,4649.5,4.33,1.23369,13.4609,142.73104,-51.141043,PC
2235,4.6086828,4.283,13990.0,20.3715,2197.47,1907.0,8097.0,4.26,1.72,11.9357,140.609503,-52.043622,PC
2236,2.9918201,2.231,3410.0,5.2899,317.354,1175.0,5301.0,4.5,0.89,12.7858,136.335932,-62.966781,FP
2237,3.5947639,1.81,3070.0,5.10241,176.712,1015.0,5594.0,4.5,0.93,12.7318,116.065365,-51.874845,PC
2238,7.5010022,3.977,2550.0,7.05091,534.505,1339.0,5673.0,4.21,1.31,12.5519,114.184839,-53.204584,PC
2239,11.8790678,3.716,8580.0,10.5098,61.6781,780.0,5163.2,4.33,1.23369,12.41,130.961641,-45.972021,PC
2240,3.7062792,3.008,13910.0,13.4147,714.906,1440.0,6524.0,4.49,1.09,12.7318,137.390723,-37.796842,PC
2241,3.168632,2.329,2830.0,10.5098,536.503,1340.0,6020.0,4.33,1.23369,12.3447,136.755357,-36.560064,PC
2242,5.4631023,4.067,3070.0,5.85793,874.545,1515.0,6788.0,4.55,1.06,12.6467,135.94385,-39.21708,PC
2243,3.0688259,3.95,3010.0,9.43298,4260.44,2250.0,7776.7,4.33,1.64,11.3289,135.668568,-37.016822,PC
2244,12.08837,3.106,5990.0,18.1866,200.957,1048.0,5920.0,4.22,1.34,12.3035,352.16451,-10.85962,FP
2245,3.3080662,4.0947447,11855.6066747,10.5098,529.164184,1223.2560151,4989.6,4.33,1.23369,13.3395,129.629817,-42.141881,PC
2246,1.7701924,1.5610161,51197.2451235,10.9547,170.6081316,921.76387,4430.1,4.33,0.77,13.381,129.080557,-46.365534,PC
2247,8.7614828,3.301,4200.0,11.807,192.233,1037.0,6614.0,4.05,1.83,11.3838,128.826991,-56.640286,PC
2248,7.0317936,2.962,19070.0,10.9551,33.675,671.0,4269.0,4.48,0.78,13.3564,150.480802,-31.738573,PC
2249,3.0515894,3.2635858,5835.5643672,15.5322188,5083.0675851,2153.5314602,7902.0,4.14,1.94295,13.21,127.623784,-48.820612,PC
2250,5.1304425,2.399,7670.0,10.5098,160.972,992.0,5003.8,4.33,1.23369,12.5254,127.414073,-55.560709,PC
2251,3.9216762,2.075,17400.0,13.1754,325.02,1182.0,6706.0,4.63,0.96,13.108,140.683121,-45.092394,PC
2252,7.9018734,3.18,16220.0,10.5098,70.7874,808.0,4976.0,4.33,1.23369,13.0699,139.336601,-46.114722,PC
2253,9.5680636,3.982,9400.0,9.53977,195.344,1041.0,6511.0,4.57,0.99,13.2889,138.138217,-46.400703,PC
2254,4.6957057,2.633,13800.0,10.543,165.667,999.0,5475.0,4.53,0.89,12.5917,137.261531,-44.69446,PC
2255,10.3688702,2.4885919,15543.5949112,9.6582457,32.4178069,608.5771715,4463.0,4.49,0.789514,13.2806,14.714189,-36.688474,PC
2256,3.2003149,2.847,16320.0,18.204,626.171,1393.0,6060.0,4.2,1.4,12.8212,148.043561,-34.637781,PC
2257,3.0044799,3.19,11000.0,13.4546,1078.67,1596.0,6302.0,4.34,1.25,12.8854,131.498216,-57.970633,PC
2258,1.3605223,0.715,1440.0,5.14347,333.693,1190.0,5924.0,4.35,1.15,11.7768,148.530378,-36.533331,PC
2259,4.3226285,2.908,9090.0,12.2227,401.143,1246.0,6153.0,4.31,1.25,12.8521,130.312867,-59.003312,PC
2260,7.3509269,3.8771692,5725.2522107,10.4392944,450.6145732,1175.0898035,6571.0,4.31,1.34715,12.1466,129.565989,-54.087096,PC
2261,1.5720089,1.257,2730.0,8.25698,1224.0,1647.0,7164.0,4.28,1.51,11.49,145.470604,-41.4836,PC
2262,2.4249041,4.225,5630.0,13.9253,3929.91,2205.0,6632.0,4.01,1.92,13.1845,146.894352,-44.938923,PC
2263,1.3868302,2.413,14190.0,14.7174,4386.75,2267.0,7019.0,4.46,1.22,13.3754,145.556049,-43.004208,PC
2264,2.8457134,3.189,7050.0,10.8106,1849.83,1827.0,6910.0,4.39,1.3,12.9639,144.684864,-43.027284,PC
2265,2.0391352,2.1,19130.0,11.8618,693.385,1429.0,5773.0,4.55,0.89,13.2135,137.057803,-43.58446,PC
2266,0.8054361,1.06,2980.0,8.06243,2752.55,2017.0,5905.0,4.13,1.4,11.024,358.154531,-54.468938,APC
2267,7.2041454,3.527,1970.0,10.8839,735.576,1450.0,7176.0,3.91,2.34,11.6526,133.916868,-43.399202,PC
2268,8.6681997,5.864,3880.0,11.0832,492.998,1312.0,6133.0,4.01,1.77,12.1511,133.202995,-43.353789,PC
2269,3.2569118,3.689,5960.0,15.9704,2431.32,1956.0,7320.0,4.01,2.1,12.6396,133.035477,-46.012169,PC
2270,1.6363822,5.2796046,2383.8690387,10.6745489,4767.1868729,2119.2651364,6361.0,4.09,1.6787,12.5246,132.871698,-47.739206,FP
2271,1.1239749,1.011,2190.0,5.17993,910.705,1530.0,6220.0,4.56,0.95,12.8016,132.464537,-43.285817,PC
2272,5.5698287,2.234,11620.0,13.1629,113.909,910.0,5751.6,4.28,1.22,13.4581,142.271234,-34.764775,PC
2273,1.3328042,2.75,1960.0,7.33432,5718.54,2422.0,6561.0,4.12,1.67,12.5961,147.853628,-25.593913,FP
2274,2.0139493,1.554,5820.0,23.9926,2165.86,1900.0,6074.0,4.11,1.56,13.4212,138.05522,-33.831997,PC
2275,4.942456,2.504,16530.0,12.1509,139.422,957.0,5516.0,4.49,0.92,11.4932,145.935851,-25.544412,PC
2276,4.8306667,4.24,9790.0,14.4419,889.049,1521.0,6567.0,4.26,1.44,12.6819,149.759485,-22.94676,PC
2277,7.327945,2.896,13710.0,9.49027,39.3409,697.0,4521.0,4.5,0.79,11.3875,339.02584,-17.000305,CP
2278,4.5991516,3.113,23020.0,10.5098,195.841,1042.0,5262.9,4.33,1.23369,13.487,142.330001,-37.471567,PC
2279,0.7127815,1.154,26500.0,16.3576,1485.48,1729.0,5625.4,4.33,0.98,12.6858,141.424753,-41.762818,APC
2280,3.525723,4.582,4730.0,12.6783,1943.53,1849.0,6442.0,4.02,1.85,12.9356,139.819823,-39.68824,PC
2281,0.7123317,0.752,13070.0,13.7901,456.304,1287.0,4728.0,4.34,0.98,13.2005,138.829697,-37.410488,PC
2282,7.7925448,2.902988,16339.5347863,25.4471346,434.0222975,1164.120025,6307.0,4.21,1.44678,13.3106,116.957847,-56.764275,PC
2283,3.2006677,4.195,5500.0,15.3648,3373.51,2123.0,7438.0,4.03,2.09,12.9512,123.958625,-51.130941,PC
2284,4.9186433,1.849,19840.0,10.544,29.4413,648.0,4394.0,4.56,0.72,12.3977,135.596925,-70.947587,PC
2285,2.0391741,0.849,5740.0,10.5098,131.518,943.0,5371.5,4.33,1.23369,12.5964,151.064827,-63.377022,FP
2286,2.7557652,1.889,14830.0,14.7906,420.126,1261.0,5801.0,4.33,1.18,13.175,138.357768,-62.446432,PC
2287,2.8652288,1.785,14320.0,13.2096,291.711,1151.0,5945.0,4.42,1.06,13.2338,136.925615,-65.641899,PC
2288,3.3969441,2.4148687,10192.131158,14.4039682,840.3890897,1373.2191493,5864.0,4.26,1.27071,12.141,359.091858,-13.271638,KP
2289,3.2690486,3.666,6060.0,12.349,1303.81,1674.0,6368.0,4.16,1.55,12.5781,133.789047,-65.572667,PC
2290,3.029136,2.829,18490.0,10.5098,365.719,1185.0,5801.0,4.33,1.23369,13.417,140.738354,-68.83153,PC
2291,10.7844934,2.021,13750.0,6.26037,3.24982,374.0,3558.0,4.73,0.51,12.6359,134.192664,-68.510453,PC
2292,1.2926975,2.592,6460.0,10.5098,365.719,1185.0,5801.0,4.33,1.23369,12.4794,148.534383,-57.048538,PC
2293,4.8401948,3.546,26550.0,10.5098,16322.4,3148.0,12745.0,4.33,1.23369,12.3743,155.841298,-55.678986,PC
2294,0.5542332,1.366,4400.0,16.3177,13101.0,2980.0,7366.0,3.89,2.43,13.0882,155.862144,-55.935756,PC
2295,4.127728,1.411,14790.0,11.0098,81.2443,836.0,5820.0,4.55,0.9,12.445,154.066894,-55.712617,PC
2296,1.5314941,2.4818244,19629.0085308,24.932622,3341.5174815,1939.1244573,6650.0,4.38,1.27101,13.5248,153.779587,-54.937282,PC
2297,1.9905105,2.62,2270.0,5.94241,8376.54,2665.0,6211.0,4.46,1.07,10.6758,153.250338,-58.763396,PC
2298,1.3550447,1.945,3710.0,10.5098,67280.3,4486.0,14466.0,4.33,1.23369,12.3935,150.368272,-59.851711,FP
2299,25.2580075,3.7100519,8447.1702956,8.7026468,23.5354459,561.7594116,5290.0,4.45,0.946086,13.1066,353.105143,-45.909568,PC
2300,2.0916623,3.274,5500.0,22.2405,10586.0,2825.0,6600.0,3.83,2.36,13.0013,150.439538,-54.113651,PC
2301,4.6259138,2.91,10220.0,14.9419,719.837,1443.0,7388.0,4.34,1.44,12.2985,156.12964,-49.765876,PC
2302,4.0211797,4.198,3500.0,16.4291,409.938,1253.0,4881.0,4.33,2.79,12.131,147.510243,-55.451603,PC
2303,4.4433921,3.414,6480.0,12.1784,4015.1,2217.0,7664.0,4.51,1.23,12.5449,145.150907,-55.815548,FP
2304,3.8331282,2.906,10410.0,12.9506,1782.41,1810.0,8408.0,4.57,1.24,12.484,143.626372,-56.592738,PC
2305,4.2672965,3.108,9340.0,18.7854,1427.16,1712.0,6548.0,4.06,1.79,12.5853,160.908055,-47.790465,PC
2306,1.5245307,2.066,1810.0,10.2838,1491.3,1731.0,5698.0,3.67,2.44,12.4016,150.73136,-48.628391,PC
2307,3.2517862,4.373,18310.0,13.6873,2483.34,1966.0,5824.0,4.53,0.92,13.0742,156.596157,-44.177389,FP
2308,0.7327757,1.306,4490.0,10.5098,1664.1,1779.0,5195.1,4.33,1.23369,13.397,156.533167,-46.621981,PC
2309,1.8237148,1.322,22920.0,12.3326,131.939,944.0,4581.0,4.51,0.78,11.9361,150.062625,-47.445244,PC
2310,5.6748327,1.783,8390.2038219,11.6571011,182.1020435,936.9112513,4871.0,4.26,1.09429,13.1099,6.17695,-36.114458,PC
2311,4.420983,4.083,3980.0,10.5098,365.719,1185.0,5801.0,4.33,1.23369,11.406,165.500672,-25.690599,PC
2312,4.8405428,2.139,7030.0,8.96118,159.338,989.0,5875.0,4.4,1.08,13.0634,169.648172,-11.977097,PC
2313,2.8371201,2.102,11560.0,13.1836,271.99,1131.0,5301.0,4.24,1.2,13.562,166.000894,-30.171945,PC
2314,2.7519326,2.411,10200.0,10.5098,365.719,1185.0,5801.0,4.33,1.23369,13.113,170.187631,-20.785861,PC
2315,0.689421,1.233,3580.0,16.3132,1853.96,1828.0,5270.0,4.33,2.6,13.0812,169.921678,-21.249763,PC
2316,0.4269642,0.685,6560.0,9.75669,2442.16,1958.0,5333.5,4.43,0.96,13.1221,157.270287,-20.929269,PC
2317,3.485031,1.784,10770.0,21.3807,658.671,1411.0,5941.0,4.33,1.18,13.2277,160.936851,-21.540781,PC
2318,2.3505698,2.768,11210.0,12.9823,703.632,1434.0,5356.0,4.33,1.22,11.9383,143.926518,-60.357476,CP
2319,4.3497551,3.704,1710.0,7.82395,607.963,1383.0,5667.3,4.35,1.88,11.6687,145.160952,-26.642033,PC
2320,5.4913314,5.3710583,34135.0717572,10.5098,269.2273389,1033.1170744,6364.0,4.33,1.23369,13.5214,151.885665,-43.629408,PC
2321,1.3288605,1.6748374,9550.5009944,26.5229153,6093.4953402,2253.39004,6273.0,4.08,1.67606,12.7602,344.060721,-34.361106,APC
2322,3.5910692,2.891,29100.0,18.7998,383.951,1233.0,5736.0,4.38,1.09,13.4767,176.258442,-12.411672,PC
2323,3.6015056,3.024,13630.0,12.3972,556.616,1353.0,6055.0,4.46,1.03,12.7533,163.487394,-25.524599,PC
2324,4.8701613,2.623,12330.0,6.13443,137.254,953.0,5268.0,4.92,0.55,13.4964,165.802238,-9.96347,PC
2325,3.4287311,2.3,34250.0,16.9576,180.283,1020.0,5231.0,4.47,0.91,13.5714,166.841016,-27.218365,PC
2326,9.162268,2.067,20340.0,11.8107,34.4415,674.0,4935.8,4.59,0.75,11.9316,166.534888,-25.014827,PC
2327,3.8996784,4.668,3420.0,12.1415,1690.71,1786.0,6382.0,3.94,2.01,12.9575,166.479877,-27.768338,PC
2328,3.2783445,3.657,3140.0,8.32327,1102.7,1605.0,5940.7,4.13,1.49,12.0682,163.771561,-6.478452,PC
2329,1.6703989,1.4723052,1165.5140655,4.4511621,3485.5506338,1959.6910021,7051.0,4.42,1.2684,10.8521,129.802678,-44.370051,FP
2330,1.8861708,1.845,3270.0,7.85122,653.481,1185.0,5564.2,4.33,1.36,12.426,156.387891,-37.407655,PC
2331,3.1228396,2.18,28060.0,13.4539,86.7639,850.0,4262.0,4.49,0.77,12.7103,171.231675,-27.062362,PC
2332,5.7217124,3.7733987,5455.5856088,9.1008936,310.5569713,1070.6686102,5541.0,4.28,1.19313,12.3012,10.594621,-48.293622,PC
2333,7.4659746,2.396,3570.0,15.9063,553.011,1350.0,6439.0,3.97,1.95,12.023,154.711314,-41.194007,PC
2334,5.5809252,2.545,10780.0,8.10167,50.6483,743.0,4455.0,4.53,0.76,12.7171,164.359312,-34.690336,PC
2335,3.00782,3.503,6510.0,12.7824,1104.67,1606.0,5999.1,4.11,1.54,11.9728,164.316564,-32.322438,PC
2336,2.3378096,2.307,6880.0,10.5098,365.719,1185.0,5801.0,4.33,1.23369,13.5586,162.226841,-32.419951,PC
2337,4.0257967,1.945,7390.0,10.5098,3715.8,2175.0,9045.0,4.33,1.23369,12.148,150.756919,-43.799904,PC
2338,1.6566182,2.847,12290.0,15.7246,3282.03,2108.0,6504.0,4.28,1.38,12.796,150.061473,-44.016324,PC
2339,2.3607613,3.255,1770.0,5.15115,1959.23,1853.0,5939.0,4.32,1.18,11.6828,149.079889,-46.62453,PC
2340,2.2060441,4.1301608,7122.1032213,18.0034887,4890.3412284,2132.8216494,6313.0,3.89,2.0898499,12.3898,148.72505,-43.688471,PC
2341,1.5297119,2.297,2410.0,9.91839,3456.41,2136.0,6683.0,3.96,2.05,12.5382,147.174566,-46.080575,PC
2342,5.1627718,3.139,19050.0,15.0573,437.179,1273.0,6749.0,4.53,1.08,12.9093,146.921503,-46.86526,FP
2343,2.75753,1.376,1071.45,6.99891,197.323,1044.0,5776.5,2.99,1.94,10.8387,35.737437,-53.070195,FP
2344,5.20807,3.249,29630.0,16.3192,240.959,1097.0,5836.5,4.51,0.94,12.7959,168.196196,-32.852693,PC
2345,2.090218,3.329,8180.0,19.2766,3795.71,2186.0,6328.0,4.33,2.08,13.0698,143.945436,-52.371382,PC
2346,7.7971071,1.873,23150.0,22.9819,22.0881,603.0,4978.0,4.33,1.47,13.2952,136.391768,-50.666102,PC
2347,1.6224281,2.013,1250.0,7.12755,3920.08,2204.0,7517.0,4.08,1.98,11.9236,134.578932,-50.238323,PC
2348,3.2891219,2.948,8100.0,15.1457,2357.82,1941.0,6947.0,4.19,1.64,12.4564,134.002198,-50.328351,FP
2349,2.0958074,2.992,2350.0,7.63843,4081.38,2226.0,6793.0,4.2,1.6,12.3487,139.190353,-59.528015,PC
2350,8.61346,2.349,12840.0,20.6812,172.513,1009.0,6595.0,4.17,1.6,11.9644,139.204348,-54.047081,PC
2351,4.2768515,4.586,5000.0,12.027,860.304,1508.0,5691.0,3.96,1.73,13.1623,135.63986,-56.012801,PC
2352,3.9678136,4.238,760.0,2.81756,1275.1,1664.0,6138.0,4.48,1.03,11.2123,135.035068,-56.069246,FP
2353,3.365343,3.352,7700.0,16.7174,5266.4,2373.0,9582.0,4.3,1.83,12.9119,137.948702,-60.624704,PC
2354,3.7440143,2.9949786,1773.5844948,7.2887349,1440.2792168,1571.1998285,6048.0,4.03,1.7045799,12.0684,354.297402,-42.010321,PC
2355,9.5537684,3.414,18260.0,18.0441,125.806,933.0,5816.0,4.25,1.27,11.9656,136.943889,-61.011529,PC
2356,1.8418712,1.633,10500.0,10.5098,792.653,1478.0,5952.0,4.33,1.23369,13.2464,134.446403,-61.614319,PC
2357,3.0920297,4.0267639,63491.9490893,10.5098,579.0256574,1251.106273,5804.0,4.33,1.23369,13.7563,141.416611,-54.841235,PC
2358,5.4722557,6.366,1800.0,11.5748,1142.88,1619.0,5847.0,3.57,2.8,12.7007,135.5761,-57.527088,PC
2359,1.7946783,3.306,2860.0,8.71041,4554.66,2288.0,6351.0,4.09,1.68,13.2576,135.238555,-56.556931,PC
2360,4.2745762,4.288,3620.0,10.7453,1157.67,1625.0,6375.0,4.04,1.79,13.2438,138.006878,-61.463614,PC
2361,5.1139634,2.24,7090.0,12.9912,217.091,1069.0,6451.0,4.21,1.49,13.1847,133.394721,-62.783451,PC
2362,3.052529,3.333,14090.0,16.9171,1477.03,1727.0,6802.0,4.32,1.38,12.5422,133.702194,-55.479525,PC
2363,6.5832019,3.135,5280.0,7.13313,168.677,1003.0,5809.0,4.48,0.97,12.7818,131.14418,-59.19729,FP
2364,5.9594909,2.201,15090.0,12.8042,105.077,891.0,5950.0,4.47,1.0,13.4834,130.09764,-58.977679,PC
2365,6.70145,1.579,10940.0,8.15246,10.4754,501.0,4130.0,4.51,0.74,12.9317,17.481278,-52.239486,PC
2366,3.0327366,2.548,12000.0,19.6858,1111.89,1608.0,7124.0,4.13,1.79,13.4366,130.155224,-57.223839,PC
2367,11.2645152,5.778,10110.0,10.5098,205.818,1055.0,5869.8,4.33,1.23369,13.5566,129.778031,-56.261649,PC
2368,8.990904,1.78,6500.0,10.4018,58.9074,771.0,5354.0,4.35,1.07,11.7834,126.368785,-73.258972,PC
2369,3.9014904,4.83,9050.0,16.2567,865.697,1511.0,5512.0,3.97,1.69,11.4848,165.315823,-72.356704,CP
2370,2.5070962,3.1269319,14467.6477965,14.7166843,1117.8543451,1474.7420185,5996.0,4.35,1.1625,13.5618,142.531213,-76.220601,PC
2371,3.6794732,4.13,6360.0,11.3997,933.522,1539.0,5823.0,4.15,1.42,13.4826,139.044906,-76.505813,PC
2372,4.8206566,4.468,17740.0,15.025,645.538,1404.0,6002.0,4.38,1.13,12.8527,160.711159,-71.890559,PC
2373,3.3794034,3.332,3610.0,10.0889,934.748,1540.0,6072.0,4.04,1.67,12.2231,135.300422,-75.088116,PC
2374,3.0525705,4.811,8760.0,10.5098,837.822,1498.0,4817.8,4.33,1.23369,13.1106,169.881185,-64.90164,PC
2375,2.0252285,5.2098256,2725.4212975,10.5098,39543.7591713,1267.0,3600.5,4.33,1.23369,10.8257,163.675474,-60.347787,PC
2376,3.5608112,3.389,4890.0,10.4972,621.482,1390.0,5659.0,4.1,1.47,12.0213,341.364034,-14.991775,KP
2377,2.1510781,2.355,16930.0,10.5098,773.155,1469.0,5769.0,4.33,1.23369,12.804,163.111582,-64.523443,PC
2378,3.9935853,2.846,19930.0,21.2425,842.898,1501.0,5709.0,4.5,0.94,12.4404,158.389233,-61.716692,PC
2379,3.4677103,2.234,10000.0,12.3649,273.655,1133.0,5645.0,4.29,1.18,13.2727,188.120105,-50.314168,PC
2380,3.9982381,2.867,53030.0,20.4596,235.437,1091.0,5509.0,4.53,0.88,13.5836,161.953093,-68.150937,APC
2381,1.4032876,2.534,12010.0,10.5098,6122.38,2464.0,5649.5,4.33,1.23369,13.2714,161.80711,-60.750286,PC
2382,5.2803048,2.752,14540.0,10.5098,365.719,1185.0,5801.0,4.33,1.23369,13.156,160.76911,-63.878462,PC
2383,0.3859142,1.189,5590.0,7.76491,13435.8,2999.0,6721.0,4.55,1.05,13.4748,183.561597,-56.773252,FP
2384,2.1357662,3.272,13310.0,18.0173,4286.56,2254.0,7428.0,4.3,1.52,13.146,179.184668,-56.756623,PC
2385,2.9677851,3.539855,18226.8366329,24.1966313,1805.0833967,1662.4326793,6185.0,4.11,1.58557,13.5635,152.74539,-64.117254,PC
2386,3.412893,2.6,15960.0,14.5305,351.311,1206.0,5691.0,4.33,1.13,12.4816,153.120744,-67.255542,PC
2387,2.24172,3.989,23700.0,28.4732,2815.2,2029.0,6292.0,3.98,1.88,12.5145,20.494025,-44.416747,FP
2388,3.5366051,2.587,12660.0,13.8209,423.46,1263.0,6026.0,4.34,1.19,12.1787,151.501627,-66.898002,PC
2389,2.9599541,3.523,7190.0,15.9636,1361.35,1692.0,6267.7,4.0,1.84,11.2553,149.324748,-68.779105,PC
2390,2.7559464,3.255,4130.0,10.5098,1455.77,1720.0,6277.0,4.33,1.23369,12.7296,143.920843,-64.876111,PC
2391,2.3725483,1.543,5010.0,14.8302,368.442,1220.0,6019.0,3.85,2.08,13.3257,142.584862,-65.217734,PC
2392,13.2681095,3.554,2140.0,11.9718,91.8511,862.0,6364.0,3.75,2.48,11.5088,137.549077,-63.406609,FP
2393,2.3304358,3.528,9320.0,17.6763,5011.25,2343.0,7763.0,4.21,1.77,11.8172,156.217054,-69.29013,PC
2394,4.1343989,3.051,18320.0,18.5459,503.511,1319.0,6320.0,4.27,1.35,13.1849,176.928172,-60.068872,PC
2395,2.7020875,3.116,10040.0,15.6063,3103.65,2079.0,7798.0,4.31,1.57,13.1043,171.95644,-61.531221,PC
2396,5.7672677,4.173,29540.0,10.5098,365.719,1185.0,5801.0,4.33,1.23369,12.3662,177.796145,-65.316829,PC
2397,1.3168344,0.733,3640.0,10.5098,184.682,1027.0,5211.7,4.33,1.23369,12.4092,140.219914,-69.791681,FP
2398,9.94915,3.968,22920.0,24.5989,110.866,903.0,5852.0,4.03,1.65,12.3294,15.844704,-44.705826,PC
2399,5.939725,1.481,6600.0,14.4394,76.1581,822.0,5568.0,4.05,1.55,12.7985,131.475658,-67.411708,PC
2400,2.9489639,2.278,2730.0,11.3327,779.001,1471.0,6506.0,3.9,2.15,12.077,187.315131,-51.00392,PC
2401,2.3097953,3.185,4000.0,12.6197,3845.9,2193.0,7300.0,4.05,2.01,12.5285,184.612759,-56.002127,PC
2402,2.9919962,2.614,17170.0,13.6621,329.849,1187.0,5247.0,4.39,1.01,12.4041,148.573222,-64.296904,PC
2403,2.8281656,3.15,22180.0,17.6399,1162.44,1654.0,6412.2,4.33,1.16,12.8798,176.291571,-55.498787,PC
2404,1.3071566,1.108,3100.0,11.1657,2913.52,2046.0,5958.0,4.51,0.96,12.3858,189.473702,-49.115185,PC
2405,1.8092906,1.983,15830.0,23.2306,1647.22,1774.0,6905.0,4.12,1.77,13.2765,185.664501,-58.429108,PC
2406,0.58007,1.338,16320.0,16.4382,7501.75,2592.0,6875.0,4.37,1.33,13.4444,182.263818,-55.394539,APC
2407,2.3483946,2.375,2930.0,19.5614,5427.95,2391.0,6155.0,3.98,1.82,12.5068,156.943489,-56.760433,PC
2408,1.3935975,2.809,2530.0,10.5098,544.526,1345.0,3301.0,4.33,1.23369,11.2012,155.307542,-58.537011,PC
2409,4.60273,4.023,7140.0,11.339,591.945,1374.0,5909.0,4.21,1.34,11.7607,359.191512,-22.153232,KP
2410,0.5465382,1.635,5020.0,11.6241,9354.81,2739.0,6091.0,4.05,1.66,13.5552,154.513775,-56.787877,PC
2411,1.3185787,1.748,5930.0,10.5098,1918.33,1843.0,6040.0,4.33,1.23369,13.4909,154.328233,-58.277113,PC
2412,4.865928,5.323532,10758.3826821,15.177757,534.990275,1226.6092105,6137.0,4.34,1.21215,13.5173,153.673619,-55.379354,PC
2413,1.9512921,4.7888548,6702.5267443,10.5098,1069.8684109,1458.6541795,5801.0,4.33,1.23369,12.5954,153.114718,-58.081193,PC
2414,0.6771668,1.4,1095.0,10.5098,328.225,1185.0,3194.0,4.33,1.23369,10.4321,152.992107,-59.753708,PC
2415,1.6995805,2.305,6740.0,11.1546,10926.7,2848.0,9626.0,4.56,1.35,13.3906,150.38774,-59.339479,PC
2416,12.2027867,2.428,7070.0,9.74784,44.6632,720.0,6454.0,4.45,1.13,11.5622,149.941406,-56.077873,PC
2417,7.4365725,2.774,5020.0,17.5053,1178.73,1632.0,9230.0,4.09,2.29,11.686,161.949345,-59.033182,APC
2418,1.5959199,1.539,20720.0,10.5098,1503.15,1734.0,6809.2,4.33,1.23369,12.7752,161.412843,-58.133377,PC
2419,3.8277062,0.899,3610.0,7.97984,69.9284,805.0,6610.0,4.44,1.18,11.4573,158.941809,-50.498637,PC
2420,6.1668344,2.2619245,13145.6121347,17.0195741,362.9660354,1113.2334478,5747.0,4.24,1.2815599,13.1198,350.578516,-22.67741,PC
2421,0.6587178,1.576,7010.0,20.2415,8468.98,2672.0,6520.0,3.8,2.41,13.3727,173.39914,-56.702405,PC
2422,1.2669382,1.93,2580.0,7.13535,2579.61,1985.0,6296.0,4.26,1.36,11.8706,173.279052,-56.503387,PC
2423,2.9828061,4.28,7320.0,15.4283,3112.84,2080.0,6879.0,4.09,1.81,13.2671,170.55529,-55.528909,PC
2424,3.1420872,1.884,13090.0,12.6134,185.786,1028.0,5417.4,4.37,1.05,13.0695,182.339327,-32.886681,PC
2425,5.3583725,4.916,5000.0,10.5098,365.719,1185.0,5801.0,4.33,1.23369,13.325,157.913593,-48.994078,PC
2426,1.8026674,1.958,3000.0,9.51823,1141.17,1619.0,5982.0,4.01,1.72,12.9687,157.99031,-52.179142,PC
2427,7.8595931,1.902,18530.0,10.5098,3285.57,2109.0,14677.0,4.33,1.23369,11.8468,157.399234,-53.658868,PC
2428,6.3599636,5.479,4400.0,13.6678,1755.17,1803.0,7689.0,4.06,2.07,12.3984,146.924252,-56.98976,PC
2429,0.5496848,0.82,2860.0,10.6252,4902.04,2331.0,7433.0,4.14,1.84,12.7683,146.555933,-56.299385,PC
2430,1.9892499,3.8119996,19901.5776453,10.5098,1042.56605,1449.2577925,5801.0,4.33,1.23369,13.6374,145.306301,-54.34913,PC
2431,8.3092965,2.201,17010.0,14.2736,52.7075,750.0,4801.3,4.33,0.85,11.7628,11.484724,-55.922662,APC
2432,4.5744909,4.534,8890.0,16.8715,1443.49,1717.0,6993.0,4.16,1.7,13.2159,143.84521,-57.864852,PC
2433,3.4365075,3.353,4410.0,17.7367,575.941,1364.0,5438.0,4.33,2.63,13.263,146.539767,-49.577322,PC
2434,1.9268037,1.4,2260.0,3.42735,131.648,943.0,4249.0,4.59,0.68,11.7662,195.908072,-19.218984,CP
2435,2.1532179,2.072,6780.0,25.853,2822.0,2030.0,5997.0,4.03,1.68,13.0723,191.111635,-14.258179,PC
2436,5.1057571,2.616,10840.0,10.9206,144.847,966.0,5495.2,4.41,1.01,13.2733,178.054473,-27.517679,PC
2437,4.5300175,5.331,35800.0,10.5098,4849.38,2324.0,9046.0,4.33,1.23369,12.1229,153.301542,-62.875354,FP
2438,10.9506335,2.635,1820.0,3.17264,20.8045,594.0,4530.0,4.56,0.73,11.4005,159.910145,-48.538112,PC
2439,4.1414861,2.573,7770.0,10.5098,637.229,1399.0,6920.0,4.33,1.23369,12.3411,161.280595,-48.649273,PC
2440,2.6337971,2.591,4790.0,10.5098,163.704,996.0,3946.9,4.33,1.23369,12.928,145.38646,-50.939504,PC
2441,9.3096136,2.171,11570.0,9.9903,25.3269,1185.0,5229.0,4.33,0.93,12.4641,182.850444,-11.997569,PC
2442,6.15733,2.7071868,12845.011488,10.5098,231.117475,994.4385362,5329.0,4.33,1.23369,12.4154,358.039579,-15.80105,PC
2443,6.3272169,3.667,8060.0,10.5098,96.3086,872.0,4580.9,4.33,1.23369,13.0037,152.074959,-53.287048,PC
2444,2.7499877,3.84,15480.0,22.9205,11946.5,2912.0,10146.0,4.36,1.77,11.9519,166.624264,-56.05583,PC
2445,4.4163989,1.81,7110.0,7.89614,177.763,1017.0,6273.0,4.59,0.93,12.8017,149.573667,-58.926569,PC
2446,4.3653308,3.456,8090.0,14.0676,1061.67,1590.0,7109.0,4.24,1.57,12.9661,161.701642,-49.048228,PC
2447,2.8396238,2.391,10100.0,12.199,1063.3,1590.0,5915.3,4.33,1.16,12.5612,161.433493,-52.538148,PC
2448,4.2839945,3.08,9440.0,9.77904,443.121,1278.0,6022.0,4.46,1.03,13.0517,149.062666,-60.00347,PC
2449,4.4282303,2.577,17180.0,10.5098,365.719,1185.0,5801.0,4.33,1.23369,13.151,197.187667,-28.234466,PC
2450,1.3683875,1.357,8410.0,8.79209,449.294,1282.0,5000.0,4.33,0.89,12.99,173.074702,-47.496395,PC
2451,4.7323433,4.1038025,15681.823373,17.3410428,775.9423569,1346.0993498,6438.0,4.29,1.35252,11.315,173.137772,-46.315267,PC
2452,2.5543095,2.239,18680.0,13.5543,559.574,1354.0,5990.0,4.53,0.95,12.5869,172.108389,-45.016427,PC
2453,4.2695675,3.7002918,8610.3886424,12.2342646,631.8356941,1278.7062525,5798.0,4.22,1.3043,12.4191,351.105814,-36.975998,PC
2454,3.2907468,2.309,15760.0,14.0568,430.347,1268.0,6229.0,4.45,1.08,13.1472,170.330028,-44.30802,PC
2455,4.0416494,3.646,6150.0,14.0222,699.88,1432.0,5933.0,3.96,1.79,13.2285,175.816278,-30.073164,PC
2456,3.8769776,4.526,2760.0,10.5098,897.738,1524.0,5569.2,4.33,1.23369,12.7544,161.945206,-47.024943,PC
2457,4.3437796,2.774,7750.0,11.8307,466.22,1294.0,6513.0,4.32,1.32,12.842,149.409755,-51.335534,PC
2458,10.3069451,2.599,6340.0,10.5098,16.5348,561.0,4445.0,4.33,1.23369,12.6304,149.263633,-49.750476,PC
2459,5.3332571,3.102,2020.0,5.82279,1133.52,1616.0,6068.0,4.41,1.1,11.6814,198.803835,-31.368751,PC
2460,1.485163,1.789,4490.0,8.99362,867.237,1185.0,5506.2,4.33,1.28,11.8817,198.648685,-30.722726,PC
2461,4.7343852,4.468,12440.0,18.0528,593.089,1465.0,5776.0,4.05,1.6,12.477,196.726352,-31.716391,PC
2462,6.900352,2.452,10420.0,8.86463,59.4485,773.0,5205.8,4.53,0.85,13.1948,196.472218,-31.791555,PC
2463,2.8831285,3.53,26290.0,28.6734,523.57,1332.0,5801.0,4.33,1.77,12.483,164.06056,-52.482296,FP
2464,0.7962992,0.997,23170.0,14.8058,278.056,1137.0,4062.7,4.61,0.95,12.9517,354.335773,-13.455795,APC
2465,0.7428708,1.112,4970.0,7.86186,1797.04,1813.0,5635.9,4.35,1.11,13.0326,195.986628,-32.436442,PC
2466,4.640636,2.984,15710.0,13.1303,107.987,898.0,4539.0,4.27,1.02,14.6574,194.760859,-35.972917,PC
2467,4.2842284,1.497,11830.0,14.0459,56.6249,764.0,4911.0,4.19,1.19,12.5042,185.727447,-11.599585,PC
2468,3.1339232,4.029,6230.0,10.5098,1420.13,1710.0,5980.5,4.33,1.23369,13.2725,177.104652,-52.483406,PC
2469,4.407111,2.134,9140.0,11.7059,131.096,942.0,5478.0,4.27,1.18,11.6001,176.36839,-50.888443,PC
2470,2.7961137,1.604,5500.0,7.7487,421.749,1262.0,6455.0,4.51,1.06,12.5831,174.699184,-52.400336,PC
2471,1.6484941,2.0820857,3523.4673819,9.6099784,4111.3532155,2042.283116,6316.0,4.14,1.5764199,12.4173,165.951263,-48.526307,PC
2472,3.2689953,2.931,15890.0,17.1329,439.803,1275.0,5552.0,4.19,1.32,13.4259,189.667798,-45.416556,PC
2473,3.8098324,3.881,3250.0,10.3911,618.962,1389.0,5406.0,3.91,1.78,11.4553,201.376867,-28.413642,PC
2474,8.907516,3.522,8610.0,14.3733,230.828,1085.0,6407.0,4.2,1.49,13.0462,174.759354,-32.190584,PC
2475,3.5413787,2.2737223,4832.1666634,10.2854319,765.89345,1341.7198298,5755.0,4.23,1.28259,12.2607,14.523332,-37.942558,APC
2476,7.0235956,4.739,5630.0,10.5098,471.691,1298.0,6276.0,4.33,1.23369,13.0772,184.037125,-45.426342,PC
2477,5.5141998,4.432,13950.0,21.1705,636.089,1399.0,6296.0,4.01,1.81,13.1194,174.752258,-29.842071,PC
2478,6.1836286,2.573,9990.0,13.3233,195.93,1042.0,6504.0,4.34,1.29,12.123,226.954057,-28.156608,PC
2479,1.8703411,2.134,9570.0,18.6634,3374.5,2123.0,6368.0,4.08,1.7,11.099,211.217739,-29.947758,APC
2480,2.2545904,0.977,5980.0,11.3495,202.365,1050.0,5567.0,4.23,1.25,12.6177,178.147139,-77.417249,PC
2481,6.7565519,3.442,5200.0,12.7591,319.273,1177.0,5972.0,4.05,1.64,12.8296,223.71844,-29.152093,PC
2482,1.8246123,1.835,16080.0,18.0134,615.616,1387.0,5655.0,4.15,1.39,13.2585,177.840549,-76.87837,PC
2483,3.606557,1.878,9930.0,13.2514,310.789,1169.0,5775.3,4.25,1.26,11.342,219.336233,-24.958522,APC
2484,2.3155132,0.649,1520.0,7.00521,106.203,894.0,6011.0,4.16,1.45,11.9346,157.261362,-75.214992,PC
2485,2.3348152,1.861,5310.0,11.4665,520.71,1330.0,5949.1,4.12,1.51,10.9198,218.918812,-26.179337,PC
2486,3.2615,2.233,1652.28,5.07097,403.299,1248.0,5963.0,3.41,1.13,11.3018,350.779775,-19.41965,FP
2487,0.4415174,1.7224979,3910.4523542,31.5083507,9740.7964109,2533.7768634,5117.0,4.33,2.9223199,13.5606,150.7847,-72.267792,PC
2488,2.6274574,2.31,21660.0,18.5088,930.543,1538.0,6148.0,4.33,1.23,13.1643,218.820321,-25.055977,PC
2489,2.2664085,2.63,10240.0,13.4164,1201.76,1640.0,6107.0,4.29,1.27,13.1311,214.426637,-70.36436,PC
2490,4.0902788,3.584,5060.0,13.9755,724.371,1445.0,6130.0,3.92,1.95,11.938,213.370342,-68.010933,PC
2491,2.2308431,2.969,10950.0,22.6165,1903.91,1840.0,6386.0,3.88,2.14,13.3397,212.675539,-66.457671,PC
2492,3.7065603,1.98,15010.0,12.9758,256.023,1114.0,5632.0,4.41,1.03,11.0994,207.859228,-69.772563,PC
2493,2.6841894,2.836,29670.0,21.16,719.556,1442.0,5914.0,4.33,1.17,12.7666,205.332577,-79.40995,PC
2494,1.8823821,3.1478726,21038.6119972,10.5098,1667.0093536,1629.6872159,5801.0,4.33,1.23369,11.528,207.680537,-77.302536,PC
2495,2.8740048,1.592,25890.0,12.2262,59.3788,773.0,4270.3,4.57,0.74,13.5117,215.522835,-30.512524,PC
2496,3.9628496,2.844,4480.0,9.64171,589.616,1185.0,5449.0,4.24,1.43,11.9118,229.740751,-28.410491,PC
2497,10.18108,3.674,1190.0,2.66019,57.0026,765.0,4822.0,4.55,0.78,11.1741,354.668284,-32.860745,PC
2498,3.0932735,2.937,10900.0,10.5098,365.719,1185.0,5801.0,4.33,1.23369,13.0885,203.170833,-72.926273,PC
2499,4.4338805,3.93,9180.0,13.6095,995.704,1564.0,6695.0,4.32,1.37,12.4712,200.21869,-73.774851,PC
2500,1.1536561,2.51,40190.0,10.5098,365.719,1185.0,5801.0,4.33,1.23369,13.229,217.301861,-62.053831,PC
2501,2.9902369,3.042,6460.0,140.194,129.684,940.0,5801.0,4.33,17.34,12.048,216.568723,-63.050473,PC
2502,3.7724947,2.199,9180.0,13.5487,424.722,1264.0,6623.0,4.33,1.33,13.1885,192.621574,-75.651848,PC
2503,3.5505931,2.713,15700.0,17.9407,409.306,1253.0,4803.0,4.07,1.34,12.1258,190.950263,-76.69611,PC
2504,3.5506084,2.706,16040.0,14.4767,230.045,1084.0,5083.0,4.26,1.13,12.2077,190.946764,-76.696666,FP
2505,1.5256634,1.925,16180.0,10.5098,1117.11,1610.0,5230.5,4.33,1.23369,13.0237,183.820158,-75.568053,PC
2506,4.2814436,0.868,4910.0,10.6824,18.5873,578.0,5097.8,4.33,1.36,11.681,146.086848,-79.545167,PC
2507,1.1542402,3.377,15460.0,10.5098,2852.28,2035.0,4136.6,4.33,1.23369,13.4841,223.977871,-61.063084,PC
2508,3.55562,1.838,2610.0,11.1675,691.805,1428.0,5671.0,4.19,1.34,12.4245,12.076269,-32.119461,FP
2509,5.3430663,5.101,7220.0,21.0355,6581.64,2509.0,7822.0,4.04,2.15,12.0697,222.683091,-57.761231,PC
2510,1.7257597,1.375,13880.0,15.2188,1028.24,1577.0,7235.0,4.44,1.27,12.6499,225.524773,-55.288205,PC
2511,0.7815064,1.353,8410.0,11.9775,7256.54,2571.0,7691.0,4.42,1.37,13.3551,168.613521,-61.55911,PC
2512,1.1216021,1.6434889,3599.1066292,10.5098,2238.2277057,1754.2674951,3294.0,4.33,1.23369,11.2789,165.732079,-60.196871,PC
2513,4.0333818,4.414595,13745.2980794,13.1197,1126.0951019,1477.4524649,6347.3,4.33,1.73,12.802,162.663087,-60.847019,PC
2514,4.6492201,1.143,7880.0,8.96002,26.3101,630.0,5110.0,4.44,0.93,11.6104,203.531487,-59.575607,APC
2515,0.7463239,1.49,24240.0,19.7419,3197.59,2094.0,5132.0,4.34,1.04,13.2294,202.922779,-58.998117,APC
2516,2.8823183,3.6626984,66566.1005931,10.5098,635.8677275,1280.7413915,5068.9,4.33,1.23369,13.6244,201.47318,-59.18126,PC
2517,6.8561604,4.32,5540.0,14.3692,461.072,1290.0,6282.0,3.92,2.01,12.534,171.015386,-57.543638,PC
2518,1.4753526,3.29,870.0,5.30533,4142.31,2235.0,5732.0,3.93,1.81,11.2925,200.464421,-62.542122,PC
2519,13.32379,2.561,95718.1,28.7396,12.7172,526.0,4312.0,4.59,0.84,13.1186,354.759157,-9.882022,APC
2520,3.9712794,2.606,8670.0,15.3233,393.511,1240.0,6200.0,4.09,1.62,11.9333,224.565856,-27.68255,PC
2521,1.4010338,2.22,13310.0,18.1441,3603.2,2158.0,7014.0,4.26,1.52,12.9306,201.760571,-53.448129,PC
2522,1.5755252,3.5874714,3712.6009177,21.7284649,9281.7902501,2503.3852387,6560.0,3.89,2.1970401,11.6387,190.402872,-65.797305,PC
2523,3.0749168,2.67,8540.0,15.2762,984.71,1560.0,6782.0,4.2,1.6,11.8232,191.088792,-55.013313,PC
2524,1.7765395,1.258,14020.0,16.6,926.709,1537.0,6394.0,4.33,1.28,12.5348,202.818012,-48.69895,FP
2525,2.5433707,3.2214112,55256.7333661,29.0069132,1385.186432,1555.9541912,6748.0,4.49,1.12503,13.6313,191.643659,-59.564831,PC
2526,1.87502,2.664,21260.0,10.5098,1741.2,1799.0,6263.0,4.33,1.23369,12.9852,190.745817,-59.795682,PC
2527,3.0959309,2.545,14080.0,17.8437,914.4,1531.0,6918.0,4.28,1.47,12.5526,219.168773,-57.009862,PC
2528,5.1745185,2.441,10490.0,13.926,111.237,904.0,5340.0,4.14,1.36,11.7627,214.225596,-55.013245,PC
2529,4.4814049,1.689,10170.0,13.8048,156.928,986.0,6232.0,4.25,1.37,12.6738,188.458725,-50.597457,PC
2530,3.3262835,2.9480118,25382.6279207,15.1371974,371.9476478,1120.0572041,5391.0,4.46,0.947585,12.9238,353.540235,-14.860039,PC
2531,1.8923031,1.956,4800.0,10.5098,1728.63,1796.0,6898.3,4.33,1.23369,12.4163,167.095117,-71.234231,PC
2532,1.5706704,3.3750912,16439.1877398,10.5098,1428.595492,1568.0036468,5164.3,4.33,1.23369,13.5735,162.996504,-69.590115,PC
2533,3.0031058,3.4866136,6677.7862161,16.5290691,2602.2360497,1821.6142786,6212.0,3.95,1.91287,13.5411,161.321203,-68.46059,PC
2534,8.7719993,4.92,5010.0,13.7272,271.508,1130.0,6057.7,4.33,1.9,11.569,179.944412,-59.17366,PC
2535,1.1960086,2.35,11770.0,15.4837,7334.0,2578.0,7108.0,4.26,1.55,13.2785,174.287225,-67.519336,FP
2536,1.6546269,3.3211285,24077.1521821,10.5098,1332.7722152,1541.0216213,7910.0,4.33,1.23369,13.6512,161.524658,-61.869847,PC
2537,4.7606207,5.9420443,7813.8313853,14.527713,536.4815536,1227.4631078,6213.0,4.37,1.1804399,12.6453,160.108553,-62.685964,PC
2538,2.114655,1.945,24130.0,14.2745,360.619,1214.0,5254.0,4.49,0.89,12.6967,183.95117,-64.567485,PC
2539,2.9331094,3.911,14410.0,10.5098,365.719,1185.0,5801.0,4.33,1.23369,12.0729,208.700857,-62.685154,PC
2540,4.7076648,1.834,16490.0,15.3769,117.31,1185.0,5904.0,4.33,1.18,12.0974,155.142566,-62.650952,PC
2541,3.7463765,1.9560091,18855.6336929,10.6334288,142.42552,881.0827589,4696.0,4.53,0.775888,13.2316,355.015732,-53.039017,PC
2542,2.0963263,1.217,7200.0,12.906,306.186,1165.0,5809.0,4.07,1.56,12.7602,152.638846,-67.577925,PC
2543,3.5366743,2.697,13180.0,13.338,446.023,1280.0,5971.0,4.37,1.14,12.298,151.49954,-66.897501,FP
2544,5.0700956,2.763,3570.0,5.54459,211.546,1062.0,5641.0,4.47,0.96,12.9615,151.311753,-65.941982,PC
2545,4.2174286,4.045,7050.0,18.2265,1403.49,1705.0,6841.0,3.93,2.2,12.7414,225.991509,-51.182394,PC
2546,3.6071588,3.947,4270.0,11.5952,1086.36,1599.0,6071.0,4.04,1.68,12.2859,226.648869,-47.225034,PC
2547,3.5601365,2.824,4630.0,14.1499,2183.57,1904.0,6762.0,4.03,1.93,11.162,200.003563,-47.707563,PC
2548,3.6130857,1.7149191,12550.1377027,23.3477984,2495.0860744,1802.5658236,7520.0,4.25,1.63648,13.3586,147.899643,-62.786004,PC
2549,2.0084283,2.6,1310.0,16.5313,1608.42,1764.0,5438.8,4.3,4.54,11.1799,197.579939,-48.908885,PC
2550,1.5659063,1.169,6810.0,18.7417,1827.32,1821.0,6356.0,4.13,1.6,13.4016,147.149005,-64.564647,PC
2551,1.84996,2.954,9350.0,13.3315,2772.81,2021.0,6320.0,4.26,1.37,13.6447,145.2336,-63.487213,PC
2552,0.7135373,0.892,18540.0,16.1586,667.233,1415.0,4349.7,4.58,0.74,12.7464,351.290752,-47.945596,APC
2553,2.669856,3.559,6480.0,16.192,4573.16,2290.0,7833.0,4.1,2.0,13.3066,156.680692,-66.504894,PC
2554,4.4367891,2.042,4940.0,16.9119,243.186,1100.0,6426.0,3.78,2.42,12.1441,204.385594,-66.251049,PC
2555,2.2350331,3.102,20880.0,22.5855,2662.36,2001.0,7057.0,4.27,1.51,12.882,196.373989,-66.385163,PC
2556,2.3019268,2.527,12000.0,10.5098,639.638,1401.0,5322.0,4.33,1.23369,13.6132,213.964279,-60.836844,PC
2557,3.6179419,4.394,14890.0,11.142,755.42,1460.0,4460.0,4.4,0.87,13.3682,213.320899,-60.330954,PC
2558,0.6676722,1.117,3440.0,17.2447,4517.79,2284.0,6842.0,3.71,2.82,12.594,216.271435,-53.504985,PC
2559,4.9816829,2.587,11450.0,9.90628,170.85,1007.0,5670.0,4.52,0.91,12.4383,212.596515,-60.138326,PC
2560,2.1972485,2.348,30680.0,10.5098,480.575,1304.0,5146.9,4.33,1.23369,13.5902,212.282531,-62.268693,PC
2561,2.1271199,2.386,14960.0,13.6834,789.061,1476.0,5483.2,4.36,1.08,12.6029,225.760711,-37.303281,PC
2562,0.6756067,1.028,3480.0,6.27738,1471.82,1725.0,5411.0,4.48,0.92,13.0904,213.95997,-50.538725,PC
2563,1.46503,1.145,3162.12,5.43222,601.367,1379.0,5912.5,4.36,0.88,12.3574,345.522623,-16.360699,FP
2564,6.3087809,1.535,7450.0,10.5098,43.1496,714.0,5267.2,4.33,1.23369,11.8912,213.082385,-53.704865,PC
2565,2.3631898,2.8375698,5219.1809316,10.5098,828.6247355,1368.3878926,4883.2,4.33,1.23369,11.9963,192.328452,-68.75053,PC
2566,1.5169786,1.241,2720.0,6.64263,1674.03,1782.0,5828.0,4.44,1.02,12.3574,212.54751,-51.453035,PC
2567,4.2442882,4.273,7530.0,13.1653,2036.6,1871.0,6915.0,4.25,1.52,12.5757,212.569448,-50.104977,PC
2568,4.0446543,4.735,11170.0,10.5098,607.949,1383.0,5172.7,4.33,1.23369,13.31,188.601563,-69.758095,PC
2569,1.2361087,1.139,19760.0,8.82245,272.064,1131.0,4313.2,4.33,0.59,13.364,218.476437,-24.652822,FP
2570,1.9405161,3.344,5930.0,15.0354,8627.96,2685.0,8213.0,4.16,1.94,12.6265,206.103286,-64.496601,PC
2571,4.0996864,4.806,20570.0,10.5098,365.719,1185.0,5801.0,4.33,1.23369,13.3096,175.204109,-65.026903,PC
2572,2.3577049,3.357,7210.0,11.6588,4995.52,2342.0,7822.0,4.42,1.39,13.3011,174.389345,-65.307937,PC
2573,1.3509356,2.636,6060.0,10.5098,1788.91,1811.0,4297.6,4.33,1.23369,13.0789,174.495736,-61.471059,PC
2574,1.14057,2.188,5009.01,6.52263,13201.6,2986.0,5349.5,4.44,0.84,12.8509,350.977923,-38.225789,FP
2575,2.2364485,2.49,17380.0,24.5257,3957.51,2209.0,6905.0,4.26,1.51,12.7521,173.340353,-63.341897,PC
2576,3.5949457,2.153,5810.0,11.7369,428.368,1267.0,6131.0,4.24,1.36,12.4531,125.684734,-79.967892,PC
2577,4.1943867,2.977,27860.0,13.2866,140.213,958.0,4515.0,4.53,0.76,13.3216,171.894125,-65.144422,PC
2578,2.5395579,3.082,24200.0,10.5098,199.853,1047.0,3931.6,4.33,1.23369,13.0427,184.044295,-66.055079,APC
2579,5.7759952,3.594,9030.0,11.5628,313.194,1171.0,5992.0,4.24,1.31,11.7696,210.678525,-52.863246,PC
2580,1.2008331,1.584,5800.0,10.5098,365.719,1185.0,5801.0,4.33,1.23369,12.9273,180.050068,-61.656157,PC
2581,2.6985136,4.856,13510.0,10.5098,457.995,1288.0,3922.8,4.33,1.23369,13.1235,179.457833,-62.327546,PC
2582,3.2136333,1.875,7810.0,11.1273,362.609,1215.0,6189.4,4.32,1.25,12.3297,138.805858,-79.774383,FP
2583,3.3704313,4.608,5610.0,13.6938,1466.04,1723.0,5765.0,3.92,1.85,12.885,206.026527,-32.522975,PC
2584,3.2969977,3.856,8860.0,17.145,2202.26,1908.0,7108.0,4.11,1.83,12.8427,178.575415,-62.37515,PC
2585,3.990533,3.4539056,3306.4050915,16.0765989,862.3677457,1382.1108481,5868.2,4.33,2.76442,10.7074,63.825203,-56.253674,PC
2586,7.4316274,3.868,13740.0,10.5098,25.9699,628.0,3505.0,4.33,1.23369,13.2566,178.357087,-61.097733,PC
2587,0.8970184,2.434,12070.0,10.5098,365.719,1185.0,5801.0,4.33,1.23369,13.3733,177.688743,-62.75265,FP
2588,5.6320791,4.728,3600.0,11.8957,817.311,1489.0,6409.0,3.95,2.0,12.8239,139.599794,-66.646095,PC
2589,4.633735,5.755,48110.0,10.5098,196.033,1042.0,3905.6,4.33,1.23369,13.2272,180.606425,-66.529163,PC
2590,2.8317721,2.607,12860.0,17.0328,703.307,1434.0,6084.0,4.15,1.48,13.0791,180.242096,-69.945817,PC
2591,9.1509453,3.522,3110.0,10.5098,101.474,884.0,4474.0,4.33,1.23369,10.7188,220.32663,-61.611797,PC
2592,2.3720554,3.366,4350.0,7.05055,661.224,1412.0,4668.0,4.22,1.11,13.4461,170.310352,-66.172341,PC
2593,8.9522767,4.508,6280.0,10.5098,369.297,1221.0,5317.7,4.33,1.23369,12.6795,168.998194,-69.318291,PC
2594,1.8118703,1.368,5510.0,18.0792,772.444,1468.0,6222.0,3.81,2.25,12.0317,168.864866,-66.837395,PC
2595,5.21228,3.863,8950.0,19.3512,1823.95,1820.0,8532.0,4.14,2.06,13.0502,173.708318,-64.73169,PC
2596,2.7723915,1.8223369,5882.0194354,6.3703129,193.9128694,951.7467616,4558.0,4.52,0.775641,13.3547,8.20273,-32.059418,PC
2597,1.8200065,2.059,15750.0,11.7988,457.836,1288.0,4994.0,4.43,0.91,12.1896,219.321096,-48.051596,PC
2598,2.1738256,2.081,2730.0,17.3093,2159.42,1899.0,7588.0,3.65,3.28,11.627,173.32243,-67.449283,PC
2599,3.3898234,1.587,1840.0,14.9878,229.032,1083.0,6096.0,3.5,3.13,11.3983,148.00043,-63.075191,PC
2600,0.9787891,1.754,6770.0,17.8038,5251.58,2371.0,6959.0,3.98,2.09,12.8299,174.569775,-56.962612,PC
2601,10.7012764,4.428,25250.0,19.1102,152.102,978.0,5853.2,4.33,1.17,12.5913,189.182345,-52.057029,PC
2602,2.5926199,1.269,78210.0,11.0137,13.8883,537.0,3375.0,4.85,0.37,13.2486,207.473849,-46.066514,CP
2603,2.9098435,1.928,9480.0,13.2842,378.481,1228.0,5955.0,4.24,1.31,12.9841,214.31811,-44.33969,FP
2604,3.0271374,3.7,22110.0,22.466,1651.47,1775.0,6678.0,4.24,1.49,13.086,213.499311,-44.36654,PC
2605,3.224746,3.621,11350.0,10.5098,500.144,1317.0,5032.0,4.33,1.23369,13.534,208.889334,-52.524511,PC
2606,2.2310803,3.3193427,12565.1881618,16.1961401,1896.2050788,1683.0269718,5905.0,4.16,1.42673,13.5286,206.981105,-49.721915,PC
2607,5.2848691,4.7725494,27277.0990883,21.377066,523.2760294,1219.8388469,6113.0,4.29,1.2729501,13.4081,8.481996,-50.729434,PC
2608,3.8600722,1.93,16960.0,10.5393,97.2691,874.0,5096.5,4.59,0.77,12.8713,206.327123,-50.480521,PC
2609,6.8380862,2.445,34050.0,17.4994,82.8358,840.0,5912.0,4.51,0.96,11.7754,204.13817,-51.044343,PC
2610,3.0001627,2.892,10600.0,15.0659,1151.61,1622.0,6695.0,4.27,1.45,12.3666,211.181028,-55.447698,PC
2611,2.0519085,1.778,10320.0,14.7471,1024.7,1576.0,6386.3,4.33,1.42,11.7219,210.884268,-55.44311,PC
2612,4.6606892,2.863,6370.0,21.5363,1436.15,1715.0,8608.0,3.94,2.6,12.3921,207.892594,-59.762737,PC
2613,2.8977031,4.148,10130.0,17.057,2102.4,1886.0,6397.0,4.1,1.67,12.6561,217.801851,-23.054805,PC
2614,4.319754,2.78,10910.0,13.1542,335.6,1192.0,5783.0,4.26,1.25,12.2936,213.538657,-37.558384,PC
2615,5.3305676,2.887,5820.0,15.5434,277.237,1136.0,6076.0,3.89,2.01,12.8813,216.219416,-38.014361,PC
2616,3.2782956,3.38,8280.0,12.1111,622.203,1391.0,5544.0,4.19,1.32,12.6831,203.846742,-38.28398,PC
2617,3.2420704,2.535,10600.0,12.4447,368.009,1220.0,5570.7,4.26,1.21,13.3359,219.568388,-40.751081,PC
2618,4.36907,1.308,3970.0,5.94716,26.8795,634.0,4391.0,4.36,0.9,12.004,13.877098,-33.512305,PC
2619,3.2806578,2.93,9820.0,11.5452,535.248,1340.0,5717.0,4.3,1.18,12.0858,210.096262,-22.34234,PC
2620,2.0694143,1.768,2900.0,10.5098,365.719,1185.0,5801.0,4.33,1.23369,12.27,224.78787,-40.870645,PC
2621,4.3636327,2.407,10410.0,9.0556,121.921,925.0,5042.0,4.48,0.87,12.4299,209.185479,-35.288854,PC
2622,4.3622356,2.645,18670.0,11.0608,89.5299,856.0,4486.0,4.5,0.78,13.2041,209.183512,-35.292443,FP
2623,1.6832809,2.356,12430.0,10.5098,365.719,1185.0,5286.9,4.33,1.23369,13.201,212.731306,-31.240072,PC
2624,2.2458338,1.462,10280.0,8.19934,121.462,924.0,4377.0,4.51,0.76,13.2494,214.96711,-28.921092,PC
2625,6.3096313,2.761,4370.0,6.46255,148.356,972.0,5829.0,4.5,0.96,12.5755,124.321302,-78.014945,PC
2626,2.5336422,2.865,13290.0,29.183,3022.37,2065.0,6038.0,4.22,1.36,13.2608,228.684363,-31.902206,FP
2627,1.227961,1.69,2260.0,10.5098,560.674,1355.0,4508.0,4.33,1.23369,12.6593,157.014455,-85.529118,PC
2628,3.4470312,2.677,15240.0,11.2549,352.463,1207.0,5629.0,4.53,0.9,12.9104,202.792828,-58.289062,PC
2629,0.24733,0.499,6445.33,11.0751,22981.4,3430.0,6316.0,3.75,1.25,11.7549,356.11482,-46.866601,APC
2630,11.4520097,3.017,1500.0,9.64471,296.562,1156.0,6193.0,4.15,1.52,12.1225,48.785978,-75.72207,PC
2631,0.8831279,1.651686,2068.0674877,4.3749094,1586.2100083,1609.5701933,5151.4,4.51,0.86,12.4923,47.728524,-73.531972,PC
2632,12.8770845,1.9419484,7385.1208646,10.8337698,112.6342216,830.8781535,5953.0,4.39,1.10769,12.0461,46.360258,-74.472778,PC
2633,5.6155837,4.495,2690.0,7.87868,627.845,1394.0,5998.0,4.13,1.51,11.7593,300.625098,-74.344504,PC
2634,3.3133491,3.881,8900.0,14.7466,1705.48,1790.0,6690.0,4.21,1.56,12.6347,286.481864,-35.815774,PC
2635,3.3792968,1.196,6680.0,10.5098,138.369,955.0,6125.1,4.33,1.23369,12.599,299.089231,-60.177164,PC
2636,3.7462806,2.078,6670.0,17.5312,819.165,1185.0,5737.0,4.33,1.12,12.2613,270.950419,-86.309236,PC
2637,2.7674682,2.997,5740.0,11.0509,932.409,1539.0,5890.0,4.17,1.41,12.8058,290.91348,-70.609525,PC
2638,1.8641295,1.42,4130.0,6.95296,302.749,1162.0,5293.0,4.38,1.02,11.9039,60.057545,-87.911943,PC
2639,4.132031,1.354,4220.0,3.73783,76.3127,823.0,5657.6,4.33,0.53,12.839,37.613585,-84.053383,PC
2640,10.0550764,3.3888241,13107.7141418,20.5931944,223.3992486,986.030109,5960.0,4.23,1.31971,13.4573,343.633009,-34.502725,PC
2641,6.4751256,2.217,23500.0,10.5098,37.2725,688.0,4899.8,4.33,1.23369,12.2017,290.676649,-76.322332,PC
2642,4.1394473,2.94,4070.0,12.776,454.749,1185.0,6014.9,4.33,1.96,11.059,292.968878,-52.645652,PC
2643,3.146714,2.106,7360.0,12.1786,215.374,1067.0,5197.0,4.11,1.37,13.2598,126.256924,-85.1578,PC
2644,4.2955192,2.874,20630.0,13.6703,302.917,1162.0,5875.0,4.51,0.95,12.3525,318.360827,-66.481594,PC
2645,2.9075077,2.92,10020.0,12.0308,677.605,1421.0,5709.0,4.3,1.18,12.9127,304.233188,-55.874695,PC
2646,20.5020769,7.382,17680.0,11.7145,66.4002,795.0,4511.0,4.51,0.78,13.445,318.356223,-73.064186,PC
2647,7.0327412,3.044,17290.0,11.4154,68.7158,802.0,5021.0,4.52,0.83,12.6919,295.508668,-59.35635,PC
2648,1.5265889,1.688,23630.0,12.3611,391.362,1239.0,4887.0,4.57,0.77,12.7572,290.856966,-54.330649,PC
2649,3.2464257,2.082,8430.0,12.7086,297.123,1156.0,5729.0,4.19,1.35,13.5215,291.866861,-62.094877,PC
2650,0.4191451,0.9767422,1898.2608647,6.1769613,14526.5528051,2800.0152156,5430.0,4.4,1.39542,12.6889,11.092003,-75.629805,PC
2651,4.4781603,1.5774426,4339.8345448,9.2972393,571.7432004,1247.1537636,6074.0,4.33,1.20333,12.7703,349.487743,-43.925529,PC
2652,3.8348994,3.138,4600.0,10.5061,559.599,1354.0,5849.3,4.08,1.56,13.0099,328.277886,-77.198103,PC
2653,9.3108074,5.27,2860.0,10.1812,336.791,1193.0,6243.0,3.97,1.89,11.1165,286.528834,-38.990524,PC
2654,2.9478339,2.205,5030.0,18.9265,2791.77,2025.0,6296.0,4.27,1.35,11.7212,298.522938,-53.381214,APC
2655,3.502221,2.911,13290.0,14.1347,533.699,1339.0,5983.0,4.31,1.21,12.4005,288.951272,-56.354296,PC
2656,0.8102219,0.737,820.0,7.01523,1338.85,1685.0,6329.0,3.92,2.03,11.0125,295.191984,-49.420378,PC
2657,2.7022764,2.856,11200.0,15.3559,925.842,1536.0,5969.0,4.17,1.43,12.6771,295.315233,-35.246927,PC
2658,2.0325685,1.312,18260.0,11.846,175.933,1014.0,4950.0,4.49,0.85,12.926,293.856895,-38.43229,PC
2659,2.7176413,3.285,12100.0,17.2275,1649.78,1775.0,6567.0,4.21,1.52,13.0201,292.757611,-31.633962,PC
2660,1.4338615,1.61,31360.0,12.3818,158.892,989.0,3913.0,4.59,0.67,13.2956,297.110316,-43.018001,PC
2661,1.4259934,1.434,4670.0,12.6369,910.147,1530.0,5955.0,3.99,1.75,12.8999,289.343349,-33.054784,PC
2662,5.7042858,4.061264,940.986289,5.0247868,576.8749367,1249.9428806,5560.5,4.01,1.61148,10.6929,351.321095,-15.634631,CP
2663,3.910946,3.28,5210.0,10.6878,497.733,1315.0,5642.0,4.07,1.54,11.3612,289.140291,-34.781754,FP
2664,9.0653768,2.062,8550.0,9.03928,27.2384,1185.0,5302.0,4.33,0.95,12.7602,286.967116,-63.991599,PC
2665,4.2545208,4.3764889,9168.7791674,13.8532978,718.999383,1320.6930092,5674.0,4.13,1.43536,13.3827,284.211364,-61.717588,PC
2666,2.589659,3.385,7430.0,14.9823,2190.57,1905.0,6650.0,4.1,1.75,13.1675,282.51078,-62.094156,PC
2667,2.5658729,2.425,10050.0,14.4803,351.223,1206.0,5003.0,4.33,1.39,11.481,279.640407,-62.301798,PC
2668,3.4379994,3.855,8370.0,13.3167,1192.84,1637.0,6193.0,4.2,1.44,13.2972,282.011353,-57.545386,PC
2669,5.9493696,3.678,10370.0,11.8844,235.266,1091.0,5590.0,4.31,1.15,12.3726,281.55889,-57.694363,PC
2670,3.9349141,4.189,7660.0,14.3155,1051.8,1586.0,6200.0,4.1,1.61,13.0197,264.825476,-87.299445,PC
2671,3.0537856,1.731,12440.0,17.9453,583.27,1369.0,6103.0,4.17,1.46,12.2415,274.804997,-71.793902,PC
2672,2.9264345,3.182,7890.0,6.98436,557.455,1353.0,5121.0,4.57,0.8,13.3888,281.311417,-47.086382,PC
2673,4.2794669,2.4641339,17011.2798568,9.0099926,74.8950024,750.296567,4314.0,4.57,0.703041,12.8696,358.751682,-22.538908,PC
2674,6.6926834,5.96,3180.0,9.62132,678.724,1421.0,5918.0,3.98,1.75,12.6579,246.034734,-82.550772,PC
2675,5.451593,3.628,3490.0,11.1974,359.92,1231.0,5773.0,3.91,1.87,12.5815,240.470403,-78.602561,PC
2676,1.5570251,1.431,4220.0,10.9349,1213.68,1644.0,5590.0,4.08,1.5,12.909,185.130699,-84.916673,PC
2677,8.6187455,1.692,3430.0,15.6647,173.998,1011.0,7400.0,3.92,2.37,10.5695,284.048901,-70.249425,PC
2678,3.4930546,2.985,7980.0,13.1021,639.317,1400.0,5986.0,4.17,1.42,12.0148,270.132239,-52.68301,PC
2679,2.025289,2.257,18480.0,12.3405,550.936,1349.0,5297.4,4.52,0.86,12.9876,269.546056,-62.477432,PC
2680,3.8780401,2.757,5030.0,8.5758,602.229,1380.0,5617.0,4.31,1.15,12.3483,161.042028,-86.319954,FP
2681,3.8784358,2.677,9620.0,11.8812,310.093,1169.0,5636.0,4.32,1.14,13.1045,161.036801,-86.316421,PC
2682,0.7614693,1.059,5980.0,10.5098,1543.61,1746.0,5813.0,4.33,1.23369,13.3095,274.046382,-65.608083,APC
2683,7.4832824,3.802,12910.0,12.264,129.267,939.0,5306.0,4.35,1.06,11.8633,271.991949,-49.555097,PC
2684,2.4843369,1.154,4450.0,8.59746,160.141,991.0,5608.0,3.94,1.76,13.0261,20.419256,-42.481783,FP
2685,1.3828196,1.336,10030.0,15.7062,1001.35,1567.0,6362.0,4.22,1.45,13.0374,267.445726,-53.407556,PC
2686,4.8435717,2.561,6120.0,15.3767,693.687,1429.0,5552.0,4.42,1.01,13.1052,269.063581,-57.100597,PC
2687,5.3890264,3.794,29490.0,10.5098,93.9124,867.0,3930.3,4.33,1.23369,12.5578,272.905634,-36.782023,PC
2688,2.128423,2.872,11080.0,10.5098,674.806,1419.0,3689.6,4.33,1.23369,12.6827,270.656968,-37.440201,FP
2689,1.3677581,1.363,5840.0,11.144,596.492,1376.0,5355.0,4.33,1.37,12.4749,279.610687,-40.802254,PC
2690,5.2330803,4.617,6900.0,12.7241,1001.08,1567.0,6375.0,4.2,1.49,11.8748,264.934249,-73.37763,PC
2691,4.0668012,2.373,10210.0,10.2315,270.456,1129.0,5789.0,4.47,0.98,13.4449,260.706965,-73.434885,PC
2692,2.9519989,3.518,8270.0,15.6964,1262.03,1660.0,6136.0,4.03,1.73,12.8739,258.402253,-74.303176,PC
2693,12.8777188,4.209,21210.0,10.5098,70.9259,808.0,5281.8,4.33,1.23369,13.3675,255.271159,-75.430201,PC
2694,0.5438807,0.78,3390.0,6.46581,1246.75,1655.0,5259.0,4.41,0.98,13.5252,251.382358,-76.937828,FP
2695,0.77685,1.43,830.0,3.28324,4180.32,2240.0,5190.0,4.42,0.96,11.5273,348.058952,-44.876485,CP
2696,2.625748,3.529,4650.0,12.4597,2401.54,1950.0,6693.0,4.04,1.89,12.4472,267.895964,-63.005947,PC
2697,3.6525305,4.153,9770.0,14.7302,967.919,1553.0,5930.0,4.14,1.47,10.6651,265.760335,-65.008252,PC
2698,1.0571733,1.235,2140.0,12.0066,2168.84,1901.0,6307.0,3.72,2.53,11.5624,265.087598,-63.251885,PC
2699,3.0223957,3.272,14800.0,11.507,791.733,1477.0,4653.0,4.56,0.75,12.7316,262.640686,-64.723142,FP
2700,2.8090597,3.24,6430.0,12.0828,1004.86,1568.0,5852.0,4.1,1.52,12.9566,278.474993,-70.946262,PC
2701,4.2732096,3.047,5870.0,10.5098,286.212,1145.0,5332.0,4.33,1.23369,12.8376,272.205469,-59.891679,PC
2702,1.0664194,2.106,14350.0,14.3422,2742.65,2016.0,5897.0,4.33,1.18,13.1482,256.43032,-70.909631,PC
2703,4.1794516,3.921,4480.0,13.3164,815.017,1488.0,6151.0,3.92,1.96,12.4256,281.602174,-68.126095,PC
2704,10.1923252,6.168,1730.0,5.40312,355.136,1209.0,5767.0,4.23,1.28,12.1098,266.123677,-79.594616,PC
2705,5.0648278,4.321,9920.0,13.6307,738.156,1452.0,6411.0,4.29,1.34,11.6723,266.880985,-79.466679,PC
2706,3.7852328,3.5398298,1338.8791278,4.7864833,650.4958544,1288.0445455,6150.0,4.4,1.1289999,11.5166,353.357499,-41.171521,PC
2707,1.0815202,1.317,9050.0,17.3782,1428.47,1712.0,6260.0,4.02,1.78,12.4794,268.693269,-53.392923,PC
2708,2.0180196,1.967,15190.0,12.168,520.136,1330.0,5544.0,4.47,0.96,11.3208,271.324167,-34.107171,CP
2709,3.1785277,5.974,20330.0,10.5098,788.118,1476.0,3540.7,4.33,1.23369,12.7825,271.039719,-34.12037,FP
2710,3.9823479,4.463,32030.0,10.5098,197.455,1044.0,3986.0,4.33,1.23369,13.334,270.881486,-35.447285,PC
2711,1.9242952,3.075,12690.0,16.9815,2478.4,1965.0,6324.3,4.19,1.48,12.8757,276.041754,-51.036649,PC
2712,2.265394,3.478,4540.0,12.6882,1585.08,1757.0,5568.0,3.89,1.86,12.5521,279.109348,-57.452396,PC
2713,10.1822686,2.424,12570.0,10.5098,365.719,1185.0,5801.0,4.33,1.23369,12.388,278.746802,-55.663421,PC
2714,1.2436504,1.215,7630.0,11.1385,828.458,1494.0,6070.0,4.35,1.18,13.3234,275.147902,-58.253155,PC
2715,1.4893582,1.286,8600.0,12.5424,1946.1,1850.0,6208.0,4.42,1.11,12.5052,271.923408,-42.543178,PC
2716,3.7465541,2.623,12890.0,10.5098,824.101,1492.0,5766.6,4.33,1.23369,12.2962,271.611136,-44.117222,PC
2717,17.9160113,1.889,9906.0,18.2667,27.7718,639.0,6090.2,4.11,1.57,9.5498,36.498718,-63.647607,APC
2718,11.968028,3.925,9480.0,32.6917,495.179,1185.0,6701.0,4.33,1.57,10.9207,270.726679,-55.841807,APC
2719,8.6369598,4.91,13620.0,13.0862,439.615,1275.0,6040.0,4.45,1.04,12.7691,268.399733,-59.653938,PC
2720,5.9709305,3.145,11800.0,12.3371,180.951,1021.0,5748.0,4.38,1.09,11.8482,266.358966,-56.882951,PC
2721,2.3651663,2.462,15360.0,19.4747,851.541,1504.0,5805.0,4.1,1.51,13.4411,275.164944,-39.220957,PC
2722,3.2229781,3.793,9310.0,14.58,2054.13,1875.0,5488.0,4.2,1.29,10.9308,272.450977,-31.891545,PC
2723,2.1917701,3.145,11650.0,20.1864,3396.72,2126.0,7222.0,4.12,1.84,13.207,268.05232,-45.1783,PC
2724,4.8692603,2.538,5510.0,6.32448,215.764,1067.0,4323.0,4.58,0.7,11.9812,283.664945,-47.994244,PC
2725,3.0591641,4.25,2110.0,7.01214,2296.74,1928.0,4999.4,4.33,1.59,12.0536,118.348267,-36.803031,FP
2726,2.6156239,2.101,2340.0,4.05281,1128.14,1614.0,7002.0,4.33,0.83,11.4872,117.924589,-37.171337,PC
2727,2.0272642,0.977,4320.0,13.445,388.165,1236.0,6505.5,4.33,1.81,11.3546,108.967811,-4.24652,APC
2728,1.26092,2.718,4825.94,8.46782,5014.81,2344.0,5875.0,4.36,1.11,12.3571,21.32225,-39.947872,FP
2729,2.2358979,1.588,610.0,3.28794,851.912,1505.0,4793.8,4.42,0.9,10.6418,141.699699,-38.626819,PC
2730,4.311529,2.699,9820.0,15.9679,364.211,1217.0,6777.0,4.29,1.57,10.9932,162.916411,-44.985551,PC
2731,13.8198458,4.946,302.0,3.20854,114.274,910.0,5598.0,3.85,1.96,10.2756,64.841462,-74.585973,PC
2732,4.6658007,2.609,565.0,2.17821,216.429,1068.0,6365.0,4.54516,1.02,8.7843,106.529815,-75.819559,PC
2733,8.8176457,3.076,645.0,2.36114,85.6924,847.0,6365.0,4.54516,1.02,8.7843,106.529815,-75.819559,PC
2734,46.3810093,5.9182924,1231.0424962,6.0742549,55.3597234,695.6939513,6307.9,4.07,1.69625,10.9567,95.151882,-59.754672,PC
2735,15.6600896,4.785,400.0,2.14305,110.915,904.0,6257.0,4.42,1.13,10.8204,79.323673,-59.068391,PC
2736,2.9122454,3.269,1210.0,5.08343,862.596,1509.0,5466.0,3.94,1.46,12.1289,25.719671,-48.78843,PC
2737,2.6535777,2.1014914,1446.2753601,6.685956,4941.3523429,2138.3618868,8037.0,4.26402,1.70185,11.0285,110.390835,-21.93839,FP
2738,8.8088443,4.411,3550.0,10.7596,2579.38,1985.0,8072.0,4.37,1.58,10.5387,133.542032,-48.072792,FP
2739,15.8118347,4.449,601.0,2.24252,70.4363,807.0,5746.7,4.43,1.01,9.6216,142.919776,-63.367397,PC
2740,17.7075811,1.878,4600.0,26.2792,107.347,896.0,7859.0,4.12,2.8,9.9524,70.670279,-64.885209,FP
2741,16.7375044,1.319,2570.0,16.0108,12.3014,521.0,6549.0,3.62,2.97,10.6857,123.676678,-55.642735,APC
2742,10.5634342,1.011,11150.0,12.1545,3.01202,367.0,4688.0,4.33,0.99,10.956,144.456031,-59.115086,APC
2743,18.0953159,2.627,3176.0,12.0619,37.2117,688.0,6509.8,3.99,1.8,10.3823,155.984143,-56.843117,CP
2744,9.7433732,3.747,1566.0,10.5098,365.719,1185.0,8582.0,4.09,1.23369,10.2509,138.759017,-54.314261,PC
2745,5.8769438,4.5933803,7168.7849256,12.3925008,511.3176191,1212.8090781,5805.0,4.13,1.4484,10.8137,144.537771,-49.335223,CP
2746,5.3928876,3.8463963,7447.1137923,12.0135136,511.6375558,1212.9987503,5970.0,4.24,1.3179801,10.8467,146.497112,-46.267641,PC
2747,8.4562659,4.338,8430.0,17.3093,833.599,1185.0,6144.0,4.33,1.3,10.7038,155.332076,-50.081462,PC
2748,3.7493233,2.274,1170.0,10.5098,365.719,1185.0,5801.0,4.33,1.23369,10.6973,147.793034,-49.410563,PC
2749,7.2611991,3.389,3980.0,15.4357,1167.97,1628.0,6702.0,4.07,1.82,12.8281,118.086505,-37.720846,PC
2750,3.5463582,4.168,6020.0,10.5098,922.838,1535.0,5453.0,4.33,1.23369,12.7345,134.39908,-36.850749,FP
2751,6.87168,3.16,39248.4,28.967,380.128,1230.0,5446.0,4.43,1.33,12.0235,7.330079,-50.140052,FP
2752,2.3506831,2.743,1940.0,6.39563,1871.52,1832.0,6589.0,4.24,1.47,12.0148,117.781828,-41.578402,PC
2753,3.5105859,3.0172182,3465.4538124,11.2858702,2052.4262472,1716.6692962,7462.0,4.33,1.85807,11.5432,132.699163,-35.006901,PC
2754,11.0701242,4.097,11750.0,10.5098,365.719,1185.0,5801.0,4.33,1.23369,13.1038,117.531459,-38.714129,FP
2755,6.534605,2.957,6530.0,12.2512,167.262,1001.0,5826.0,4.16,1.41,12.889,132.627958,-31.982173,PC
2756,2.6543295,3.275,18470.0,23.745,2779.92,2022.0,7517.0,4.21,1.71,13.0959,117.265588,-36.677812,PC
2757,1.2368321,2.144,1930.0,7.3968,3451.44,2135.0,6117.0,4.1,1.59,12.6206,130.052164,-31.994286,FP
2758,4.7260751,4.275,6910.0,14.7931,4023.58,2218.0,7311.0,4.27,1.55,13.4213,117.091727,-38.018985,PC
2759,0.5241284,1.017,2400.0,16.7968,16094.6,3137.0,5860.0,3.88,1.95,12.5004,127.670065,-40.280004,FP
2760,2.6101478,4.3645203,2843.8872049,15.9448335,9842.1090407,2540.3396841,5320.0,4.21,2.6926401,12.0588,121.289884,-41.187617,PC
2761,1.6117444,1.524,3120.0,6.63491,847.062,1502.0,6056.0,4.38,1.14,12.1038,119.75408,-25.648554,FP
2762,5.36777,4.271,6650.0,14.2607,747.132,1456.0,6561.0,4.1,1.72,11.3151,7.709529,-40.573461,KP
2763,2.0086823,1.903,1150.0,7.75485,3645.6,1185.0,8516.0,4.33,2.19,11.756,121.585737,-22.094073,APC
2764,3.3630421,2.776,20990.0,20.7277,509.118,1323.0,5982.0,4.17,1.42,13.4704,119.489473,-28.122701,FP
2765,4.4575332,5.319,2900.0,12.6057,1531.89,1742.0,6289.3,4.25,2.16,11.5546,133.755772,-9.1652,PC
2766,9.7316328,2.2503127,12414.2361583,19.991351,289.3659339,1051.9173057,6300.4,4.26,1.3728499,12.8451,152.043987,-1.217947,PC
2767,1.8592079,2.212,3150.0,16.4056,2679.45,2004.0,7257.0,3.75,2.82,12.2146,130.223468,-19.851233,PC
2768,2.2623261,3.048,2940.0,4.86815,1819.52,1819.0,5786.0,4.56,0.89,12.4698,115.874489,-38.90883,FP
2769,0.8855539,1.034,1900.0,5.05228,1788.08,1811.0,6446.0,4.45,1.13,12.4768,114.317625,-36.27316,PC
2770,2.7678404,2.225,9160.0,10.5098,535.934,1340.0,5908.7,4.33,1.23369,13.2877,128.779989,-18.244506,PC
2771,0.845657,1.824,390.0,8.90314,2301.5,1929.0,4969.9,4.33,4.52,10.9017,113.103262,-38.574805,FP
2772,1.680148,1.217,1420.0,9.76407,575.779,1364.0,5750.5,3.81,2.35,10.9144,121.093981,-34.262222,FP
2773,6.73069,3.503,14721.7,22.1494,457.721,1288.0,6048.2,4.28,1.66,12.0885,337.921615,-21.945702,FP
2774,5.4033373,1.421,14900.0,18.9875,26.5343,632.0,4977.7,4.33,1.49,13.2958,146.64134,-8.604797,APC
2775,4.7131119,5.5285456,10492.6573132,19.7629326,1722.7646011,1643.1463045,6785.0,4.05,1.88091,13.5064,113.153512,-41.725403,PC
2776,1.1104301,1.604,4870.0,10.5098,365.719,1185.0,5801.0,4.33,1.23369,13.494,121.429562,-42.702359,FP
2777,5.2059716,2.803,9210.0,11.1254,280.373,1139.0,6210.0,4.41,1.13,13.6224,111.598673,-40.765592,PC
2778,7.8373997,3.273,2880.0,7.62042,254.905,1113.0,6715.0,4.28,1.43,12.1348,109.132322,-44.168203,PC
2779,3.2730247,1.551,4030.0,10.5098,217.442,1069.0,5769.7,4.33,1.23369,12.683,103.644859,-45.064275,PC
2780,6.4700007,5.6018512,14835.6486181,22.0947602,1012.8517686,1438.8191925,6819.0,4.11,1.7676899,12.5443,127.140149,-34.630225,PC
2781,3.6250244,2.209,11380.0,6.80665,53.0463,751.0,3811.0,4.63,0.63,13.3153,122.217093,-28.937824,PC
2782,6.2088405,2.7236562,2992.8361072,3.5693526,51.4155981,682.9571759,4655.8,4.67,0.661528,12.1945,143.540873,-7.433444,PC
2783,2.642447,4.373,4700.0,10.5098,11564.4,2889.0,8779.8,4.33,1.23369,13.509,120.464794,-24.782618,FP
2784,14.8499717,5.9888165,53558.5635109,10.5098,71.4587134,741.5382329,5829.0,4.33,1.23369,12.6435,11.747329,-44.369951,PC
2785,3.8036198,4.141,17890.0,22.1057,1174.87,1631.0,6464.0,4.14,1.61,12.6659,123.624724,-19.590655,PC
2786,3.6689529,2.866,14780.0,13.2074,377.121,1227.0,5642.0,4.38,1.06,13.3298,150.923685,-10.575236,PC
2787,3.4714171,3.006,3580.0,10.5098,365.719,1185.0,5801.0,4.33,1.23369,12.6532,120.185666,-33.729847,FP
2788,11.2205176,3.7193393,10721.0265817,17.0919218,268.0187451,1031.9556709,6764.0,4.19,1.60322,12.0894,120.538954,-41.205439,PC
2789,2.5087868,2.529,15750.0,12.9918,922.499,1535.0,6255.0,4.52,1.01,12.7435,138.098314,-33.256815,PC
2790,6.1458884,2.808,12900.0,18.4029,351.407,1206.0,7231.0,4.24,1.6,13.0178,119.870056,-30.006131,PC
2791,2.623354,2.845,8790.0,16.3338,1425.08,1711.0,6437.0,4.1,1.69,12.8054,133.44721,-18.003195,PC
2792,1.3847905,2.657,4150.0,11.9783,2691.16,2006.0,5596.0,4.33,1.82,13.0549,119.508998,-33.996094,PC
2793,15.8346011,4.676,18000.0,16.7304,116.829,915.0,5713.1,4.37,1.09,13.3008,133.207393,-1.606521,PC
2794,7.7605254,3.639,2060.0,4.92551,218.205,1070.0,6070.0,4.42,1.09,11.7483,143.731993,-12.25044,PC
2795,1.81383,1.113,13170.0,11.581,120.54,923.0,4775.0,4.38,0.94,13.3302,355.844989,-23.998023,PC
2796,3.9791023,4.47,4000.0,10.5098,365.719,1185.0,5801.0,4.33,1.23369,11.581,102.595945,-48.534456,PC
2797,7.0628019,4.385,13490.0,10.5098,365.719,1185.0,5801.0,4.33,1.23369,13.1428,117.401918,-34.451103,PC
2798,3.1405783,1.574,8570.0,11.93,210.456,1061.0,5636.0,4.24,1.26,12.6977,147.482896,-14.733219,PC
2799,4.7114264,1.502,5410.0,15.6522,1055.88,1588.0,8238.0,4.41,1.47,12.5881,116.538349,-33.48309,PC
2800,9.7355768,5.954,2590.0,9.29033,405.451,1250.0,5033.0,4.33,1.81,11.9685,117.917125,-36.81567,PC
2801,3.5714448,2.356,4090.0,18.4074,873.532,1514.0,5942.0,3.66,2.56,12.2665,128.20788,-13.064342,PC
2802,2.3626917,2.938,7280.0,14.4588,4798.12,2318.0,8360.0,4.33,1.62,12.6255,123.261857,-31.320175,PC
2803,2.7194615,2.481,18840.0,12.4906,422.699,1263.0,5454.0,4.52,0.89,13.4736,150.389098,-16.126786,PC
2804,7.3039869,5.3650109,7722.2055378,10.5098,184.0529207,939.4105386,5308.5,4.33,1.23369,11.8994,123.274547,-23.053372,PC
2805,7.9969538,5.4,19120.0,10.5098,205.724,1055.0,5305.8,4.33,1.23369,12.935,123.149611,-32.776684,PC
2806,10.45776,3.148,8773.24,10.5098,65.5508,792.0,5800.0,4.38,1.23369,12.8691,342.170406,-18.520467,FP
2807,1.5971426,3.316,2150.0,7.98964,4957.19,2337.0,6263.0,4.03,1.77,12.6746,122.430787,-22.868692,FP
2808,2.8389301,2.45,6210.0,16.9204,1669.46,1780.0,7132.0,3.98,2.14,13.35,122.092607,-30.09545,PC
2809,3.7787752,3.139905,17677.3554734,14.0012199,466.1012543,1185.0585759,5817.7,4.43,1.02896,12.239,140.84562,2.932484,KP
2810,2.5313424,2.246,5830.0,10.5098,4500.49,2281.0,9598.5,4.33,1.23369,12.6067,122.010942,-31.189361,FP
2811,0.6691882,1.347,2850.0,9.96751,7244.35,2570.0,6623.0,4.09,1.76,12.5772,128.800451,-27.407594,FP
2812,0.765415,1.389,2740.0,8.47671,3287.18,2109.0,6034.0,4.13,1.51,13.0391,121.663414,-31.944461,PC
2813,6.1786733,4.289,16990.0,18.581,313.989,1172.0,5806.0,4.16,1.4,12.7761,156.229013,0.435829,PC
2814,2.9526508,2.503,9320.0,17.072,532.564,1338.0,5812.0,3.98,1.73,12.7363,121.316468,-31.849047,PC
2815,5.3945125,7.126,1430.0,10.5098,365.719,1185.0,5801.0,4.33,1.23369,12.1927,125.654901,-29.187989,PC
2816,13.9311096,3.508,6720.0,14.0219,70.2738,806.0,6445.0,4.1,1.69,12.4493,108.858976,-42.44809,PC
2817,1.7563116,1.8543683,3476.9463159,8.3651129,1827.7735678,1667.6324897,5885.0,4.31,1.20235,12.4115,356.045365,-18.889525,PC
2818,5.0949767,4.57,4150.0,15.7588,915.595,1532.0,6565.0,4.18,2.25,11.8807,129.445897,-19.63472,APC
2819,3.919695,4.027,12270.0,19.0078,1108.17,1607.0,6438.0,4.08,1.73,13.1291,136.852675,4.289924,PC
2820,9.148074,3.8870163,22476.4703198,10.5098,136.3273948,871.4962715,3999.0,4.33,1.23369,13.7942,121.479826,-41.46259,PC
2821,2.7765784,2.076,5710.0,6.07883,130.312,941.0,4348.2,4.48,0.78,12.7445,135.455975,0.969613,PC
2822,3.1510024,0.612,4700.0,12.7872,34.0167,672.0,5927.9,4.12,1.5,12.2609,135.313863,0.841828,PC
2823,11.8885643,2.567,35450.0,19.2143,18.8935,580.0,4427.0,4.52,0.75,13.3872,106.432017,-49.520598,FP
2824,1.3955317,2.62,960.0,10.461,3163.13,2089.0,4957.2,3.34,3.29,10.9602,119.365428,-38.970243,FP
2825,4.9873145,2.3425677,16931.1672966,12.4458895,275.535577,1039.1163307,6199.0,4.63,0.87414,13.0707,119.412446,-41.241508,PC
2826,1.6660179,1.445,2090.0,10.257,1529.93,1742.0,5993.3,3.9,2.01,11.9581,146.331746,3.094481,PC
2827,5.9349921,1.423,9840.0,13.8526,38.9292,695.0,5320.0,4.29,1.13,13.4001,151.584825,-79.37679,PC
2828,6.0672187,3.0803438,7468.3938627,9.4901642,316.7657662,1075.9802743,6149.0,4.44,1.0793999,11.9221,347.053748,-28.007825,PC
2829,1.7167587,2.044,13620.0,10.5098,215.049,1066.0,3917.3,4.33,1.23369,12.052,244.330203,-54.13911,FP
2830,4.2594558,3.391,7500.0,10.33,433.367,1271.0,5763.8,4.31,1.18,13.2137,162.624868,-79.727859,PC
2831,3.4569274,2.805,20700.0,10.5098,241.384,1098.0,4973.0,4.33,1.23369,12.6816,244.066558,-55.099987,PC
2832,1.0078907,2.755,1790.0,14.2534,11995.5,2915.0,6808.0,3.51,3.52,11.672,218.278396,-60.093362,PC
2833,2.7188122,2.182,12150.0,16.9807,708.483,1437.0,6531.0,4.23,1.48,11.9642,241.287509,-46.565649,PC
2834,2.9866836,2.681,14000.0,15.0254,282.578,1142.0,4790.0,4.14,1.24,12.8311,244.138351,-41.073966,PC
2835,1.8528946,2.444,19670.0,10.5098,2142.13,1895.0,5378.5,4.33,1.23369,13.0573,231.184164,-45.380004,PC
2836,3.6562554,3.853,4970.0,10.421,1093.63,1602.0,5994.0,4.12,1.51,12.2152,250.344907,-68.553225,PC
2837,2.1642912,2.818,22950.0,10.5098,1248.62,1656.0,4907.3,4.33,1.23369,13.2582,232.040061,-52.029676,PC
2838,3.8249546,3.874,7630.0,15.0897,1068.52,1592.0,6341.2,4.08,1.69,12.5451,248.021696,-68.24033,PC
2839,11.2237372,3.3719302,11270.3887544,9.5654941,57.9380401,703.6564933,5136.0,4.47,0.903365,13.5263,5.696956,-34.392162,PC
2840,3.6387748,3.131,4600.0,10.5098,501.163,1318.0,5095.6,4.33,1.23369,10.376,228.035132,-53.313368,PC
2841,8.7234738,2.598,10750.0,10.5545,54.2067,755.0,5522.0,4.42,1.0,12.5517,243.802887,-68.876216,PC
2842,2.8372178,4.822,4060.0,14.7827,4549.21,2287.0,5604.0,3.73,2.24,13.1151,188.770456,-73.129664,PC
2843,4.3618031,4.9,3130.0,12.1596,1248.73,1656.0,6126.0,3.81,2.21,12.6558,188.912112,-72.681973,PC
2844,3.9415006,2.177,8940.0,12.3165,264.591,1123.0,6011.0,4.26,1.3,12.9585,183.60042,-72.347311,PC
2845,0.422425,0.68,4090.0,8.6772,1423.41,1711.0,5269.0,4.25,1.18,13.3477,180.322203,-76.399578,PC
2846,17.0298529,2.65,15940.0,12.0922,9.23182,485.0,5022.0,4.43,0.92,12.0537,188.666196,-79.358969,PC
2847,32.6012979,4.366,4490.0,9.18821,17.4858,569.0,6067.8,4.23,1.35,11.6146,183.208269,-79.757204,PC
2848,3.1726875,2.05,18990.0,11.911,172.9,1010.0,5056.0,4.48,0.87,12.6553,201.340644,-71.012028,PC
2849,8.4893234,4.903,14020.0,10.5098,357.289,1211.0,5030.7,4.33,1.23369,12.2014,214.500086,-62.35522,PC
2850,16.56308,2.317,14010.0,30.0184,184.89,1027.0,6177.0,4.25,1.35,12.7291,10.344507,-37.34302,PC
2851,4.6288384,6.264,5380.0,17.2704,4580.01,2291.0,5978.9,3.89,2.22,8.82719,255.920846,-30.770097,PC
2852,11.4483792,4.824,6660.0,10.4552,165.825,999.0,6175.0,4.29,1.28,12.9682,192.997679,-71.601209,PC
2853,6.3885628,1.726,4410.0,7.62451,46.0383,725.0,5474.0,4.4,1.03,12.8749,148.249271,-78.459771,PC
2854,2.2538878,3.664,7450.0,10.5098,365.719,1185.0,5801.0,4.33,1.23369,13.5313,221.842017,-60.544822,PC
2855,3.6515704,1.925,5830.0,12.4868,290.61,1150.0,6353.0,4.13,1.59,12.0719,234.483036,-44.789977,PC
2856,3.9563671,3.396,4330.0,10.5098,483.791,1306.0,5601.0,4.33,1.23369,12.7896,168.152378,-74.610576,PC
2857,1.862908,4.562,3420.0,13.9775,20675.8,3340.0,5626.0,4.15,1.39,12.8482,233.280288,-57.63528,FP
2858,0.7799194,1.543,1920.0,9.09676,2609.72,1991.0,5473.0,3.8,2.04,12.8492,148.193703,-76.165857,FP
2859,3.3789946,3.332,11150.0,8.56973,333.667,1190.0,4809.0,4.51,0.82,13.5709,135.291964,-75.088195,FP
2860,2.6566986,3.865,10670.0,17.7901,2780.14,2022.0,6823.0,4.16,1.67,12.5805,250.478927,-62.143614,PC
2861,4.04003,0.196,832.0,12.106,1.86549,325.0,5692.2,4.1,1.48,11.2043,354.48982,-36.571634,PC
2862,3.2404614,1.642,15130.0,18.8972,321.441,1179.0,5823.0,4.2,1.35,13.3259,163.858368,-73.337551,PC
2863,8.7520247,3.602,17410.0,12.7543,114.611,911.0,5666.0,4.5,0.94,12.8852,236.55223,-78.325666,PC
2864,1.5810556,2.437,33340.0,13.941,1668.68,1780.0,5985.0,4.72,0.76,13.5159,240.53688,-52.034811,FP
2865,4.0358074,2.667,11250.0,17.8847,498.733,1316.0,6599.0,4.19,1.56,13.0656,226.825037,-79.364112,PC
2866,3.8795023,3.647,12260.0,14.0735,709.036,1437.0,6048.0,4.29,1.26,11.9672,233.503348,-47.96366,PC
2867,2.7812908,3.208,11930.0,18.2165,2647.01,1998.0,7560.0,4.26,1.63,12.2587,230.90908,-76.895744,PC
2868,4.3205081,2.51,13290.0,14.5156,706.863,1436.0,7627.0,4.51,1.23,12.6718,237.008308,-50.692487,PC
2869,3.3626798,3.771,11000.0,14.2118,1144.81,1620.0,6165.0,4.22,1.39,13.4138,247.673739,-65.228893,PC
2870,1.82856,2.961,17750.0,20.4999,2034.63,1871.0,6078.0,4.13,1.53,12.3282,258.660861,-67.302622,PC
2871,2.1970052,2.966,7470.0,12.6118,1152.76,1623.0,5636.0,4.1,1.47,13.4326,220.123399,-76.170905,PC
2872,0.4947938,0.9449038,2913.5611564,8.7665514,15589.0579756,2849.8678213,5879.0,4.11,1.5121,12.2494,1.583584,-30.336391,PC
2873,2.1301227,2.646,16130.0,10.5098,1062.41,1590.0,5830.0,4.33,1.23369,12.4119,237.663693,-43.121384,PC
2874,4.9214799,2.425,3710.0,10.5098,110.739,903.0,5055.0,4.33,1.23369,12.8719,212.3461,-73.535099,PC
2875,0.9714298,1.251,1650.0,8.81333,2557.87,1981.0,6495.0,3.89,2.18,10.7989,236.542661,-43.368223,FP
2876,1.4466788,1.529,4410.0,12.978,1386.27,1699.0,5881.0,3.95,1.81,12.8749,210.024916,-77.911571,PC
2877,5.1890769,5.011,6810.0,15.2719,863.316,1510.0,6195.0,4.0,1.81,11.5616,249.488321,-58.780443,PC
2878,11.8413467,2.865,770.0,2.20757,18.0311,574.0,4554.0,4.52,0.77,9.6181,201.749736,-73.594247,PC
2879,6.0379203,2.297,469.0,1.49811,56.3052,763.0,4554.0,4.52,0.77,9.6181,201.749736,-73.594247,PC
2880,2.217782,1.421,15050.0,10.4759,133.224,946.0,4841.0,4.52,0.81,11.4867,249.443203,-59.305108,PC
2881,16.0085751,4.452,14340.0,19.3218,150.886,976.0,5992.0,4.34939,1.08,10.1862,255.113012,-67.781031,APC
2882,6.9625419,4.564,1030.0,2.97636,360.794,1214.0,5727.0,4.5,0.95,11.7789,201.174749,-72.676459,PC
2883,3.7833369,3.386,11530.0,13.3743,370.391,1222.0,5266.0,4.21,1.23,11.7185,248.914759,-54.855257,PC
2884,2.6520851,3.56,10880.0,10.5098,365.719,1185.0,6054.0,4.29,1.23369,10.179,12.274291,-52.046528,FP
2885,9.1317488,2.448,35470.0,14.7541,27.2956,636.0,5198.2,4.63,0.75,12.5911,155.199044,-78.832021,PC
2886,2.4038651,3.549,32410.0,22.3961,1441.91,1185.0,5961.0,4.33,1.21,11.8844,245.267413,-59.510555,PC
2887,9.2224114,5.011,3380.0,15.3135,311.425,1170.0,6332.0,3.7075,2.59,8.4504,166.636671,-53.73198,PC
2888,8.159487,4.3972747,757.1865282,3.3709444,236.8223938,1000.5192324,5860.0,4.29672,1.2115099,8.7028,205.799033,-22.585444,PC
2889,7.748612,1.3743369,5124.9808086,2.2168828,3.6244475,351.9088621,3230.0,4.91717,0.307821,12.295,204.391966,-37.183458,PC
2890,8.4130034,2.5601309,490.4350481,4.3741604,752.108278,1335.6413065,6529.0,3.99995,1.92409,8.734,187.429331,-58.24013,PC
2891,1.5505494,1.356,1576.0,8.21753,7457.95,2588.0,5801.0,4.33,2.02,10.3363,158.743551,-52.777606,PC
2892,4.2180687,3.4569831,7739.9746816,9.8679012,382.7111936,1128.0738729,5780.0,4.438,1.0,11.4007,186.787304,-48.978411,KP
2893,4.8768783,4.024,3800.0,4.71563,295.298,1154.0,4562.0,4.54562,0.75,12.0475,185.1383,-62.401609,PC
2894,4.5992844,8.1684205,3654.1353754,19.0560523,3114.1185902,1905.2568703,5695.0,3.45316,3.1233001,11.5226,155.79732,-52.750212,PC
2895,2.5130547,1.796,5050.0,8.55709,1258.82,1659.0,5635.0,4.41,0.85,12.3856,21.292047,-47.262831,APC
2896,7.3510642,3.8475431,1314.7094959,3.996537,175.4529921,928.2392842,5406.0,4.32992,1.0980901,10.8298,186.816884,-29.832996,PC
2897,15.3502505,2.87,26220.0,19.2152,52.6633,750.0,5782.5,3.92,1.0,10.7413,181.000805,-28.325347,APC
2898,3.4468018,1.059593,3745.6837264,9.8310336,2682.0062952,1835.4167797,7853.0,4.33241,1.5443701,11.4712,174.043143,-56.624175,PC
2899,1.1901816,2.049,2500.0,9.02257,10290.0,2805.0,8405.0,4.25145,1.79,10.2726,163.714472,-58.569285,PC
2900,2.1571532,2.2225248,17923.3596181,14.1575287,1041.2560574,1448.8023268,5863.0,4.42,1.04535,11.6006,300.735006,24.435135,APC
2901,2.9151556,2.004,2910.0,7.4578,504.746,1185.0,6220.0,4.33,1.34,10.9372,297.043476,18.698914,PC
2902,4.4972655,3.4614201,10421.5494142,12.1540565,426.6313521,1159.1321226,5554.0,4.28,1.18466,12.8624,299.224223,31.42271,PC
2903,1.7561019,2.858,11010.0,8.43478,1012.39,1571.0,4896.0,4.52,0.81,13.3911,298.561279,32.425717,FP
2904,1.2997811,2.35,7140.0,13.6803,3036.53,2068.0,6053.0,4.08,1.61,12.4162,290.079022,21.371475,FP
2905,5.1108509,4.36,15900.0,10.5098,249.397,1107.0,4916.0,4.33,1.23369,13.0815,302.196738,25.453674,PC
2906,3.4654953,4.1612558,5884.1905569,14.2776184,1373.5324063,1552.6711273,5570.3,3.93,1.77738,12.0719,357.580647,-17.077595,KP
2907,2.8724894,2.772,13480.0,13.1718,614.779,1387.0,5752.0,4.37,1.1,12.7595,296.354017,30.779967,PC
2908,1.0848133,1.074,14120.0,12.3151,289.23,1148.0,4670.0,4.32,0.99,13.4539,287.275134,28.362632,APC
2909,1.7113115,1.562,9840.0,10.5098,1522.7,1740.0,6845.2,4.33,1.23369,11.8744,293.480154,34.573742,FP
2910,2.9817237,2.919,4970.0,15.4413,2338.63,1937.0,7717.5,4.33,2.14,12.5001,301.224694,25.009637,PC
2911,1.5039495,1.857,25120.0,17.3816,1141.17,1619.0,5623.0,4.54,0.95,12.8953,295.556776,32.614099,PC
2912,3.0415724,3.602,6090.0,10.3727,1021.58,1185.0,5814.1,4.33,1.3,12.1831,284.513463,28.93787,PC
2913,2.501531,1.887,2980.0,20.1829,2388.65,1947.0,5823.0,4.06,1.58,11.2292,288.973752,30.609158,PC
2914,3.3687307,2.645,13270.0,13.6378,403.813,1248.0,5727.0,4.3,1.18,13.4486,278.705159,44.758806,PC
2915,2.9661661,2.068,19190.0,16.476,263.25,1122.0,5436.0,4.33,1.17,13.3015,288.773993,30.785472,PC
2916,3.500869,3.84,6230.0,13.3258,913.394,1531.0,5870.0,4.01,1.69,12.0676,308.077998,21.34507,PC
2917,11.6235,2.783,44708.7,20.7208,31.7369,661.0,5518.0,4.34,0.89,11.014,342.067547,-24.838685,APC
2918,3.0086349,3.034,8530.0,13.7329,831.069,1495.0,5984.0,4.15,1.46,13.3539,284.083969,38.584869,PC
2919,3.0002348,0.496,8920.0,10.5098,39.1931,697.0,5757.3,4.33,1.23369,12.561,316.939742,31.780951,PC
2920,3.3412415,1.938,12360.0,10.2542,161.632,993.0,5285.0,4.48,0.9,12.9096,301.079595,34.398801,PC
2921,2.304583,3.457,10800.0,16.9661,2500.98,1970.0,6562.0,4.18,1.58,12.1042,304.283458,42.906534,PC
2922,3.3418892,2.084,24860.0,13.4003,123.578,928.0,4874.0,4.53,0.8,13.4979,301.078777,34.398008,FP
2923,0.8912218,1.846,9160.0,15.1782,4445.59,2274.0,6245.0,4.12,1.59,12.8424,320.427977,37.822833,FP
2924,1.5380702,2.226,8770.0,18.9812,1996.94,1862.0,6125.0,3.87,2.06,13.3403,301.520846,34.315352,FP
2925,1.7548326,2.2229445,7897.2045133,32.3653535,7318.310313,2358.9702004,5889.0,3.71,2.4012699,12.5298,300.263522,40.577175,PC
2926,1.9742108,2.0786197,20522.5367177,10.5098,1053.1688468,1452.9285261,3633.7,4.33,1.23369,13.134,311.862231,37.117833,FP
2927,2.5850398,2.39,12980.0,14.2221,568.458,1360.0,5770.0,4.33,1.2,12.8771,328.059766,27.60727,PC
2928,1.2979434,2.4251926,10596.0695937,39.1529228,1915.9121901,1687.3829237,4965.0,4.33,2.63993,13.4735,24.272371,-46.945342,PC
2929,1.3570332,1.161,2150.0,10.5098,13694.3,3013.0,12679.0,4.33,1.23369,11.4204,309.083635,38.916455,APC
2930,3.8100723,4.3071946,12993.8158441,18.5489108,1563.2277961,1603.7080779,6674.0,4.19,1.58842,10.711,321.377492,55.722936,APC
2931,2.4555295,2.3270987,10955.2204306,10.5098,787.3403273,1351.0156307,4908.5,4.33,1.23369,12.5112,302.324919,39.120541,PC
2932,4.3167817,2.75,8360.0,10.5098,192.446,1037.0,5276.4,4.33,1.23369,11.9114,308.562722,35.395056,PC
2933,3.2346923,3.6298092,10190.5699792,13.5950468,843.7118738,1374.5745218,5613.0,4.2,1.3147399,12.6877,296.837248,48.239969,KP
2934,1.9115371,2.647,11380.0,10.5098,365.719,1185.0,5801.0,4.33,1.23369,13.4268,315.638041,41.923195,PC
2935,1.8532983,1.197,10790.0,10.5098,480.295,1304.0,6292.8,4.33,1.23369,12.5299,296.414319,51.161973,FP
2936,5.6133922,1.424,15850.0,15.2695,91.3894,861.0,5848.0,4.41,1.07,12.6275,302.284347,49.154874,FP
2937,7.3105415,3.1,8940.0,15.0553,216.462,1068.0,6353.0,4.14,1.58,13.0197,295.328172,48.162655,PC
2938,6.0978165,3.402,15220.0,14.2859,283.742,1143.0,6255.0,4.44,1.11,13.1383,302.078689,48.198605,PC
2939,3.0002084,1.7,8545.0,25.2021,777.419,1471.0,5767.0,4.15,1.41,11.3534,24.047859,-42.303706,APC
2940,3.1198404,1.7646723,8016.8009531,12.1758,728.1777183,1324.8877848,6011.2,4.33,1.13476,10.9541,328.911371,28.1795,CP
2941,2.5313956,3.128,9640.0,23.2858,3659.88,2166.0,5854.0,4.36,1.13,13.3888,310.121327,25.336895,FP
2942,4.2021893,2.742,9310.0,14.1363,523.564,1332.0,6702.0,4.29,1.42,11.7211,307.376941,36.970694,APC
2943,6.481666,3.35,12000.0,22.7901,1063.58,1185.0,7849.0,4.33,1.99,11.9344,305.141062,42.89367,PC
2944,2.2020405,1.675,11000.0,10.5098,317.569,1176.0,5276.4,4.33,1.23369,12.5531,323.205605,26.846137,PC
2945,3.1870439,3.350315,16004.9848272,21.2607114,2037.8045133,1713.6036538,6578.0,4.14,1.64157,11.5954,301.314408,37.349804,PC
2946,5.2019364,2.994,5830.0,9.64178,312.039,1170.0,6111.0,4.29,1.27,12.1833,305.517342,41.255055,PC
2947,4.1632657,1.874,16500.0,17.3522,85.347,846.0,5145.0,4.12,1.34,13.3673,304.765094,39.595575,PC
2948,0.3093954,0.442,7680.0,15.7244,1703.73,1789.0,4769.0,4.59,0.73,13.0744,294.557985,47.783127,FP
2949,1.8639309,3.297,3640.0,14.7339,19428.3,3289.0,6527.4,4.18,1.57,12.5769,299.872379,45.499591,PC
2950,1.0373367,0.8441183,1129.0902246,4.6048142,4759.4874894,2118.4089225,6049.0,4.25,1.3164999,10.9767,17.888208,-36.709119,PC
2951,1.1239202,0.824,1100.0,8.30438,1555.17,1749.0,7786.1,4.08,2.06,10.813,325.383163,29.91356,PC
2952,3.1940809,3.706,3380.0,12.9018,1528.03,1741.0,6417.0,3.85,2.24,11.6084,314.510904,25.540404,PC
2953,0.9277787,0.997,3020.0,13.2413,1195.25,1638.0,6123.0,3.74,2.42,12.2196,314.545327,25.898469,PC
2954,1.9410635,1.771526,4846.7705905,11.8231228,2216.7805559,1750.0498731,6497.2,4.33,1.46336,11.0414,325.603811,29.869375,PC
2955,1.6127665,1.717,9630.0,10.5098,1829.12,1821.0,5359.2,4.33,1.23369,13.3219,321.482979,34.424583,PC
2956,5.271813,4.104,20390.0,10.3325,435.707,1272.0,5947.6,4.33,0.73,13.2883,302.24715,56.508168,PC
2957,4.118418,2.232,13140.0,17.7065,320.761,1178.0,6374.0,4.19,1.5,12.7054,312.536937,29.983516,APC
2958,0.476873,1.135,1930.0,16.2032,5402.97,2388.0,5877.0,4.33,3.57,11.857,294.487932,46.002151,FP
2959,2.5650361,2.273,9190.0,13.0681,717.151,1441.0,5866.0,4.21,1.34,13.2016,314.577184,36.440693,PC
2960,2.5402287,2.3204775,8272.7904433,16.3917196,7355.9058604,1939.0,9339.0,4.41,1.5968,11.5948,296.381383,39.959925,PC
2961,5.7694373,3.9249606,4655.9610935,11.9640451,542.4861018,1230.8833686,5499.0,4.01,1.5989701,13.0524,6.070055,-37.222035,PC
2962,1.9804293,2.802,1830.0,10.1264,15472.4,3107.0,6381.0,4.32,1.29,10.7978,296.063483,40.30857,PC
2963,4.1273472,2.74,18840.0,20.1447,1041.76,1582.0,7795.0,4.39,1.44,12.8903,299.809982,38.393653,FP
2964,1.3298469,3.007,2190.0,6.98364,32313.0,3735.0,5791.1,4.69,0.81,11.9635,306.256232,46.923098,FP
2965,17.8552322,7.525823,8831.6711744,14.5976753,183.2136427,938.3377787,6779.2,4.25,1.49114,10.931,297.45374,41.011019,KP
2966,4.0875563,4.550493,15662.5623222,19.9932642,1655.4640288,1626.8581476,6454.0,4.26,1.55158,12.2617,305.940369,46.103142,PC
2967,4.3170598,2.879,10240.0,12.9424,361.994,1215.0,6017.0,4.29,1.25,11.9683,308.561885,35.395204,FP
2968,1.764534,2.187,27120.0,23.84,3379.0,2124.0,6479.0,4.4,1.2,13.33,297.295912,38.857228,FP
2969,1.9990323,1.19,12390.0,12.7486,241.443,1098.0,5675.0,4.38,1.07,12.8649,318.104487,29.844788,PC
2970,4.4178042,2.5881434,6790.1682056,6.4020317,130.1481354,861.4483375,4864.0,4.55,0.785799,12.0729,322.602368,34.739581,PC
2971,4.5956692,3.424,11760.0,14.2314,485.021,1185.0,6157.0,4.33,1.3,11.0161,307.013306,26.401654,PC
2972,0.9399664,1.122492,587.9364245,6.6149456,22464.7891996,3122.4488768,6300.3,3.72,2.5465,10.3987,32.321881,-48.48474,FP
2973,2.1083693,2.974,9250.0,13.1161,17992.5,3226.0,10984.0,4.64,1.35,13.1749,305.46164,34.126027,PC
2974,3.007925,3.032,7760.0,15.3022,1401.91,1704.0,7457.0,4.14,1.68,11.5752,328.455439,47.392259,PC
2975,2.7568649,2.312,18380.0,10.5098,365.719,1185.0,5801.0,4.33,1.23369,13.0852,314.895323,52.396406,FP
2976,9.8170028,3.341,6510.0,12.7271,196.707,1043.0,5994.3,4.13,1.49,11.438,336.998619,38.28595,PC
2977,3.6691817,2.112,9890.0,10.5098,104.96,891.0,4675.9,4.33,1.23369,13.2036,326.599217,41.681578,PC
2978,8.084554,1.991,6180.0,14.1848,159.573,990.0,5739.0,4.33,1.15,12.1357,326.473232,36.247629,PC
2979,4.6387689,3.569,11400.0,13.0535,340.838,1153.9361568,5543.7,4.27,1.2,12.9084,300.917036,52.080676,PC
2980,5.2667367,2.788,2910.0,8.71675,248.814,1106.0,5938.0,4.06,1.6,11.3209,327.095917,48.334399,PC
2981,1.3176767,1.692,530.0,4.16809,3463.78,2137.0,7176.0,4.16,1.73,10.9683,317.124796,49.112843,FP
2982,3.310636,3.9,590.0,10.5098,126.954,935.0,3245.0,4.33,1.23369,10.9511,322.029218,56.823139,FP
2983,9.1040867,1.8450608,15909.093449,17.6003854,164.9385857,914.0086717,5467.0,4.26,1.20905,12.8895,3.061189,-47.355422,PC
2984,3.121339,4.331,26300.0,9.21314,235.634,1091.0,3858.0,4.69,0.56,13.2966,330.271302,38.530284,FP
2985,3.0373017,4.664,6290.0,10.5098,3202.79,2095.0,4903.0,4.33,1.23369,12.9875,303.369006,53.276849,FP
2986,4.4168832,3.659,11250.0,14.9431,495.827,1314.0,5847.0,4.16,1.42,12.7937,307.292565,50.076925,PC
2987,5.2462501,5.702662,8285.7164803,10.5098,286.1260306,1048.9603973,3882.0,4.33,1.23369,12.066,315.8822,48.687895,PC
2988,2.7567478,2.167,9790.0,10.5098,365.719,1185.0,5801.0,4.33,1.23369,12.4109,314.895418,52.396108,PC
2989,3.5410781,2.062,3020.0,4.63661,112.33,906.0,4652.0,4.48,0.82,11.2287,326.807138,34.646627,PC
2990,11.3201226,3.276,31070.0,12.7584,28.0204,640.0,4971.0,4.61,0.74,12.3944,310.219074,50.922722,PC
2991,4.1584817,3.796,7650.0,16.4644,1630.09,1185.0,7486.0,4.33,1.87,11.5199,316.834683,49.431813,PC
2992,3.7037478,4.403,4210.0,14.1169,2328.97,1935.0,6688.0,3.91,2.2,12.3142,308.308351,50.926837,PC
2993,3.0827487,3.763,14750.0,20.1593,2957.04,2054.0,7658.5,4.28,1.61,11.528,326.392082,39.495055,PC
2994,16.45209,6.461,3320.0,8.62362,365.719,1185.0,5573.0,3.89,1.85,12.3409,11.673176,-42.361791,PC
2995,4.4064273,1.422,5280.0,14.7596,155.508,983.0,6592.0,4.04,1.86,12.3705,329.279291,31.452973,APC
2996,8.4843917,4.224,5630.0,13.159,396.459,1243.0,5859.7,4.03,1.65,12.8224,325.190963,43.529775,PC
2997,5.5280331,5.153,1850.0,9.24388,811.914,1487.0,5801.0,4.33,2.11,12.231,332.122967,33.349296,PC
2998,3.8212977,2.4584304,13607.9927553,11.6869491,330.730008,1087.6474599,5342.0,4.41,0.992137,11.488,331.506364,34.211658,PC
2999,9.3236885,2.0,12730.0,13.41,26.3577,631.0,5505.0,4.3,1.15,13.2319,331.162387,32.537015,PC
3000,1.805376,2.0790249,21680.3724998,12.0157766,535.3422852,1226.8109303,5090.0,4.54,0.820538,12.8416,4.859275,44.027596,KP
3001,4.9056578,3.172,9475.0,9.37482,357.504,1211.0,5989.7,4.47,1.01,12.8277,356.128305,36.361717,PC
3002,4.0088245,2.7370959,21483.7462243,11.5444262,165.190061,914.3568608,5007.0,4.56,0.795696,11.9475,9.516583,34.711402,KP
3003,3.7026941,1.884,13130.0,20.0,540.162,1343.0,6282.0,4.17,1.5,12.9723,306.049504,59.27843,PC
3004,3.2523102,2.711,11410.0,9.6972,382.391,1231.0,5396.4,4.5,0.9,13.2597,4.094988,38.298531,PC
3005,8.0635,3.396,5180.0,24.3071,621.088,1390.0,5657.0,3.97,1.71,12.2524,347.08487,-29.590446,FP
3006,5.016641,3.203,10347.0,17.7733,489.828,1310.0,6616.0,4.05,1.83,12.9025,316.383909,56.504367,PC
3007,4.0517972,2.84,6256.0,11.2646,506.135,1321.0,6284.0,4.2,1.45,12.4226,8.701208,45.387414,PC
3008,2.3874139,2.7458095,13334.7552255,15.2324771,1799.1601804,1661.0672177,6566.0,4.36,1.27379,11.7506,325.972143,54.574269,PC
3009,1.2678043,0.893,8549.0,8.74635,328.939,1186.0,5303.0,4.49,0.9,13.2666,13.719844,24.724075,PC
3010,1.0666697,1.6412312,18768.2725806,10.5098,2393.2205388,1783.8791517,4893.1,4.33,1.23369,11.7344,333.501055,56.918981,PC
3011,3.6554335,3.699,9680.0,15.7486,1005.1,1568.0,6321.0,4.15,1.56,11.789,332.715604,54.481231,PC
3012,9.312167,4.867,15226.0,10.5098,118.249,918.0,3979.0,4.33,1.23369,12.6864,321.24506,57.666632,PC
3013,3.5884855,2.481,6810.0,10.5098,365.719,1185.0,5801.0,4.33,1.23369,13.1142,310.704952,58.514945,PC
3014,2.6816329,2.695,3100.0,13.2689,1859.62,1829.0,7047.0,3.89,2.34,13.1802,312.456261,56.896568,FP
3015,6.3854622,3.682,6720.0,9.57629,213.106,1064.0,5519.0,4.29,1.17,12.796,312.382517,59.710013,PC
3016,1.5351652,0.9492628,2977.6306495,6.8350786,277.5151143,1040.9776611,4215.0,4.59,0.744573,11.9699,353.903687,-44.808809,APC
3017,1.7384809,2.6777485,3882.8974217,12.9358521,3182.4341084,1915.6210676,5540.0,3.95,1.72093,12.3512,298.705925,58.301643,FP
3018,3.0789699,3.709,9695.0,15.4449,1319.62,1679.0,6153.0,4.08,1.64,12.9106,344.964568,50.681902,PC
3019,1.4822451,1.595,21920.0,14.0641,442.993,1278.0,5115.0,4.45,0.91,12.883,305.221945,59.448903,KP
3020,3.1493729,2.708,18830.0,13.6409,465.25,1293.0,5766.0,4.49,0.96,13.1431,303.361066,58.799138,PC
3021,2.9708603,3.122,4020.0,10.5098,365.719,1185.0,5801.0,4.33,1.23369,11.171,303.777678,59.676573,FA
3022,3.1315583,3.737,5140.0,11.2819,1058.47,1589.0,5684.0,3.99,1.69,12.7295,349.417344,44.648308,PC
3023,2.4188647,2.5,5441.0,20.8975,2177.78,1903.0,7316.0,3.73,2.9,12.0526,346.752412,47.044576,PC
3024,3.2337884,2.102,9188.0,15.3732,366.758,1219.0,6065.0,4.06,1.64,12.6627,346.125597,45.324754,PC
3025,3.4898546,1.567,14004.0,14.1029,169.429,1005.0,6083.0,4.34,1.2,12.7362,340.514856,52.343679,PC
3026,3.1984621,3.8425146,11685.5351542,19.8935543,1852.937629,1673.3429172,6133.0,4.04,1.7076499,13.1611,338.755425,54.07911,PC
3027,7.11686,2.09,4550.0,7.04524,68.1786,800.0,5692.0,4.41,1.03,12.5633,353.23837,-28.319813,PC
3028,4.8893985,2.848,6907.0,12.8723,227.422,1081.0,5639.0,4.02,1.62,12.8069,20.799194,33.24341,PC
3029,5.6902814,2.344,21290.0,12.9495,121.736,925.0,5400.1,4.33,0.86,12.0,11.88786,21.938552,FP
3030,3.2131823,3.325,13772.0,13.6367,734.312,1450.0,5688.6,4.22,1.3,13.2595,14.164419,39.891611,PC
3031,5.7456862,3.339,9441.0,10.8845,258.608,1117.0,5867.3,4.31,1.19,13.1948,16.179358,40.614962,PC
3032,7.6460931,3.508,3132.0,8.25522,206.451,1056.0,6065.0,4.15,1.49,11.8728,15.193796,15.166164,PC
3033,2.9708659,3.4295536,11761.9984291,14.8135617,1181.3395539,1495.2487083,6122.0,4.27,1.30269,12.373,303.777268,59.67691,PC
3034,19.8875338,1.34,3020.0,13.605,17.0243,565.0,5856.2,4.07,1.57,10.8154,18.55398,19.470441,FP
3035,2.6342729,3.998,3190.0,10.5098,365.719,1185.0,5801.0,4.33,1.23369,12.2546,314.040517,57.708367,FP
3036,3.4945148,2.555,8254.0,11.03,362.88,1215.0,5699.0,4.29,1.2,11.6203,12.866044,47.662806,PC
3037,3.9365629,2.19,15461.0,8.09927,41.2897,706.0,3689.0,4.64,0.61,12.7882,359.793385,39.314256,CP
3038,8.22388,1.834,16190.0,12.4698,24.2523,618.0,5177.0,4.39,0.99,12.9465,20.547265,-44.862146,APC
3039,1.9618085,2.749,13740.0,12.8959,1611.53,1765.0,6026.0,4.41,1.1,13.0942,21.871101,38.968114,KP
3040,2.6340964,3.477,2250.0,4.1106,1091.48,1601.0,5163.2,4.33,0.83,11.963,314.040512,57.708379,FP
3041,3.2403602,3.216,9687.0,12.8678,1165.99,1627.0,6605.4,4.31,1.36,12.1665,17.093448,37.700652,PC
3042,2.5266409,1.502,2690.0,18.3972,761.094,1463.0,7233.0,3.54,3.6,12.2391,313.317214,58.094593,PC
3043,5.0859432,2.57,7091.0,13.8966,756.586,1185.0,6360.4,4.33,1.48,11.224,12.569587,27.568806,FP
3044,1.8048106,4.3641932,4555.9682539,14.8028768,5932.9885061,2238.402212,5972.0,3.81,2.1619599,12.7382,349.3018,44.612336,PC
3045,4.2186625,3.2580998,18527.6525232,13.6976778,311.7091966,1071.6603274,5425.9,4.41,1.0068901,12.7628,21.065125,32.8107,KP
3046,3.7330471,5.863,22330.0,10.5098,1403.06,1705.0,5579.5,4.33,1.23369,12.9487,329.231607,53.826531,PC
3047,4.9258489,1.355,12870.0,14.4729,55.9229,761.0,5263.0,4.27,1.15,12.5931,23.442763,17.826631,PC
3048,5.7208592,3.034,15720.0,14.6233,193.036,1038.0,5856.0,4.36,1.13,13.201,327.74025,58.840391,PC
3049,0.4941631,0.916,536.0,3.325,3757.98,1185.0,6219.7,4.33,1.33,10.4913,342.25617,-24.959295,PC
3050,1.220751,2.3558733,3198.5378332,31.8093301,63708.1090241,4051.9905909,8273.0,3.66,3.4891601,12.1395,54.53824,40.475552,PC
3051,5.735865,5.0486067,13404.0081998,10.5098,254.0333855,1018.221935,5668.6,4.33,1.23369,13.3405,49.858978,44.746406,PC
3052,4.084447,1.829,20681.0,14.1047,101.257,883.0,5458.0,4.45,0.96,12.5822,45.148251,39.93511,PC
3053,1.5492212,2.287,1420.0,6.80431,8634.8,2685.0,8364.0,4.25,1.78,10.9469,23.992574,54.716441,FP
3054,1.831733,2.006,2188.0,12.5113,2527.3,1975.0,7308.0,3.79,2.7,12.1497,29.742342,56.85776,PC
3055,2.959842,2.53,11248.0,12.6502,436.937,1273.0,5585.0,4.33,1.13,12.851,33.088189,36.332272,PC
3056,2.1795448,2.523,24110.0,21.4131,875.049,1515.0,5840.0,4.15,1.42,13.3858,14.672609,57.590065,PC
3057,3.1116107,2.729,2590.0,10.5098,365.719,1185.0,5801.0,4.33,1.23369,12.3524,44.794835,37.635422,PC
3058,2.923461,3.379,5092.0,15.738,1209.83,1643.0,5858.5,3.7,2.4,13.0449,40.715235,39.578934,PC
3059,3.2637419,1.977,8150.0,13.3617,328.681,1186.0,6016.1,4.18,1.42,13.137,40.216356,36.107789,PC
3060,12.11028,3.335,35060.0,34.1747,89.3226,856.0,5808.0,4.23,1.29,13.2642,10.922368,-38.043213,APC
3061,1.7556768,2.071,12260.0,13.529,888.169,1520.0,5670.5,4.33,1.19,13.321,39.548888,39.278651,PC
3062,1.5244603,1.665,1648.0,14.6878,13258.6,2356.9493582,6714.1,4.06,1.85,11.4822,34.562558,44.087989,PC
3063,3.4796904,3.691,3796.0,16.6632,1684.37,1784.0,6841.0,3.66,2.97,11.7419,46.770809,49.010302,PC
3064,4.6017262,1.471,14162.0,13.5575,87.4587,851.0,5981.0,4.38,1.12,13.0006,27.528548,49.104842,PC
3065,2.277182,1.675,5220.0,8.26117,394.584,1241.0,5622.0,4.34,1.12,12.7096,39.357061,42.971222,PC
3066,3.3325651,2.146,12600.0,24.4764,1100.44,1185.0,6229.9,4.33,1.5,12.1904,59.643577,30.866365,APC
3067,5.5124031,2.8634077,9256.6456412,11.5826079,325.2448727,1083.109498,5587.5,4.29,1.17529,13.1951,40.856559,32.557986,PC
3068,4.0895886,2.847458,31151.8082676,10.5098,525.2077248,1220.9630634,6191.8,4.33,1.23369,12.328,30.003263,38.529964,PC
3069,3.1000076,5.7169568,17331.0936024,10.5098,577.0396734,1250.0321068,8951.0,4.33,1.23369,12.6532,26.29741,54.559653,FP
3070,2.3882776,3.102,12572.0,18.5453,2401.38,1950.0,5097.0,4.5,0.87,13.4977,31.750309,55.178785,FP
3071,1.7025848,1.848351,7466.6719822,11.8582247,1762.6925977,1652.5853359,5504.0,4.21,1.27966,13.5477,9.692072,-34.214907,PC
3072,3.9497635,1.9011439,8478.1708441,18.2571108,1096.7458697,1467.7302713,6373.0,4.22,1.44338,12.8235,29.513926,41.220248,PC
3073,2.6415712,4.0544578,12448.6660211,10.5098,714.2873204,1318.5238345,5801.0,4.33,1.23369,12.8309,21.792202,58.96064,PC
3074,9.9908116,3.566,4620.0,13.9288,335.88,1185.0,7934.0,4.33,2.02,10.7043,54.405622,46.84287,PC
3075,3.5639862,2.135,2126.0,10.1033,737.328,1451.0,6940.9,3.85,2.41,11.5917,21.177329,51.671855,FP
3076,3.2975093,2.511,13404.0,12.8987,349.544,1204.0,5556.0,4.29,1.18,12.91,35.308494,59.711857,PC
3077,0.8746494,1.576,1910.0,3.71319,1522.95,1740.0,4977.4,4.54,0.81,12.4829,54.214981,44.769846,PC
3078,4.4085194,3.3016793,8977.0354304,12.4986982,648.882601,1287.2452024,5961.2,4.25,1.2983299,11.4453,44.470988,30.625597,KP
3079,5.4439776,2.9570233,9179.0608475,16.8830792,518.5661197,1217.0846478,5717.0,4.14,1.41985,13.0772,33.811901,33.229276,PC
3080,0.7415247,1.196,2342.0,13.5277,2304.37,1930.0,5921.0,3.6,2.73,11.2959,48.218476,35.093455,PC
3081,1.2126653,1.356,5132.0,10.8168,1112.72,1609.0,5958.7,4.33,1.51,13.4357,31.602366,33.856295,PC
3082,4.7150255,3.302,4566.0,17.6148,1853.5,1827.0,5756.9,3.9,1.2,9.74346,349.606266,-19.823843,FP
3083,2.1947767,2.1045072,7174.209618,13.7928815,899.1857327,1396.6323632,5601.5,4.39,1.05234,12.8464,18.669659,57.077693,PC
3084,1.7267432,1.6496023,14606.7055133,20.196268,2687.8131606,1836.4094485,5972.0,4.18,1.41289,12.9892,12.407578,56.001551,PC
3085,2.4254068,3.323,1910.0,11.0715,7043.91,2552.0,8290.0,3.95,2.51,11.2351,41.904242,61.306342,FP
3086,2.238867,3.0399336,19240.3563594,18.0465204,1332.2553333,1540.872188,5615.0,4.21,1.29179,13.2514,8.722569,54.743514,PC
3087,4.4619426,3.232,10390.0,13.0569,399.27,1245.0,5854.0,4.2,1.36,13.128,23.877131,50.987801,PC
3088,5.95776,4.6499314,11752.8544254,12.1393329,218.5806799,980.6695548,5219.0,4.29,1.12249,13.4326,45.204618,27.31965,PC
3089,1.9337594,1.9036639,9735.8420071,10.5098,1082.6450754,1462.9897243,4828.4,4.33,1.23369,13.3318,41.946141,49.410435,PC
3090,3.6923071,1.139,14130.0,14.2002,375.352,1226.0,8469.0,4.68,1.1,11.9814,35.837872,60.889963,APC
3091,4.8542148,5.588206,7842.3157995,18.9133256,2370.8794126,1779.7012929,7259.3,4.03,2.0394399,10.5873,44.233304,28.771475,PC
3092,5.9666253,2.8305767,18390.116218,12.07167,153.0427119,897.0629349,5418.0,4.51,0.888434,12.8397,36.126714,35.528321,PC
3093,1.38665,2.238,24680.0,15.5656,1237.91,1652.0,5444.0,4.48,0.93,11.4996,354.170634,-34.611893,FP
3094,1.7054246,1.021,3781.0,14.1638,437.196,1273.0,6304.0,3.83,2.24,11.3584,9.644817,54.567547,APC
3095,4.6401269,3.0320144,9954.9098835,10.2407443,243.0337156,1007.016024,5191.0,4.37,1.00936,11.7524,35.383494,32.246044,KP
3096,3.3462671,3.625,4070.0,12.1727,711.319,1438.0,5501.0,3.86,1.91,11.3186,50.275227,25.297266,PC
3097,1.3697115,1.951,3867.0,20.6045,18782.0,3261.0,7321.3,3.99,2.15,11.4374,40.958303,54.780398,PC
3098,3.105654,1.999,12400.0,17.6225,643.523,1403.0,6241.0,4.2,1.44,13.3483,49.792323,27.263332,FP
3099,4.9772766,3.1465256,11274.7126433,12.953191,437.5892633,1166.5044878,5785.0,4.29,1.20772,13.2757,15.754328,57.879011,PC
3100,5.0778064,3.6413963,14469.3182017,14.9343184,340.2177584,1095.3653389,5262.0,4.2,1.24347,11.2381,36.900563,59.952721,PC
3101,4.4543921,6.186,18251.0,10.5098,1324.64,1680.0,5854.0,4.33,1.23369,13.3901,34.018303,53.108335,PC
3102,3.246208,3.4201513,9405.9910446,13.2996429,1107.8472213,1471.4303775,6088.0,4.24,1.34548,11.8433,39.282337,54.851215,CP
3103,2.4145007,2.272,7472.5714594,15.7019,1150.77,1622.0,6391.0,4.1,1.67,13.1033,30.367906,48.636524,PC
3104,5.4640119,2.928,3785.0,10.5098,365.719,1185.0,5801.0,4.33,1.23369,9.1692,351.229397,-38.160792,PC
3105,10.0755592,1.066,5820.0,8.169,4.4805,405.0,4798.6,4.36,0.97,11.9017,19.670217,52.699436,PC
3106,3.3405566,3.5226837,10247.225936,13.5165663,1267.2056889,1521.7087156,6702.0,4.36,1.30285,12.6772,18.773067,53.117687,PC
3107,3.3207157,5.8349337,16931.9264315,10.5098,526.4782391,1221.7007933,5218.2,4.33,1.23369,13.3538,16.813747,53.671781,PC
3108,9.0881638,3.402,24660.0,12.8974,57.0645,765.0,5211.0,4.58,0.8,11.419,15.654394,51.303892,CP
3109,2.5400911,1.668,4260.0,5.00683,102.529,886.0,4245.0,4.49,0.77,12.6639,23.432187,59.425604,PC
3110,0.6048925,1.736647,6955.1162108,24.219553,23745.9171202,3166.0442939,6231.0,3.93,1.9734499,13.3968,38.259928,45.285806,APC
3111,4.4231558,4.4310452,5455.6241725,14.0981617,1421.6916309,1566.105812,6120.1,3.96,1.86446,12.4838,36.719078,45.037963,PC
3112,9.9440162,2.708252,14775.4980298,25.5043082,166.4979798,916.1614036,5252.0,4.12,1.36528,11.7635,23.042846,54.276292,APC
3113,2.3467263,4.2923576,6652.2691917,15.2126883,3021.6682115,1890.956087,6121.8,4.0,1.78044,12.488,87.883981,36.7873,PC
3114,3.0423931,2.7491505,10703.7246212,18.1780385,2668.9183266,1833.1734999,7046.0,4.19,1.65768,12.7775,60.937413,50.236205,PC
3115,4.0463709,3.0383534,27706.6329031,18.1541478,446.0901861,1172.1290154,5805.0,4.41,1.05486,13.5134,8.659679,-32.166578,PC
3116,4.4184666,3.1660974,11933.8817966,12.4431789,526.2830613,1221.5875493,6166.0,4.41,1.11999,12.8166,82.250858,68.481405,PC
3117,4.2605739,2.5821706,20069.2666289,15.3220568,359.3500241,1110.4504109,5457.0,4.35,1.0759,13.4313,60.362935,49.265249,PC
3118,2.2842184,1.07,8675.0,10.5098,108.395,898.0,4930.6,4.33,1.23369,12.4434,49.102399,58.287744,PC
3119,3.8895137,4.2565839,6698.2035913,19.3333468,2845.7422062,1862.8103332,6530.0,3.87,2.2370601,12.3653,76.092396,44.334107,PC
3120,1.3944879,1.8149062,12737.547033,18.0998636,1298.1724908,1530.9212454,5483.9,4.45,0.965059,13.3088,72.247199,44.419431,PC
3121,1.9023387,1.7524491,11944.9450808,12.3923862,959.1421886,1419.3532551,5464.2,4.4,1.02592,12.3824,75.480167,50.131178,KP
3122,4.3701795,3.7808822,15001.3632154,15.4523265,772.6493902,1344.6689175,6647.1,4.4,1.23067,13.4223,76.825224,59.729551,PC
3123,4.9107194,4.445,8240.0,14.9335,838.921,1499.0,6302.0,4.09,1.66,13.2097,75.952392,31.657874,PC
3124,7.27299,4.323,13820.0,13.3662,178.298,1018.0,5400.0,4.3,1.13,11.9786,46.155455,59.356926,PC
3125,3.2509846,2.2931885,10852.369209,10.5098,365.719,1185.0,5801.0,4.33,1.23369,13.3033,67.795335,59.159564,PC
3126,3.4813814,2.2906804,5175.9836967,6.5778157,322.4829107,1080.8027122,5389.0,4.49,0.910221,12.6635,8.923918,-50.316967,PC
3127,2.4802272,3.51,8420.0,15.7506,2003.04,1863.0,6267.0,4.06,1.72,13.3727,90.808637,41.649461,PC
3128,3.0108217,1.723,8840.0,18.2459,273.596,1133.0,5983.0,3.93,1.89,13.3125,77.163736,66.52611,PC
3129,1.5224706,1.3423331,8545.4542713,7.53174,633.3271919,1279.4602071,4654.3,4.33,0.8,13.4418,89.243696,36.358115,PC
3130,10.4401778,2.783,14120.0,11.2253,27.7794,639.0,4571.1,4.4,0.89,12.5021,67.998759,32.869383,PC
3131,2.1547472,1.6582238,49552.1823437,11.6102486,53.5321999,689.8799484,3538.0,4.73,0.50843,13.1751,69.552342,39.458003,CP
3132,2.4713543,2.3649813,8215.1143339,21.0203111,1837.1071466,1669.7573784,6351.8,4.33,2.0498199,12.9238,88.890851,39.126519,PC
3133,6.0985856,6.711,29180.0,10.5098,486.603,1308.0,4740.0,4.33,1.23369,12.3186,68.005803,36.012476,PC
3134,10.1182835,2.645,3120.0,10.4862,147.401,970.0,7253.0,4.13,1.82,11.5813,69.965956,46.669445,APC
3135,4.230596,4.263,3770.0,12.1709,1263.61,1661.0,6455.1,3.94,2.02,12.1578,65.713648,41.125315,PC
3136,1.2222265,1.5952613,7777.4504416,13.3612412,6057.9111479,2250.09303,6629.1,4.24,1.47816,12.8297,63.286661,54.572095,PC
3137,1.1202752,2.095,17470.0,17.524,4430.07,1185.0,5769.7,4.42,0.99,12.0312,359.759069,-15.612021,APC
3138,4.7378265,1.7442136,3331.699976,20.9386989,3058.6451322,1896.714755,6533.0,3.72,2.6408801,11.4343,60.696633,39.041323,PC
3139,3.5414837,3.1023072,8293.7013894,9.9539729,401.1603262,1141.4298966,5151.0,4.3,1.09532,12.6975,80.611594,40.425991,PC
3140,1.0788649,1.9801943,32197.0916181,18.4561494,2357.2189752,1777.1321825,4920.0,4.33,1.31,13.186,50.324844,63.732522,PC
3141,3.9442027,3.269,13590.0,14.6517,741.79,1453.0,6518.1,4.39,1.22,13.3025,82.215093,30.227473,PC
3142,4.0802864,6.092,8780.0,13.5121,549.591,1348.0,6523.0,4.28,1.39,11.7012,80.425878,36.274635,PC
3143,4.727392,3.6170867,10393.2012701,19.3205438,454.2960871,1177.4826013,5947.0,4.36,1.1428699,13.135,84.789937,60.424358,FP
3144,4.841688,2.6872717,26366.6015844,17.8590054,366.4480029,1115.8937351,5925.1,4.43,1.04742,13.0789,77.298277,38.228572,PC
3145,13.3988634,4.3926223,6620.0882527,12.8019377,230.6263738,993.9098444,6475.0,4.23,1.46637,11.6439,84.479701,64.545457,PC
3146,6.5019596,3.078,7130.0,10.5098,9344.79,2739.0,13253.0,4.33,1.23369,11.1843,85.151086,34.796663,FP
3147,8.1744382,2.6721445,22628.9295034,10.5098,158.3964604,904.8073455,5051.3,4.33,1.23369,12.9676,86.594255,59.521666,PC
3148,1.632,1.466,5500.0,9.24379,806.657,1484.0,5997.0,4.39,1.11,13.2889,355.901919,-11.26957,FP
3149,2.5404529,4.8434159,15551.1793793,10.5098,1605.1782553,1614.3606628,4837.0,4.33,1.23369,13.1507,64.230918,36.924112,PC
3150,5.6619072,2.149,4350.0,10.5138,518.945,1185.0,6294.0,4.33,1.37,11.0131,83.891112,31.164547,APC
3151,2.9594651,3.84,2460.0,17.5182,11520.9,2886.0,6633.2,3.84,2.35,12.4096,84.613821,57.031425,PC
3152,2.126938,3.0013693,7776.0678472,28.758202,6214.0282971,2264.4516711,6361.4,3.83,2.2823701,12.6396,83.140649,57.623092,FP
3153,2.1406954,2.9904331,10249.8539419,10.5098,1027.4352916,1443.9706616,4880.9,4.33,1.23369,13.3835,79.285641,53.723458,PC
3154,3.3526843,3.9579058,11429.0738935,11.1102207,643.2144362,1284.4248381,6245.0,4.51,1.0157599,11.3032,55.590143,58.295332,PC
3155,2.2088722,3.1784031,10148.6256372,18.6398394,4483.0852499,2086.9593933,6876.0,4.1,1.79471,13.3273,79.703512,43.815936,PC
3156,5.5609997,4.204,9170.0,15.2954,424.633,1264.0,5863.0,4.07,1.58,11.4963,72.427173,35.301657,PC
3157,4.3847509,4.6013867,8796.8047327,16.9084053,1666.419625,1629.5430654,6806.6,4.12,1.75577,12.1502,88.985589,34.265809,PC
3158,3.4471559,3.7435577,9497.7556385,16.6194574,1585.810069,1609.4687264,6083.0,4.05,1.67828,13.1072,86.635927,51.242599,PC
3159,5.4820954,4.4375744,8403.0676421,13.3111519,419.3870005,1154.1798573,5719.0,4.23,1.28194,12.9998,358.227453,-41.700468,PC
3160,2.0449361,2.732,29540.0,21.3235,1476.47,1726.0,6247.6,4.33,1.22,12.878,81.57825,47.073781,FA
3161,2.0449545,2.763,36060.0,18.9624,638.907,1400.0,5086.8,4.33,0.97,13.1002,81.578251,47.07378,PC
3162,8.9279009,3.278,49560.0,15.0384,17.5959,570.0,3916.0,4.59,0.67,12.8814,72.799655,50.096898,FP
3163,2.1186344,2.553,4200.0,10.5098,236.176,1092.0,3898.0,4.33,1.23369,12.7508,58.490945,58.748105,PC
3164,3.9010509,4.2743803,3017.5555289,15.3760904,3848.7247292,2008.8567199,6257.0,3.65,2.7449501,12.4084,60.273843,67.507635,PC
3165,1.6883103,2.674,7400.0,7.5805,941.489,1543.0,4830.0,4.42,0.9,13.1464,65.615413,46.536011,PC
3166,1.8012697,3.182,1800.0,3.19942,1024.77,1576.0,4570.0,4.54,0.75,11.7603,78.040149,34.750032,FP
3167,1.5503072,2.3242495,4601.821312,15.625642,12362.172636,2689.3260002,7747.0,4.1,1.98568,12.5715,58.983683,57.834123,PC
3168,2.3753009,1.502194,9683.8865565,14.7510708,1905.0724424,1684.9911465,6087.0,4.18,1.43317,13.2064,51.761032,61.189331,PC
3169,1.8751894,2.798,9200.0,14.0349,1205.51,1641.0,5410.0,4.06,1.5,13.2474,68.539495,32.806951,PC
3170,9.4546447,10.1275918,1360.8544058,12.0307814,161.2910211,908.912963,5001.6,4.33,3.2739301,10.4471,47.149903,-77.383328,PC
3171,12.4844641,2.827,17130.0,8.49489,7.652,463.0,3815.0,4.63,0.63,12.9865,76.423773,67.820318,PC
3172,2.9157041,3.375,12630.0,13.8344,1361.85,1692.0,6400.6,4.39,1.2,12.8826,68.629023,32.476637,PC
3173,2.805877,3.7749211,8021.6430656,10.5098,659.0694497,1292.267865,4879.0,4.33,1.23369,12.8963,46.811835,64.395362,PC
3174,3.6502527,2.506,9000.0,21.323,1462.84,1722.0,6630.3,4.0,1.95,12.4332,62.618611,32.306767,FP
3175,2.5312823,4.428,1320.0,11.7709,9149.72,2724.0,6170.0,3.56,2.98,11.8974,46.934208,62.39968,PC
3176,5.5438145,2.8714862,7422.7893246,9.2798103,238.5102095,1002.2971444,5354.0,4.34,1.07607,12.079,69.747261,66.671209,PC
3177,4.4236732,1.4711492,10682.1531772,12.6262986,457.5894483,1179.6108266,6096.0,4.44,1.06163,11.5552,83.653007,36.939626,APC
3178,3.4391954,1.6681096,32914.4087358,12.4377309,58.4322157,705.1521561,3902.0,4.62,0.637223,13.1858,91.003642,55.019979,CP
3179,3.4177514,3.415,10160.0,15.3577,734.21,1450.0,5868.0,4.1,1.52,12.5489,41.323613,69.106259,PC
3180,1.6882863,2.636,5190.0,10.5098,365.719,1185.0,5801.0,4.33,1.23369,12.816,65.615413,46.536013,FP
3181,2.7509863,1.998979,10686.8965192,12.6685799,587.6484052,1255.7382989,5317.0,4.34,1.0711401,12.4502,354.44576,-42.966387,PC
3182,0.5318566,0.955,15890.0,10.5098,2027.68,1869.0,4852.0,4.33,1.23369,13.0123,87.645924,44.687214,APC
3183,25.8944827,2.136,27610.0,17.6301,2.69966,357.0,4375.0,4.53,0.74,12.8508,48.669955,66.920775,PC
3184,0.6843601,0.762,720.0,6.83269,2045.89,1873.0,6779.0,3.93,2.17,10.6872,70.325641,55.933254,PC
3185,2.0042661,3.2004171,8701.8905063,17.4679856,6165.1811066,2259.9883961,7284.0,4.14,1.8149,12.5159,57.947685,47.149894,PC
3186,6.5718534,2.4724722,8510.3680527,17.2374292,150.7938358,893.7491602,4773.0,4.33,1.89337,12.5944,48.791209,66.597657,PC
3187,3.1479532,3.3502554,10550.5908783,17.745577,2765.4837198,1849.5348804,7298.0,4.23,1.63943,11.7734,57.511805,46.681042,PC
3188,3.5414573,2.83,5930.0,7.74182,333.084,1190.0,5244.0,4.4,0.99,13.1021,70.242045,57.507726,PC
3189,2.391269,4.052327,11609.8516701,22.660386,2834.8466486,1861.0247214,5382.0,3.76,2.0989001,13.4784,69.488129,52.71623,PC
3190,2.1803154,2.6629308,8016.0263872,18.3770154,6330.1622488,2274.9584022,7166.0,4.04,1.9933,12.9859,83.379462,45.081717,PC
3191,10.3380912,3.972,6750.0,14.0125,183.03,1024.0,6650.0,4.12,1.7,10.5375,54.82405,52.824649,PC
3192,1.55028,1.571,23529.8,14.723,1769.75,1806.0,5039.5,4.33,0.87,11.9969,348.039774,-45.017093,FP
3193,0.9183768,1.009,6480.0,7.7093,660.579,1412.0,5176.0,4.47,0.9,13.4706,66.381511,57.806118,PC
3194,3.6238883,2.7213997,11272.1708772,16.017912,1310.8921573,1534.6575873,6717.3,4.3,1.39527,13.1454,82.560259,31.181746,PC
3195,4.1689145,2.1905198,7081.4201521,7.3156426,201.8900648,961.3875339,5119.0,4.49,0.874119,12.6409,86.04348,36.080653,PC
3196,2.9508097,2.1699793,8878.2030994,19.4435142,1793.3967876,1659.7353595,5823.8,3.99,1.70744,12.5517,61.496952,51.724323,PC
3197,1.5970752,1.313,15510.0,10.5098,365.719,1185.0,5801.0,4.33,1.23369,13.3678,95.160582,43.165306,PC
3198,5.3868381,3.225,18740.0,15.8461,255.316,1113.0,5915.0,4.37,1.13,13.1657,107.082369,34.674445,PC
3199,1.3312309,1.396,7150.0,12.5661,1975.12,1857.0,5247.2,4.33,0.66,12.9076,102.827625,33.545577,APC
3200,2.3365744,2.53,4580.0,9.51324,1516.77,1738.0,6545.0,4.27,1.41,13.1961,126.818692,50.75782,PC
3201,5.6089886,2.7514799,7494.8820162,8.1185589,173.8254973,926.0791782,5353.3,4.47,0.927391,13.0221,116.767003,56.783436,PC
3202,1.6180578,1.8204969,17254.7980935,10.5098,1373.0847145,1552.5445917,5801.0,4.33,1.23369,13.4167,104.733224,49.968735,PC
3203,3.10926,2.506,5448.84,9.58224,532.263,1338.0,5894.0,4.32,1.18,13.105,1.399014,-19.489511,FP
3204,1.400534,2.1557558,21150.4535286,15.7147024,1816.6683408,1665.0936382,5765.0,4.4,1.06059,13.4718,92.609716,71.412134,PC
3205,3.2583798,2.196,4800.0,6.27906,197.102,1043.0,4992.1,4.44,0.9,12.3794,110.878729,50.349524,FP
3206,10.3918699,1.167,4800.0,13.0244,20.6991,594.0,6683.0,4.13,1.69,12.0149,98.538646,66.634664,APC
3207,6.1080224,4.68,7840.0,12.8902,544.723,1345.0,6204.0,4.17,1.48,12.8426,133.705669,55.134127,PC
3208,4.9399798,3.278648,4091.1483436,19.5185922,2577.1829974,1817.2139579,5646.0,3.48,3.0218699,13.2906,92.846314,65.762376,PC
3209,4.6747218,1.61,8200.0,4.73219,11.5347,513.0,3502.0,4.74,0.5,12.4963,130.900226,63.078077,CP
3210,2.1040634,1.38,3200.0,14.9729,1713.13,1792.0,5973.3,4.1,1.54,12.3433,95.121127,58.094196,PC
3211,4.8163162,3.5830779,15809.0676843,14.751756,330.3698152,1087.3512039,5290.0,4.26,1.1743,13.398,133.072602,61.972124,PC
3212,3.0923729,3.061,7200.0,15.1739,1605.66,1763.0,6510.2,4.07,1.76,11.3321,94.432577,54.381306,PC
3213,4.120004,1.9086349,13334.2651359,10.4236143,270.6876112,1034.5151246,5497.6,4.51,0.902842,13.1351,115.084361,49.078607,PC
3214,0.91677,1.337,276.272,3.12766,4151.31,2236.0,5825.0,4.04,1.71,9.9124,68.891541,-56.138849,FP
3215,13.247777,3.301,13420.0,11.7716,74.203,817.0,5373.8,4.51,0.89,11.2119,118.426692,46.47193,FP
3216,3.1833919,2.017,9850.0,13.8362,430.956,1269.0,6405.0,4.27,1.39,11.5787,295.387706,56.217805,PC
3217,0.7729066,1.109,2850.0,6.51984,2135.77,1893.0,6125.0,4.35,1.19,12.7859,102.599479,48.944982,APC
3218,3.2551315,2.3440735,14394.4055364,17.8868067,1237.4249188,1512.6883561,6433.0,4.3,1.3329901,13.1701,118.16493,42.786497,PC
3219,2.2019606,4.326,960.0,3.97533,4911.26,2332.0,6269.0,4.26,1.35,12.4091,126.849751,64.765253,FA
3220,2.8300213,1.646,3790.0,6.47417,462.811,1292.0,6205.0,4.51,1.01,12.2361,98.732441,49.676574,FP
3221,14.9857436,5.8,9980.0,9.39924,155.741,984.0,5279.0,4.52,0.86,11.6387,115.508868,61.574659,FP
3222,17.6229161,2.976,8430.0,11.2819,23.6888,614.0,5973.8,4.31,1.21,11.7983,104.840901,48.30288,PC
3223,2.6797436,2.0292672,9857.9233831,12.2250402,709.9849597,1316.5338707,5573.0,4.37,1.07552,12.7739,124.114906,47.021989,PC
3224,8.2064867,2.9678542,29281.2259569,14.6693181,77.9725277,757.8882131,5236.1,4.55,0.824569,12.7085,114.188526,44.051536,PC
3225,0.5045539,1.0056629,18806.2299248,18.3768141,6493.5059824,2289.4942693,5227.0,4.33,1.0,13.5029,23.280585,-47.882084,PC
3226,1.6667559,2.35,1730.0,5.73913,3970.53,2211.0,7189.4,4.35,1.4,11.7248,103.276084,39.132278,PC
3227,5.8677921,3.400512,14083.5242428,12.8354727,233.7179242,997.224075,5565.6,4.39,1.04333,12.9395,114.010809,47.258131,PC
3228,1.4658218,1.294,8700.0,12.9122,491.415,1311.0,5586.0,4.17,1.36,12.5548,98.781576,45.027682,PC
3229,2.5492773,2.301,3970.0,13.2377,1223.62,1647.0,6862.4,3.98,2.07,12.1957,107.173813,38.18106,PC
3230,3.2905683,2.7899266,18079.622642,14.6087971,560.3316578,1240.8835851,5689.0,4.39,1.06203,13.1225,134.655352,74.459183,PC
3231,3.8960447,2.15,13340.0,12.1478,151.232,976.0,5295.0,4.38,1.02,12.7251,94.899684,42.313594,PC
3232,2.9859012,1.205,4150.0,14.0883,339.369,1195.0,6709.5,4.02,1.94,11.9181,113.67495,38.986526,APC
3233,2.8989758,1.307,3680.0,10.0928,401.9,1247.0,5908.0,4.13,1.47,11.5817,139.112565,69.074128,CP
3234,3.6754815,2.3005775,9843.1330115,22.3487036,1252.5773445,1517.2980079,6305.0,4.18,1.4902101,12.2337,96.250314,33.032134,FP
3235,3.6346303,2.728,25220.0,13.6402,215.456,1067.0,5058.0,4.51,0.85,13.0456,100.288738,48.861378,PC
3236,4.89577,2.478,360.0,3.30734,240.778,1097.0,5883.0,4.33,1.77,7.1995,22.757528,-51.215733,FP
3237,1.0590994,0.9853402,5155.2973108,10.6616565,18843.6190459,2988.2080302,9332.0,4.5,1.42848,13.286,112.325562,33.591361,FP
3238,2.9594596,0.706,2140.0,7.75397,94.5522,868.0,5560.0,4.28,1.19,11.4102,95.549232,83.861194,PC
3239,3.8850001,2.8815405,18102.202403,12.1627174,268.037691,1031.9739072,5382.2,4.51,0.89315,12.4679,112.194386,34.185355,PC
3240,3.7178393,3.2818921,11351.1087066,13.8376046,837.7084046,1372.1227584,6268.0,4.34,1.23586,13.4461,118.060044,31.64694,PC
3241,4.9513106,4.1704262,8623.7001528,14.0040077,663.7580626,1294.5600539,5914.0,4.16,1.43625,12.4988,139.838463,66.803273,PC
3242,4.8709815,4.437,12380.0,21.2108,611.598,1385.0,5908.0,3.92,1.87,12.3972,109.358531,49.840082,PC
3243,1.0358225,1.191,6610.0,10.1292,1819.34,1819.0,6180.0,4.4,1.14,13.4768,128.861632,67.128369,PC
3244,4.8504819,4.9957058,6852.3350469,17.4413086,1660.3166024,1628.0490201,6313.0,3.9,2.05899,13.147,107.504711,70.976379,PC
3245,3.2371501,3.3511315,10146.6837063,13.8548638,984.9041254,1428.7894629,5800.1,4.19,1.35302,13.2237,121.591887,42.19247,PC
3246,3.244299,2.6887498,5692.0048309,12.9273057,1427.7989564,1567.7850348,5999.0,4.1,1.5585901,11.9824,121.863257,29.388645,CP
3247,0.4568,0.548,3428.7,6.64264,1132.97,1616.0,5777.0,4.35,1.03,12.7226,3.797833,-46.272428,FP
3248,5.4290881,2.615,7010.0,17.9089,748.398,1457.0,6403.0,4.01,1.87,11.5562,115.641632,28.807132,PC
3249,2.5972551,2.7403458,9907.4814267,23.7348191,5351.1817869,2181.3842633,7054.0,3.98,2.1075301,13.0367,105.868408,60.852551,PC
3250,3.1235179,2.7145235,15459.8027576,13.2914966,489.470679,1199.6413306,5376.0,4.37,1.04447,12.3381,104.603337,59.972981,PC
3251,0.6848358,0.88,1430.0,4.49427,2198.68,1907.0,6385.1,4.47,1.1,11.4534,127.033706,56.431077,APC
3252,2.3374845,2.366845,5171.5524853,8.31293,1340.8139487,1543.3409492,6666.8,4.33,1.33,13.041,126.818693,50.757821,FA
3253,7.1404043,1.719,8300.0,10.5731,53.052,751.0,5886.6,4.38,1.11,13.2971,151.255619,40.341064,FP
3254,4.9807125,3.333,26850.0,17.2544,231.2,1086.0,5545.7,4.39,1.04,12.6865,149.876935,36.99245,PC
3255,2.91463,2.977,9960.0,9.96391,588.827,1185.0,5484.8,4.33,0.99,12.033,137.42133,31.292481,FA
3256,19.5105608,4.471,3300.0,10.5098,365.719,1185.0,5801.0,4.33,1.23369,11.227,150.892504,67.990037,PC
3257,2.9150294,2.819,13530.0,12.8379,464.816,1293.0,5385.0,4.33,1.08,12.3722,137.421232,31.292423,PC
3258,10.98036,1.838,2630.0,14.3833,150.042,1185.0,5951.0,4.33,1.27,10.2401,99.609604,-67.656396,FP
3259,3.2493152,1.849,9260.0,10.3587,173.46,1011.0,5371.2,4.37,1.04,13.239,167.29495,49.955757,PC
3260,1.7088305,1.871,9720.0,10.5098,564.614,1358.0,5253.2,4.33,1.23369,13.1894,146.820422,44.63893,PC
3261,24.0819851,4.032,7830.0,9.42632,22.9814,609.0,5952.0,4.43,1.05,12.6635,177.702227,75.20337,PC
3262,0.4399856,0.603,6830.0,18.9074,1456.36,1721.0,4423.0,4.19,1.1,13.3585,153.155451,62.32946,APC
3263,3.3952015,2.368,8260.0,10.5098,321.993,1180.0,5673.6,4.33,1.23369,13.2742,179.9069,72.301518,PC
3264,1.3460633,1.829,15780.0,14.2662,1231.36,1650.0,5788.7,4.38,1.09,12.5984,144.395927,28.24536,PC
3265,2.5733766,2.457,6710.0,10.5098,365.719,1185.0,5801.0,4.33,1.23369,12.9621,166.238945,43.464381,PC
3266,11.8886495,4.803,7800.0,11.0233,138.065,954.0,5773.9,4.28,1.21,11.366,152.666283,24.273121,PC
3267,0.8275646,1.056,3670.0,8.41789,1716.01,1793.0,6203.3,4.33,1.32,12.7477,141.480521,33.41274,APC
3268,3.0193545,1.345,2360.0,14.357,1252.3,1657.0,6341.0,4.23,1.42,12.8957,201.510769,74.758859,PC
3269,9.30734,4.683,42774.4,30.7623,304.138,1163.0,5819.0,4.34,1.35,13.5281,7.658562,-52.049331,FP
3270,3.6217624,2.963,6140.0,10.1723,493.866,1313.0,5788.0,4.24,1.28,13.1697,151.293494,60.352093,PC
3271,4.1124956,1.9071145,5537.3250771,12.4396125,1230.1400953,1510.4570936,6145.0,4.07,1.64364,13.0933,154.883363,48.353555,PC
3272,3.6566206,2.557,21730.0,13.587,113.212,908.0,4489.2,4.37,0.91,12.6496,133.977629,30.990348,PC
3273,19.5112506,3.896,4080.0,10.5098,365.719,1185.0,5801.0,4.33,1.23369,11.4794,150.891937,67.990378,FP
3274,0.896271,0.996,12490.0,13.8677,818.614,1490.0,5726.0,4.27,1.22,12.9959,131.366244,35.617167,APC
3275,2.1461672,1.942,14110.0,16.91,663.959,1414.0,6046.0,4.19,1.41,12.7553,140.462178,38.618961,FP
3276,1.540776,1.705,27310.0,13.3674,210.669,1061.0,4234.0,4.49,0.77,12.9178,160.748095,60.964119,KP
3277,11.0783748,2.673,9060.0,10.2336,36.8868,686.0,5623.0,4.39,1.06,12.228,160.404554,63.888592,PC
3278,15.9544918,3.742,12480.0,9.88117,19.3942,584.0,4798.0,4.51,0.82,13.3104,170.68965,70.832276,PC
3279,1.2220437,1.871,20110.0,14.8723,973.648,1556.0,5196.0,4.38,1.0,13.2705,142.086945,66.950156,PC
3280,0.668072,0.8556907,463.0485527,8.1648968,6871.8316651,2322.1372099,5159.0,4.33,3.77481,9.0567,116.813442,-69.030386,FP
3281,14.4832964,4.696,10870.0,13.2087,232.655,1088.0,6039.0,4.47,1.02,12.4645,182.709445,66.952158,PC
3282,3.383466,2.746,1400.0,4.68953,559.625,1355.0,5838.0,4.28,1.23,11.1774,150.380403,75.211897,PC
3283,16.1020097,3.871,22600.0,13.9974,42.3341,710.0,6010.0,4.56,0.92,13.191,171.789723,74.465349,PC
3284,5.6922342,2.975,1550.0,4.57552,215.174,1067.0,5648.0,4.34,1.12,12.1726,170.673731,73.507923,PC
3285,3.2693612,2.029,10790.0,9.96136,281.839,1141.0,5814.0,4.52,0.93,13.2278,165.273412,73.068232,PC
3286,3.4952497,1.745,19250.0,12.6528,50.504,742.0,4304.8,4.36,0.9,13.4791,135.496464,27.474953,PC
3287,2.0436029,1.513,12980.0,13.3605,321.632,1179.0,5568.0,4.32,1.13,11.655,145.222922,27.950158,PC
3288,3.2956376,2.487,20300.0,12.4635,155.029,983.0,4646.6,4.44,0.86,13.167,141.921026,46.214342,PC
3289,16.5968329,4.395,1750.0,4.85367,77.8158,827.0,6329.0,4.41,1.16,11.1971,141.048951,64.318347,PC
3290,1.8460997,1.706,3740.0,16.4485,3553.44,2150.0,6123.9,4.16,1.48,12.7134,168.926158,28.781025,APC
3291,5.1119781,1.413,1415.0,10.6694,890.377,1521.0,8562.0,3.91,2.67,10.0139,104.138355,-53.545449,PC
3292,3.0012386,3.164,13660.0,14.4673,1099.61,1604.0,6331.0,4.37,1.21,13.3887,188.736692,49.994859,PC
3293,1.7763987,0.638,5670.0,10.8531,137.995,954.0,4899.3,4.5,0.84,12.3903,179.957207,11.864677,PC
3294,1.5574603,1.272,3900.0,6.15317,358.839,1212.0,5564.4,4.46,0.93,11.7201,185.900563,50.544625,PC
3295,10.9543562,4.737,8770.0,9.03653,113.516,909.0,5542.4,4.46,0.96,12.8385,187.273217,31.654807,PC
3296,7.6605425,4.425,5210.0,10.5098,365.719,1185.0,5801.0,4.33,1.23369,13.0949,213.806242,67.760539,FP
3297,3.011593,1.894,6740.0,10.5098,266.454,1125.0,5542.1,4.33,1.23369,12.5759,187.434324,39.760801,PC
3298,2.1371195,2.38,15620.0,13.2766,697.213,1431.0,5570.0,4.41,1.03,13.2252,192.736417,30.685937,PC
3299,5.7310859,1.693,10870.0,11.8502,60.3278,776.0,5552.1,4.37,1.07,12.7251,193.655288,47.066242,PC
3300,18.565813,3.82,9420.0,7.83236,13.8526,537.0,4671.0,4.51,0.79,12.3572,203.567211,65.128389,PC
3301,11.2005651,1.367,7000.0,15.4812,13.6838,535.0,5682.2,4.02,1.63,12.0089,176.611941,43.863572,APC
3302,4.155,2.807,4900.0,11.0678,534.715,1339.0,6270.0,4.14,1.57,9.65521,52.225639,-19.979808,FP
3303,2.6292572,1.582,3790.0,8.44711,469.737,1296.0,5933.0,4.21,1.35,12.565,210.951072,64.270888,PC
3304,4.754432,2.147,13130.0,11.4372,158.463,988.0,5491.7,4.47,0.94,12.3591,175.145084,28.549579,PC
3305,4.4100654,2.362,6450.0,8.08157,232.658,1088.0,5726.0,4.46,0.99,12.3882,162.38823,27.190538,PC
3306,3.8951475,1.386,8970.0,14.6884,256.108,1114.0,6071.0,4.15,1.48,12.6262,212.493524,70.06552,PC
3307,5.5822739,1.463,7390.0,11.6541,64.0979,788.0,5997.0,4.29,1.25,13.0635,210.513462,71.32676,PC
3308,6.0835972,2.133,8460.0,12.0351,102.465,886.0,5579.0,4.25,1.22,12.0165,204.080277,68.517361,PC
3309,6.5846694,2.572,22460.0,14.5999,107.766,897.0,5852.0,4.49,0.97,12.76,193.898669,57.141015,PC
3310,4.1225477,2.206,5760.0,12.0574,257.46,1115.0,5662.2,4.06,1.55,11.9123,170.454473,33.991382,PC
3311,0.8377576,1.074,1410.0,6.706,2114.06,1889.0,6322.5,4.13,1.6,11.3616,184.351375,29.633535,PC
3312,4.8104679,2.547,1940.0,4.19665,167.688,1002.0,5332.3,4.47,0.92,11.3093,184.624586,34.897976,PC
3313,2.9037041,5.0153436,4561.0184537,14.6935148,3384.6053598,1945.3455642,6059.0,3.92334,2.14325,10.1638,29.263451,0.758825,KP
3314,2.1614819,1.076,6340.0,8.10367,108.567,899.0,4501.0,4.41,0.87,13.0673,188.180754,34.49481,PC
3315,3.3401814,2.452,4960.0,8.19874,332.424,1189.0,5508.5,4.31,1.14,12.131,196.844286,44.377372,PC
3316,2.071333,2.282,1920.0,6.35115,1179.85,1632.0,6004.0,4.17,1.44,11.8825,183.961977,47.427994,APC
3317,7.0080817,3.179,14900.0,13.1807,189.492,1033.0,6307.0,4.48,1.06,11.1693,189.828966,59.703485,FP
3318,4.5445569,1.462,30740.0,5.7177,5.65747,429.0,3192.0,4.92,0.3,12.9113,181.571834,12.507026,CP
3319,2.5227786,2.177,18880.0,10.9418,344.846,1200.0,5268.7,4.33,0.78,12.293,180.258942,55.846206,FA
3320,3.0215428,3.08889,15111.7114542,10.5098,597.1054249,1260.7602388,5622.1,4.33,1.23369,13.4971,283.003442,52.4328,PC
3321,4.2441117,3.771,7540.0,14.06,671.867,1418.0,6034.0,4.1,1.57,12.7279,181.518741,41.471434,PC
3322,5.3298577,1.95,9330.0,8.01139,46.3832,727.0,4773.0,4.52,0.8,13.0874,184.759891,36.609641,PC
3323,2.5228506,2.15,21300.0,12.9082,307.773,1166.0,5294.0,4.56,0.84,12.4244,180.258934,55.846201,PC
3324,13.45913,3.428,2579.32,7.68909,897.182,1524.0,6457.7,4.43,1.38,8.2606,112.941928,-75.527552,FP
3325,0.6203033,1.031,1390.0,7.82821,10295.4,2806.0,6294.0,4.03,1.78,11.9245,171.711327,37.705235,FP
3326,2.7694074,2.692,1010.0,3.02805,551.573,1350.0,5269.6,4.44,0.94,12.387,197.145209,55.051338,PC
3327,4.5808535,3.488,11480.0,12.4319,328.68,1186.0,5528.7,4.31,1.14,11.9956,171.432632,18.118831,PC
3328,9.0576962,2.37,3430.0,4.28974,79.0884,830.0,4485.0,4.57,0.72,12.852,177.581251,37.916071,PC
3329,4.3345378,3.336,10000.0,14.3572,546.903,1347.0,6314.8,4.21,1.43,11.323,201.374827,52.768104,PC
3330,6.6713748,3.299,7480.0,9.63035,162.655,994.0,5614.5,4.35,1.11,12.7533,169.689872,21.617204,PC
3331,4.3773113,2.329,1430.0,2.97425,144.988,966.0,5127.0,4.63,0.75,11.6832,187.93024,63.908546,PC
3332,7.6607094,4.261,1860.0,5.12716,278.513,1185.0,5911.7,4.33,1.19,11.9937,213.806552,67.760917,PC
3333,8.6789911,3.865,9700.0,11.1545,135.622,950.0,5693.8,4.35,1.12,13.4312,199.816742,18.914216,PC
3334,5.2077671,2.369,850.0,2.66176,144.63,966.0,5522.5,4.5,0.92,11.0866,213.902139,57.821472,PC
3335,1.470258,1.37737,2586.506638,8.656736,3333.408567,1937.946959,6321.46,4.1984,1.05111,9.89377,30.114481,-4.985686,FP
3336,14.7802661,3.497,6840.0,9.06559,38.1314,1185.0,5659.0,4.33,1.09,11.9689,188.528058,4.187824,PC
3337,9.546972,2.112,17300.0,12.4743,33.8682,672.0,5834.0,4.54,0.91,13.3215,218.336542,52.385972,PC
3338,2.9406027,1.167,9820.0,10.835,168.01,1003.0,5464.2,4.44,0.97,13.3819,216.757304,28.495762,PC
3339,14.8496574,4.287,8710.0,9.3235,70.8112,808.0,5296.6,4.43,0.96,13.403,202.906801,45.622497,PC
3340,10.1614815,1.259,3230.0,7.66646,23.4406,612.0,6297.0,4.34,1.24,11.3815,211.700645,51.992007,APC
3341,5.3599361,3.407,11350.0,11.2314,306.956,1166.0,5933.0,4.43,1.04,13.0187,200.484638,40.26846,PC
3342,0.6451059,0.573,3430.0,6.79091,800.418,1481.0,5436.3,4.52,0.88,12.773,198.244403,39.866992,APC
3343,1.7213564,2.035,11890.0,10.674,559.726,1355.0,5072.0,4.42,0.95,12.8532,231.249864,57.815109,PC
3344,1.4681744,2.0531964,18466.172262,24.5094815,1531.0508813,1595.3910653,5433.0,4.33,1.10122,11.4582,206.782929,42.736035,APC
3345,3.5115357,3.527,9290.0,12.81,569.545,1360.0,5490.8,4.16,1.35,12.3758,222.163355,53.834829,PC
3346,1.9550932,1.78762,19634.9908668,13.1406834,690.3398082,1307.3307576,5400.0,4.53926,0.873418,11.0529,43.688074,-10.898024,KP
3347,5.7158895,2.437,22050.0,12.3206,76.4949,823.0,5224.0,4.56,0.82,12.0581,223.609501,59.101988,PC
3348,9.3517097,2.682,1590.0,3.52814,47.221,730.0,5298.6,4.52,0.86,11.6301,220.037779,54.137281,PC
3349,3.4936188,3.355,9730.0,14.2355,628.664,1394.0,5779.5,4.15,1.42,11.8747,215.801496,24.076564,CP
3350,4.0384773,1.185,8110.0,7.98387,17.0069,565.0,4180.4,4.42,0.83,12.5764,218.874035,48.083929,PC
3351,6.7136512,3.541,11490.0,12.5036,244.013,1101.0,6179.1,4.39,1.15,11.3366,193.595291,30.214364,FP
3352,2.2012625,2.175,25690.0,13.6145,387.574,1236.0,5177.8,4.56,0.81,12.3655,205.488716,17.300066,PC
3353,3.4014954,1.959,7370.0,9.32202,313.317,1172.0,6005.0,4.43,1.06,12.9339,220.726649,41.368472,PC
3354,8.3289771,2.984,6010.0,10.5098,365.719,1185.0,5801.0,4.33,1.23369,11.483,219.734394,37.027878,FA
3355,3.0654283,2.194,5850.0,10.6174,264.883,1123.0,5236.0,4.12,1.35,13.4565,210.205727,39.300051,PC
3356,7.4332642,3.051,6000.0,10.213,184.322,1026.0,6227.0,4.28,1.32,12.3342,208.944753,40.391806,PC
3357,0.8490649,1.357,2850.0,24.3308,5604.16,2410.0,5624.7,4.33,1.44,8.300901,46.93171,0.860922,APC
3358,2.317939,1.676,13140.0,15.7376,719.636,1442.0,5770.0,4.25,1.25,12.7509,336.69079,57.434162,FA
3359,23.2556119,7.878,35720.0,14.4434,51.103,744.0,4742.0,4.6,0.73,12.5638,231.127427,46.695076,FP
3360,3.8960617,1.734,22610.0,12.1401,84.8919,845.0,5247.0,4.59,0.8,12.251,228.833287,40.267196,PC
3361,4.1377886,2.2969037,11490.1857603,10.5098,392.6433908,1135.3227028,4964.3,4.33,1.23369,13.0743,308.849988,61.140932,PC
3362,2.0474832,3.159,6790.0,14.3474,12096.5,2921.0,6791.0,4.57,1.04,13.4802,340.628454,64.754725,FP
3363,3.0330919,4.043,1280.0,7.40327,4283.51,2253.0,7471.0,4.01,2.14,12.1474,346.403126,63.453418,FP
3364,2.7873223,3.671,5548.0,10.6299,2023.22,1185.0,6466.0,4.33,1.46,12.089,342.630375,61.159585,PC
3365,4.4921154,3.108,19562.0,14.9094,223.672,1077.0,5353.0,4.34,1.08,12.7594,342.661461,60.770111,PC
3366,2.2035349,2.573,7570.0,13.3861,1272.37,1663.0,6141.0,4.14,1.52,12.9774,321.386565,61.812493,PC
3367,3.4608812,3.608,16514.0,19.0253,672.096,1418.0,5695.0,4.08,1.52,13.2363,346.474955,67.188469,PC
3368,2.49221,1.605,1480.0,1.71311,43.3259,714.0,3450.0,4.78,0.45,11.2003,42.250066,-14.537646,FP
3369,2.9284231,3.835,5159.0,10.5098,638.648,1400.0,4885.4,4.33,1.23369,12.6265,319.547187,66.161198,PC
3370,7.6644,4.1888923,8534.5638357,9.9098801,175.3654356,928.1234573,5694.0,4.41,1.04215,13.4428,296.833901,59.640713,PC
3371,2.4892754,1.513,2750.0,15.5724,660.426,1412.0,6285.0,3.65,2.76,11.3258,326.267189,64.067347,APC
3372,1.97549,2.409,5457.0,17.6764,5560.11,2405.0,8523.0,3.98,2.46,13.2345,347.967961,56.862096,PC
3373,11.7512673,2.143,7683.0,17.4049,86.313,849.0,6571.0,4.12,1.68,12.7091,336.858934,67.769354,PC
3374,1.2257683,1.874,5512.0,10.5098,2802.16,2026.0,6205.8,4.33,1.23369,13.4234,330.755072,67.623397,PC
3375,1.4858906,1.697,7264.0,10.5098,648.608,1405.0,5196.8,4.33,1.23369,12.5722,344.322032,59.201372,PC
3376,1.6923573,1.9912433,20172.9323968,12.7696702,762.5979736,1340.2742114,5287.0,4.5,0.88876,12.9577,334.133015,66.860571,PC
3377,2.8778095,2.824,4830.0,7.35828,1005.2,1568.0,6131.0,4.46,1.05,13.2875,333.663387,68.685313,FP
3378,2.3466472,1.957,25278.0,12.2268,153.353,980.0,4477.0,4.53,0.75,13.2129,356.708389,66.860805,PC
3379,0.39149,0.746,578.202,5.95564,13030.0,2976.0,6216.1,3.73,2.25,8.00006,48.499479,-8.573851,APC
3380,3.4895723,2.378,32560.0,12.9484,87.9248,853.0,4315.0,4.57,0.71,13.4454,356.886316,54.178308,PC
3381,2.8817718,2.842,13332.0,14.8764,854.357,1506.0,6137.0,4.23,1.38,12.9307,356.407097,55.225972,PC
3382,3.1079303,1.5897403,6836.3634234,20.9078479,1763.6646413,1652.8131199,6413.0,4.17,1.5486799,12.8967,355.725774,58.452426,PC
3383,5.5613023,5.64,2200.0,10.4506,713.503,1439.0,5607.0,3.72,2.27,12.5714,309.768437,61.459062,PC
3384,2.3151015,2.084,5256.0,10.5098,285.103,1144.0,4746.7,4.33,1.23369,12.5871,337.785484,61.643001,PC
3385,4.4638411,1.556,3791.0,9.59744,78.9834,830.0,5472.0,4.11,1.42,12.5917,334.990313,62.656666,PC
3386,5.7033411,3.039,14730.0,15.2151,217.888,1070.0,5933.0,4.28,1.24,12.475,334.013781,61.05756,PC
3387,6.7716021,6.279,4580.0,16.5311,831.07,1495.0,6136.0,3.67,2.62,12.933,333.725864,62.858737,PC
3388,2.1176601,3.591,2000.0,5.16544,12280.2,2932.0,5814.0,4.56,0.89,12.5455,332.633491,61.82941,FP
3389,2.2297524,2.498,8798.0,10.5562,970.705,1555.0,5846.0,4.32,1.17,13.4743,331.227588,64.463751,PC
3390,6.0613441,2.5796829,15346.1553014,27.91045,618.1880959,1271.7446199,5949.2,4.33,1.53715,10.7706,56.304651,-10.973454,APC
3391,3.4488281,3.091,14430.0,15.6361,617.246,1388.0,5994.0,4.27,1.27,13.3364,331.078789,61.627934,PC
3392,2.1861455,2.42,8780.0,11.5599,612.53,1385.0,5342.0,4.22,1.24,13.3788,330.715324,60.211838,PC
3393,2.9897732,3.06,12893.0,17.6166,1317.93,1678.0,6786.0,4.21,1.57,11.9401,323.15288,67.911948,PC
3394,2.9873441,1.668,6090.0,10.5098,790.978,1477.0,5734.9,4.33,1.23369,13.3171,264.503061,59.643473,PC
3395,3.4043154,0.805,9317.0,20.3568,113.665,909.0,5833.0,4.46,1.0,13.3356,323.985128,61.209107,PC
3396,3.1278013,2.5279159,12999.4052999,17.2617585,1481.2676683,1582.2610432,6457.0,4.25,1.41321,12.402,346.156393,56.731648,PC
3397,2.6686464,1.249,7370.0,12.9106,332.941,1190.0,5227.0,4.48,0.9,13.0795,229.220096,51.397855,PC
3398,1.5891628,1.576,3550.0,12.5934,1679.03,1783.0,6227.0,3.91,2.0,13.2445,315.263903,63.424275,FP
3399,12.0043736,5.2429944,5392.6260709,10.8520225,234.545303,998.1054675,6362.0,4.25,1.40388,11.5687,349.685957,63.250498,PC
3400,3.8426038,2.022,5880.0,12.7873,453.87,1285.0,7032.0,4.19,1.66,13.0367,319.7272,65.329264,PC
3401,5.9739124,3.1235464,232.5621027,2.3917735,488.0089226,1198.7446729,6308.31,4.438,1.2845,5.9053,42.984978,-30.814061,CP
3402,3.58529,2.495,180.0,1.77141,646.628,1404.0,6308.31,4.438,1.28,5.9053,42.984978,-30.814061,CP
3403,11.2304605,3.6009978,208.629137,2.0754665,210.3340005,971.2859803,6308.31,4.438,1.2845,5.9053,42.984978,-30.814061,CP
3404,3.2399875,2.749,18440.0,13.613,380.139,1230.0,5521.0,4.45,0.97,13.2091,238.857937,67.042986,PC
3405,3.5434689,1.849,20265.0,10.5098,1741.2443185,1647.535107,5354.0,4.33,1.23369,12.8669,355.744456,62.290124,PC
3406,3.3501179,1.651,4066.0,17.5987,279.334,1138.0,6238.0,3.7,2.57,12.4615,355.081093,62.136748,PC
3407,6.2329571,3.043,2367.0,14.2956,1245.8,1655.0,6016.0,4.1,1.55,12.2996,354.138342,60.526208,PC
3408,1.8011961,3.23,2280.0,9.1446,8355.02,2663.0,7588.0,4.09,1.99,12.8114,351.796938,60.231831,FA
3409,4.7242175,5.3995956,7950.7212212,19.7767599,2691.2049107,1836.9885156,7220.0,3.98,2.15273,12.8051,349.095834,64.72187,PC
3410,3.9967263,2.886,12060.0,11.278,265.248,1124.0,5313.6,4.33,1.0,12.0753,225.380859,38.533274,APC
3411,4.6709424,0.101,870.0,21.2461,2.26831,341.0,7211.0,4.14,1.79,12.1661,301.673149,61.169351,PC
3412,2.2171904,1.639,3010.0,10.5098,180.255,1020.0,4656.0,4.33,1.23369,11.7345,354.146668,58.133654,APC
3413,3.8522402,4.195,17145.0,10.5098,577.199,1365.0,5371.2,4.33,1.23369,12.5806,353.643525,54.541652,PC
3414,1.5464949,1.101,930.0,3.7295,438.793,1275.0,5973.5,3.89,1.14,10.231,76.833621,-48.115889,FP
3415,10.6001229,5.375,6115.0,10.601,240.751,1097.0,5647.0,4.08,1.51,13.3604,296.066251,77.23545,PC
3416,3.2292942,2.47,10130.0,10.5098,365.719,1185.0,5801.0,4.33,1.23369,13.4642,307.0945,61.93367,PC
3417,10.510324,3.1268699,15025.3901836,11.4241276,99.9557271,806.4392745,5908.0,4.54,0.920733,10.7486,9.305074,61.205097,PC
3418,2.0615575,1.694,4560.0,10.5098,723.916,1445.0,6213.0,4.33,1.23369,13.0646,229.67991,44.456204,PC
3419,1.7922888,1.622,18880.0,12.6983,318.713,1177.0,5095.7,4.47,0.89,13.3926,236.236361,45.627745,PC
3420,9.4258906,2.406,4450.0,9.65497,76.541,824.0,4507.0,4.64,0.67,11.8993,227.305873,44.700876,FP
3421,6.6080989,3.928,6740.0,12.1125,298.497,1157.0,5993.0,4.12,1.5,11.8136,224.356008,44.274322,CP
3422,23.2547644,7.935,9410.0,10.7553,172.212,1009.0,5627.0,4.55,0.88,11.379,231.126555,46.694516,PC
3423,3.5472157,4.503,6550.0,16.293,992.177,1563.0,5548.0,3.82,2.02,13.4497,11.370172,78.447722,PC
3424,2.041659,3.521,3230.0,8.90978,5195.14,2365.0,6806.0,4.22,1.56,12.9447,14.558693,61.099519,FP
3425,1.3600283,2.1652751,19427.6944703,13.0911813,1343.1568273,1544.0146992,5500.0,4.48298,0.933975,9.62713,37.155522,-7.060667,KP
3426,3.6089193,2.255,5318.0,17.0677,1247.0,1655.0,5854.0,4.04,1.63,11.863,12.841937,59.575861,PC
3427,2.2437501,3.821,2880.0,10.0826,5651.55,2415.0,7209.0,4.06,1.96,12.9165,12.855316,59.409908,PC
3428,5.3438948,4.139,6479.0,16.9428,1248.08,1655.0,7469.0,3.95,2.3,12.9324,352.556471,53.156351,PC
3429,3.8961515,1.742,8620.0,8.40446,152.54,979.0,5477.2,4.33,0.87,11.208,228.83295,40.266956,FA
3430,4.3533211,1.894,21740.0,7.17236,14.9972,548.0,3422.0,4.77,0.46,13.4609,226.337147,36.786975,CP
3431,3.2358535,3.777,5460.0,10.5098,656.917,1410.0,5095.6,4.33,1.23369,13.2638,8.762537,58.13642,FP
3432,1.6212474,3.262,1100.0,10.3122,1846.95,1826.0,4949.0,4.33,3.11,12.5225,1.129367,66.403045,PC
3433,3.2358247,3.629,3260.0,10.5098,365.719,1185.0,5801.0,4.33,1.23369,12.753,8.762379,58.136446,FA
3434,2.875045,4.7953168,5108.5003333,16.423789,3745.2995294,1995.2227522,6334.0,3.86,2.17347,12.2454,8.508428,58.844293,PC
3435,4.0104917,2.293,6051.0,10.5098,5306.6,2377.0,12373.0,4.33,1.23369,11.9551,6.386516,63.040637,FP
3436,1.571151,1.335381,790.433214,3.541384,715.6772333,1319.1647872,4752.8,4.37,0.982066,10.6793,77.047577,-50.858906,FP
3437,5.8423636,2.416,2280.0,18.7395,716.73,1441.0,8648.0,3.6,3.85,11.6697,5.117344,63.031396,FP
3438,2.2774846,3.756,1520.0,17.7506,1146.77,1621.0,4827.0,4.33,4.7,12.1197,0.202398,62.803046,PC
3439,6.397886,2.296,9792.0,10.5098,229.482,1084.0,5324.0,4.33,1.23369,12.4316,5.625421,57.873275,PC
3440,2.2221553,1.4919935,4333.9782543,9.6843997,1750.0716528,1649.6192167,6424.0,4.33,1.4399,11.5625,5.438019,59.105755,PC
3441,3.8974136,2.061,1990.0,6.8757,504.623,1320.0,6827.0,4.25,1.51,11.0986,6.140224,62.235631,FP
3442,6.4219775,4.211,22004.0,10.5098,803.471,1483.0,6197.0,4.33,1.23369,12.1602,1.595472,56.192444,APC
3443,17.2045725,4.987,3770.0,21.5086,434.974,1272.0,6278.0,4.03,1.77,12.0205,1.186715,54.196681,FP
3444,3.4600026,1.827,8214.0,17.6761,744.569,1455.0,5997.0,4.21,1.37,12.9854,3.392818,59.896534,PC
3445,1.81451,1.746,12864.0,13.3431,609.008,1383.0,5696.0,4.31,1.17,12.1134,7.636991,56.331467,PC
3446,4.112385,3.474,2110.0,9.65749,570.966,1361.0,5659.0,3.78,2.14,11.6437,9.945507,62.393358,FP
3447,3.6344447,3.871,9230.0,14.25,1133.73,1616.0,6272.0,4.25771,1.42,11.3161,41.63916,-0.464125,KP
3448,3.7027104,3.572,12813.0,21.058,1803.49,1815.0,7493.0,4.12,1.9,12.5696,0.974631,64.77632,PC
3449,4.8982659,2.874,2055.0,4.84123,293.004,1152.0,5696.0,4.37,1.09,11.7194,2.528952,64.572568,PC
3450,3.3378852,3.261,5564.0,19.0038,1878.15,1834.0,6274.0,3.86,2.15,12.9214,2.335558,60.159078,FP
3451,3.9606593,3.442,5810.0,10.7218,970.247,1554.0,6647.0,4.29,1.4,12.9762,26.462243,63.924718,PC
3452,5.3798996,2.85,8550.0,7.09264,104.667,891.0,4930.3,4.33,0.76,12.849,22.973494,66.819333,PC
3453,3.8471662,2.214,1770.0,7.48475,173.747,1011.0,5115.0,3.91,1.69,11.7899,34.119911,76.253181,FP
3454,3.0491667,4.0262835,6641.051542,10.5098,589.9037165,1256.9414051,4579.5,4.33,1.23369,12.715,23.9436,65.638786,FA
3455,4.5431872,3.6521061,11913.0087604,13.0703951,1097.2423198,1467.8963378,7998.0,4.6,1.15675,12.4705,23.655685,62.325517,PC
3456,2.8278059,2.174,650.0,4.22619,885.332,1519.0,6603.0,4.16,1.62,10.702,34.293884,70.39598,FP
3457,4.3271416,2.382,5340.0,14.5369,400.919,1246.0,5994.0,3.92,1.91,12.1693,12.779931,70.94581,PC
3458,2.48548,2.621,160.0,1.28248,1105.11,1606.0,5928.0,4.48,0.96,8.235,74.466453,-53.817948,FP
3459,5.4146395,2.558,4760.0,6.17589,96.42,872.0,4888.0,4.45,0.88,11.5163,20.21482,66.072201,CP
3460,14.7091662,3.6278152,5047.9326311,6.5471787,33.3030602,612.6899904,4888.0,4.45,0.880213,11.5163,20.21482,66.072201,CP
3461,1.3483075,1.7568331,1206.3535884,3.1949876,805.779628,1358.8572016,4888.0,4.45,0.880213,11.5163,20.21482,66.072201,CP
3462,4.3359117,3.461,8530.0,13.9797,485.004,1307.0,5815.0,4.1,1.51,13.2395,24.601013,72.993169,PC
3463,1.82544,1.744,21650.0,11.7503,181.783,1022.0,4324.0,4.49,0.77,13.3507,41.39883,66.359231,PC
3464,2.6325313,4.167,4220.0,15.2766,1493.24,1731.0,5407.0,3.64,2.42,13.0217,25.79114,70.914425,PC
3465,2.8067423,1.997,17630.0,13.4381,361.087,1214.0,5863.0,4.48,0.98,13.4891,58.204664,68.777467,PC
3466,4.7427131,3.115,13560.0,17.876,320.783,1179.0,5947.0,4.12,1.51,10.767,53.419992,68.612667,PC
3467,1.8137851,1.29,3625.0,10.5098,95.2905,870.0,4032.5,4.33,1.23369,13.1216,5.277959,66.832344,PC
3468,7.0423707,2.687,5890.0,14.7821,56.09,762.0,4892.0,4.33,1.88,12.636,7.739571,68.455108,PC
3469,3.0783305,1.5344395,5246.8645159,10.5098,582.463924,1252.9594255,4355.4,4.33,1.23369,13.4612,7.213948,66.468189,PC
3470,2.2963814,2.649,7950.0,20.9239,5163.1,2361.0,6620.0,4.04,1.87,12.6967,9.170845,65.937486,PC
3471,4.7559737,2.5469696,398.6310113,1.725417,161.7314334,909.5327855,5175.2,4.37657,0.841842,8.3157,36.867885,-27.636117,CP
3472,17.1807214,2.1004813,680.1385904,2.1954034,29.1782002,592.7674866,5175.2,4.37657,0.841842,8.3157,36.867885,-27.636117,CP
3473,3.2175308,3.9158172,11809.5500699,10.5098,1947.3868674,1694.2707328,5801.0,4.33,1.23369,11.852,29.423058,63.904389,FA
3474,5.1175439,1.483,3090.0,12.6029,131.814,943.0,6429.0,3.92,2.07,11.08,28.657722,64.569849,PC
3475,7.2089041,3.445,6140.0,10.5098,365.719,1185.0,5801.0,4.33,1.23369,13.3972,255.128886,59.62566,PC
3476,2.7991658,2.157,9180.0,10.5098,201.078,1049.0,4841.6,4.33,1.23369,13.4975,297.032884,85.076052,PC
3477,6.3262148,5.353,4928.0,12.5231,558.3,1354.0,5842.0,3.9,1.9,13.2309,335.627605,78.262333,PC
3478,16.2840915,6.45,4600.0,7.99273,121.312,924.0,5770.0,4.29,1.2,13.3177,257.448863,77.485328,PC
3479,3.1234853,2.6737878,5483.8612179,10.5098,571.2638509,1246.892278,4861.0,4.33,1.23369,13.1759,345.405443,73.609894,PC
3480,3.6074546,2.197,1168.0,2.69934,297.468,1156.0,5593.0,4.52,0.91,11.3099,353.15863,69.422141,PC
3481,3.9589142,2.42,16160.0,15.2242,301.848,1161.0,5963.0,4.3,1.22,13.0911,355.230606,69.974452,PC
3482,5.8850401,3.622,3030.0,6.61503,282.509,1142.0,5712.4,4.3,1.18,11.1718,239.233719,16.980285,PC
3483,3.532822,3.44312,11283.619423,13.474905,837.7033716,1372.1206975,6153.0,4.34152,1.25,11.185,52.818037,-23.819792,KP
3484,2.5089892,2.341,2970.0,5.46523,609.961,1384.0,5574.0,4.44,0.99,13.2338,277.622837,56.770452,PC
3485,10.0462622,2.1956362,17967.7072776,16.1673775,97.2900534,801.0080118,5637.9,4.49,0.945159,13.2687,277.325439,55.320525,PC
3486,2.4567112,1.716,530.0,3.05136,614.383,1387.0,6223.0,4.39,1.16,11.0498,313.098531,66.599315,FP
3487,3.6142971,2.016,14219.0,10.5098,365.719,1185.0,5801.0,4.33,1.23369,13.2787,310.100457,67.533801,PC
3488,1.8020923,2.949,8570.0,17.3634,1870.78,1832.0,5760.0,3.92,1.85,12.5798,335.146984,71.767346,PC
3489,3.0298622,2.7840969,15099.8021512,10.5098,594.9203906,1259.6052531,5081.3,4.33,1.23369,13.0874,332.124123,68.904553,PC
3490,2.7761628,2.139,1340.0,6.58454,538.633,1342.0,5778.0,3.92,1.84,12.3618,355.51293,76.918784,FP
3491,4.7257129,2.701,1740.0,10.5468,350.147,1205.0,6139.0,3.71,2.48,11.3896,342.552349,75.860399,FP
3492,4.2989288,3.022,4590.0,9.94472,371.547,1223.0,5671.0,4.12,1.45,13.0885,305.02027,73.277764,PC
3493,4.7308142,3.062,8780.0,9.85689,295.429,1154.0,5777.0,4.42,1.05,12.9186,273.734478,49.761588,PC
3494,2.9626402,1.9096724,27118.3262165,12.65489,269.8828476,1033.7453536,5473.0,4.60845,0.718635,12.3943,58.429011,-34.328272,KP
3495,7.1357259,2.5094893,1047.4205923,2.7853042,108.1100329,822.4059608,5446.0,4.57,0.835627,12.3407,268.614463,77.48831,PC
3496,7.8808589,4.788,5120.0,10.2354,289.546,1149.0,5914.8,4.17,1.41,10.9342,246.855462,21.616792,PC
3497,2.3238426,2.391,9780.0,13.8867,870.497,1513.0,5983.9,4.2,1.38,13.1659,255.364082,28.988524,PC
3498,5.1191172,5.563,6317.0,13.0806,939.766,1542.0,5926.0,4.01,1.7,12.2319,325.554628,69.504808,PC
3499,4.1508803,2.256,12290.0,8.31799,70.6022,807.0,4460.0,4.56,0.73,13.2653,256.664332,63.778535,FP
3500,7.9927894,3.884,16540.0,10.5098,147.635,971.0,5530.9,4.33,1.23369,13.2155,241.364506,55.186006,PC
3501,0.7583741,0.748,850.0,5.4111,1262.0,1660.0,6209.0,4.13,1.56,10.6525,238.686827,25.01394,PC
3502,4.5029619,4.169,2890.0,9.44788,2710.22,2010.0,8103.0,4.24,1.77,13.028,351.605114,68.03607,PC
3503,1.972401,2.435,7460.0,14.7348,2239.66,1916.0,6184.0,4.1,1.6,13.1947,346.577907,71.21333,FP
3504,31.4001189,2.545496,15097.0640966,10.2456091,10.156754,455.3113573,4953.0,4.55,0.791713,13.2588,293.764805,66.25505,PC
3505,1.7560902,1.763,1650.0,7.52118,1923.34,1185.0,6249.0,4.28,1.29,10.5683,101.909492,-66.328317,FP
3506,4.6546139,1.365,5540.0,12.7473,91.4646,861.0,5966.0,4.08,1.58,13.2838,306.85268,68.231866,PC
3507,1.5373948,1.194,2710.0,5.76435,621.715,1391.0,5091.0,4.36,1.0,13.0273,240.691824,71.224288,PC
3508,0.7409429,1.084,2460.0,4.58442,1523.27,1740.0,5406.0,4.53,0.87,13.0109,282.663177,55.801405,FP
3509,21.7894491,6.8044292,12276.8028409,10.5098,42.8575849,652.5693517,6118.5,4.33,1.23369,13.0309,288.092884,77.922621,FP
3510,17.356719,2.5707102,12730.2717116,9.705386,17.7377655,523.4129662,4697.0,4.55,0.760629,13.0533,276.291469,60.773296,PC
3511,4.567925,3.047,18440.0,14.2306,266.468,1125.0,5675.0,4.41,1.04,13.1755,269.179221,64.766624,PC
3512,5.0529785,4.1075608,3805.2519489,10.2150259,896.6739411,1395.6559992,6328.9,4.15,1.5513099,11.4354,247.549643,49.895791,PC
3513,2.4076941,1.438,4810.0,7.15781,255.63,1113.0,5702.0,4.46,0.98,13.2611,286.186545,64.153145,PC
3514,2.8668029,1.879,7280.0,10.5098,155.045,983.0,4871.9,4.33,1.23369,13.4062,278.804934,73.599493,PC
3515,2.0381761,1.988,23020.0,13.0071,310.835,1169.0,4928.0,4.52,0.82,13.084,274.182772,76.890911,PC
3516,13.1757294,2.1570272,2479.3477138,1.9602373,2.6453174,325.2663942,3349.0,4.94138,0.388609,11.2828,49.262643,-42.244149,PC
3517,6.614911,0.9654605,1060.5715819,1.2731554,6.6294678,409.2506857,3349.0,4.94138,0.388609,11.2828,49.262643,-42.244149,PC
3518,23.1315739,2.293,8950.0,10.5098,5.53336,427.0,4952.3,4.33,1.23369,13.1135,297.06168,64.426043,PC
3519,7.2087245,3.506,4690.0,10.5098,110.913,904.0,5144.9,4.33,1.23369,13.109,255.12889,59.625658,FA
3520,6.7473822,2.112,14810.0,13.1026,47.3055,730.0,5332.0,4.35,1.06,13.4167,259.098604,67.566607,PC
3521,1.6322643,1.7487724,13123.3684588,15.8543427,757.4076888,1337.9878723,5099.9,4.45,0.912575,13.0444,244.369594,46.648021,APC
3522,3.8850002,2.619787,3446.4938862,9.9555843,1087.6741854,1464.6857452,5622.4,3.98,1.68668,12.6555,243.370371,42.885503,PC
3523,3.5908038,3.027,6690.0,9.85407,462.467,1291.0,5657.0,4.3,1.18,12.8377,242.83196,47.712652,PC
3524,6.7201811,3.187,18030.0,11.5271,76.4183,823.0,4914.0,4.49,0.85,13.3925,245.992526,45.261098,PC
3525,3.6772391,4.2517064,13763.2116365,13.2496189,567.6066573,1244.8918384,5801.0,4.36,1.11792,13.1815,243.935867,48.325503,FP
3526,1.1578392,1.363,9660.0,11.2362,2519.45,1973.0,6409.0,4.4,1.18,13.3675,233.694873,79.449837,FP
3527,2.7240303,1.649,12600.0,10.9383,193.03,1038.0,5366.0,4.47,0.93,13.0531,252.593952,16.982718,PC
3528,2.1654694,3.408,4990.0,13.5615,2503.96,1970.0,5830.0,4.26,1.86,12.7862,111.211721,-62.092431,APC
3529,3.1504798,1.096,9210.0,10.0008,98.0783,876.0,5229.0,4.49,0.89,13.0022,250.276118,42.436314,PC
3530,6.5169955,2.416,930.0,2.26174,62.6073,783.0,4937.5,4.64,0.71,10.7133,249.291448,43.344761,PC
3531,2.1390271,3.556,19090.0,10.5098,2105.59,1887.0,5869.6,4.33,1.23369,13.3802,257.735006,36.452877,PC
3532,2.3079651,2.064,1650.0,10.5098,365.719,1185.0,5801.0,4.33,1.23369,11.7332,46.566185,70.214692,PC
3533,3.2175013,3.2,11871.0,16.011,1034.94,1580.0,7932.0,4.32,1.56,12.6844,29.423373,63.90459,PC
3534,3.0492435,3.627,7425.0,10.5098,365.719,1185.0,5801.0,4.33,1.23369,13.0731,23.9436,65.638786,PC
3535,4.3965758,2.827,6250.0,9.71601,350.289,1205.0,5957.0,4.3,1.23,12.5834,250.907053,36.141365,PC
3536,5.5689798,2.4584749,13019.6946537,9.4538647,100.8241904,808.1852787,4887.0,4.53,0.801525,12.8682,250.298493,38.961556,PC
3537,3.1639309,3.143,4080.0,10.5098,1083.96,1598.0,6323.0,4.33,1.23369,12.2305,25.092991,65.203879,PC
3538,1.9872259,2.486,19450.0,15.6112,1292.25,1670.0,6178.0,4.44,1.08,12.1484,19.980843,64.538054,PC
3539,1.33679,1.488,700.0,2.70732,1038.31,1581.0,5600.0,4.43748,0.98,9.6114,47.82774,-35.628068,FP
3540,3.7519831,2.891,17240.0,12.9516,297.501,1157.0,5389.0,4.43,0.97,13.3593,84.865203,81.54345,PC
3541,9.2584055,3.8583323,2039.8195589,11.7073433,811.0432719,1361.0709228,5707.0,3.64,2.53632,10.6675,21.572736,64.840007,PC
3542,4.625568,3.645,9810.0,13.2242,493.442,1313.0,5972.0,4.23,1.34,12.804,17.399896,69.732043,PC
3543,2.0714803,3.108,1660.0,9.7546,4440.11,2274.0,7047.0,3.85,2.46,11.6433,26.687843,63.612237,FP
3544,15.634183,2.888,12980.0,11.238,23.2536,611.0,5725.0,4.49,0.96,12.8934,280.779456,20.21884,PC
3545,2.8282129,2.7156974,9584.1063816,10.2763538,504.1263172,1208.522087,5257.0,4.37,1.02586,11.9705,281.83562,26.417834,PC
3546,5.6917805,5.2936792,5375.2722213,12.532863,694.6279077,1309.3561925,5783.0,4.01,1.66513,12.111,138.280617,85.271029,PC
3547,3.1774814,2.824,14190.0,13.9016,625.157,1393.0,6071.0,4.39,1.12,11.2961,217.925779,83.372706,CP
3548,2.7284428,2.201,10460.0,12.71,427.584,1266.0,5686.0,4.28,1.21,12.2523,100.081046,76.553069,PC
3549,3.2462849,1.513,9210.0,18.4686,610.063,1185.0,5895.5,4.33,1.06,11.6421,267.851204,22.661333,PC
3550,6.7992776,1.58,210.0,1.09621,30.7937,656.0,4913.8,4.54,0.73,9.1536,104.181674,-60.687954,FP
3551,3.177514,2.043,3640.0,5.10272,150.032,975.0,4740.0,4.49,0.82,12.5509,278.232233,39.637997,PC
3552,3.0038696,3.24,760.0,3.44576,1394.39,1702.0,6171.0,4.35,1.2,11.2834,277.979234,39.669309,FP
3553,7.495973,5.366,7790.0,12.6471,328.532,1186.0,5667.0,4.14,1.41,12.8687,258.431157,81.004051,PC
3554,10.471973,3.2701895,1618.7311435,3.2222586,56.3210797,698.6947703,5388.0,4.61,0.791536,12.1517,290.738474,59.431202,PC
3555,17.7046155,4.2555427,1283.7058316,2.8587599,27.963637,586.5001986,5388.0,4.61,0.791536,12.1517,290.738474,59.431202,PC
3556,4.9111786,2.6459244,606.3968298,3.4399601,561.8717441,1241.735358,6186.0,4.33,1.2372299,11.1004,297.678176,68.167662,PC
3557,4.1530015,1.395184,6980.740794,9.1841651,443.3532716,1170.3270119,5737.0,4.37,1.08847,12.9287,257.899648,47.257065,PC
3558,10.1045108,3.23,1490.0,3.3818,47.9649,733.0,5053.0,4.46,0.9,12.4983,237.986823,67.039685,PC
3559,2.7741864,2.005,1910.0,3.6487,393.387,1240.0,5636.0,4.61,0.82,12.4222,320.233103,83.022778,PC
3560,1.1789842,0.856,1160.0,5.02454,403.61,1248.0,5650.0,4.17,1.37,12.0216,319.351026,79.6107,PC
3561,4.3954123,2.306,850.0,2.02986,119.282,920.0,4836.0,4.6,0.73,11.9512,294.561939,71.574534,PC
3562,1.42744,1.973,450.0,7.86301,28512.6,3620.0,6000.2,4.36,1.33,10.0081,56.815012,-52.985207,FP
3563,3.585982,2.384,2920.0,10.5098,442.89,1278.0,6195.0,4.33,1.23369,12.1308,288.578982,59.895802,PC
3564,4.3202706,1.211,3400.0,10.5098,88.2086,853.0,6287.0,4.33,1.23369,12.7584,288.518301,56.626003,PC
3565,2.6834113,1.146,760.0,2.33576,168.322,1003.0,5221.0,4.62,0.76,11.812,297.484569,73.086464,FP
3566,12.2740928,3.532,14450.0,12.7514,50.0141,740.0,5674.0,4.4,1.05,11.2056,289.751203,82.875584,PC
3567,2.3757662,3.323,7500.0,19.1019,2544.85,1978.0,6676.0,3.9,2.2,12.9978,277.717657,19.796009,PC
3568,5.7152049,2.783,2080.0,10.4523,213.024,1064.0,5845.0,3.75,2.25,12.5452,282.204034,65.941643,PC
3569,16.3558787,4.674,1220.0,3.48406,68.1566,800.0,5740.0,4.45,1.0,11.2452,280.745794,62.818388,APC
3570,3.5322939,1.901,2450.0,3.40196,64.0026,787.0,4003.0,4.59,0.66,12.8398,269.240718,58.882622,PC
3571,14.4348737,6.023,1640.0,8.117,220.777,1073.0,5834.0,3.89,1.93,11.9824,257.667388,60.028468,PC
3572,12.320331,2.327,5790.0,5.10721,7.71974,464.0,4103.0,4.62,0.65,12.73,246.36791,66.351585,PC
3573,9.5730706,3.7949677,370.8091141,2.3053058,186.024825,941.9166541,6101.0,4.38774,1.11672,7.757,54.819538,-42.763028,CP
3574,4.040413,3.5274466,143.394396,1.5473747,587.586178,1255.7050544,6101.0,4.38774,1.11672,7.757,54.819538,-42.763028,CP
3575,0.7676706,1.057,340.0,2.98877,2825.39,2031.0,6377.0,4.17,1.53,11.1315,244.441282,69.447713,FP
3576,12.2788421,4.387,4960.0,9.64521,84.8171,845.0,5596.0,4.15,1.39,12.955,290.980736,63.557271,PC
3577,10.716487,3.4184279,1340.1224024,2.16171,27.0606425,581.7069809,4235.5,4.33,0.65,11.024,290.108847,61.085434,FA
3578,22.1575175,3.374,837.0,2.17495,12.4497,523.0,5174.0,4.58,0.79,11.101,283.889684,71.400671,PC
3579,4.8038539,2.7824259,2380.362129,4.0981388,51.6275524,683.6599416,4080.0,4.56,0.692076,12.3109,292.965281,61.882054,PC
3580,2.9855843,1.184,9990.0,10.0005,100.984,883.0,4602.0,4.48,0.82,12.8076,249.121348,57.150009,PC
3581,3.6311186,2.416,6300.0,15.6552,1145.48,1185.0,5979.9,4.33,1.63,12.4627,271.403617,47.550327,PC
3582,25.0930011,5.5344286,5820.9357478,10.3058363,62.0331918,715.7737734,5775.0,4.2,1.33728,12.6541,246.202805,60.965502,PC
3583,2.5551882,2.356,11630.0,13.5962,595.9,1376.0,5855.0,4.3,1.21,12.7376,268.37328,46.34641,PC
3584,5.201975,1.175,4990.0,9.15316,30.1871,653.0,4950.0,4.21,1.18,12.9267,246.270436,73.283495,PC
3585,1.1097378,1.737,680.0,21.4253,123100.0,5218.0,8666.0,3.80083,3.13,8.7929,64.311488,-38.844171,FP
3586,4.8952783,5.325,4730.0,14.0672,883.882,1519.0,5828.0,3.96,1.77,12.8777,241.928706,82.072535,PC
3587,2.8622679,2.646,14440.0,18.4047,1757.24,1803.0,7167.0,4.3,1.49,11.6881,267.707093,16.774858,PC
3588,2.4307782,1.708,1310.0,12.4035,506.486,1321.0,6015.0,3.45,3.3,12.0844,184.968065,83.235697,APC
3589,2.787945,1.5084757,3211.467356,7.5851475,374.4763489,1121.9560583,5375.0,4.55,0.847241,11.8522,131.233555,75.105679,PC
3590,3.4138019,2.877,9850.0,22.5559,309.683,1168.0,5150.0,4.33,2.24,11.436,279.258065,14.206599,PC
3591,4.7155974,3.4748078,11242.4339671,18.3601489,821.3764221,1365.3855665,5873.0,4.08,1.5585099,12.72,109.305384,70.780189,PC
3592,3.2428744,2.417,1470.0,2.3171,113.659,909.0,4016.0,4.72,0.58,12.3454,108.818021,81.220983,FP
3593,56.4043748,4.069,9060.0,12.5447,0.909373,272.0,6433.0,4.36,1.25,11.0383,105.404552,72.41493,CP
3594,1.9795413,2.088,2640.0,4.77367,604.981,1381.0,5275.0,4.46,0.92,12.2769,128.261476,82.024762,PC
3595,3.2724973,1.459,5320.0,5.6778,44.1281,718.0,4279.0,4.51,0.75,11.8417,281.527275,46.248566,PC
3596,3.6623918,3.7669692,12253.6582523,17.2805567,1645.9886958,1624.5252338,6600.0,4.20892,1.48532,9.6757,66.370902,-30.600436,KP
3597,6.269716,3.696,1240.0,3.86288,154.408,982.0,4812.0,4.26,1.08,10.7386,116.069722,68.826258,FP
3598,2.3382502,2.289,13090.0,11.123,438.011,1274.0,5263.0,4.45,0.94,12.8667,280.9612,48.134073,PC
3599,11.7647926,4.4338184,4428.9591948,11.5240963,287.7082031,1050.4074921,5801.0,4.01,1.69397,11.8921,216.765629,78.762732,PC
3600,4.1571604,4.348,8040.0,10.5098,773.464,1469.0,5766.9,4.33,1.23369,12.9532,75.104595,69.82074,PC
3601,0.9135968,1.247,540.0,2.17077,2079.14,1881.0,5987.0,4.58,0.89,11.2063,70.506153,79.987529,FP
3602,2.5139764,2.36,560.0,4.90303,1043.42,1583.0,6150.0,3.9,2.05,10.5893,271.493129,78.049292,FP
3603,3.7630305,3.503,1580.0,5.96705,1050.55,1586.0,6357.0,4.19,1.5,12.1943,20.407409,82.168783,PC
3604,3.8016217,3.223,8310.0,13.6371,672.585,1418.0,6244.0,4.19,1.47,10.8557,77.612879,70.391079,CP
3605,3.660032,4.7853014,7749.7203265,17.5565568,1804.5548719,1662.3109767,5988.0,3.93,1.88626,11.2633,227.532153,72.710313,CP
3606,4.6200781,2.149,3480.0,7.04607,216.021,1068.0,5999.0,4.36,1.16,12.9551,24.670602,80.433347,FP
3607,1.82488,1.757,2950.0,24.8366,3161.32,2088.0,5773.74,3.51,1.23,9.15779,36.853585,-12.03893,FP
3608,4.2511214,2.823,13830.0,11.2617,240.568,1097.0,5501.0,4.48,0.94,12.1311,96.977875,74.00813,PC
3609,3.6022715,2.752,9700.0,14.4799,582.883,1368.0,6338.0,4.21,1.45,12.5401,87.952472,71.290609,PC
3610,3.6593967,3.917,4230.0,12.1105,1001.69,1567.0,5875.0,3.92,1.86,12.6521,263.891395,35.276512,PC
3611,9.8482192,4.24,1670.0,13.8742,206.691,1056.0,6126.0,3.46,3.31,12.1158,70.100556,81.077272,FP
3612,16.9020565,5.729,14890.0,11.3763,62.5724,783.0,5442.0,4.49,0.91,11.9039,86.617798,75.045539,PC
3613,4.0664446,1.712,19740.0,12.1827,89.3911,856.0,5421.0,4.54,0.86,11.5241,39.429743,80.267384,CP
3614,0.7011578,0.932,5890.0,13.2816,4863.59,2326.0,6036.0,4.13,1.51,11.5765,274.417782,34.091383,APC
3615,2.3745416,3.17,10590.0,13.6144,1303.71,1674.0,5865.0,4.23,1.3,12.7833,83.088172,79.809132,PC
3616,3.6841446,2.967,2260.0,3.74263,286.262,1145.0,4939.0,4.55,0.79,12.0672,30.021663,77.369001,FP
3617,3.2928068,2.107,16460.0,11.9432,159.842,990.0,5037.0,4.44,0.91,12.8508,61.055097,75.496655,PC
3618,3.6112621,3.5377447,5684.0944144,13.6137403,1818.5488883,1665.5243818,6450.0,4.03776,1.68443,10.5831,62.616081,-45.898243,KP
3619,9.7938352,4.6542394,6228.3071316,13.1815999,254.8254794,1019.0147305,5737.0,4.12,1.46202,12.8051,62.520982,70.915716,PC
3620,11.6999152,3.863,2960.0,12.0929,157.492,986.0,6906.0,3.94,2.16,11.2924,287.427001,56.364271,PC
3621,1.5822588,2.964,13280.0,10.5098,365.719,1185.0,5801.0,4.33,1.23369,11.7729,280.763651,24.089703,PC
3622,4.6174254,4.5173138,9412.560054,16.6632337,1212.0072219,1504.8598368,6411.0,4.1,1.67219,11.1477,335.39347,82.216079,PC
3623,7.3446285,5.044,4210.0,12.8665,506.001,1321.0,6320.0,3.94,1.99,12.7397,332.9053,82.730642,PC
3624,3.3207642,2.487,940.0,3.02356,586.762,1371.0,6142.0,4.55,0.95,11.2473,325.636227,77.734384,PC
3625,4.461878,2.937,500.0,2.32515,459.495,1289.0,5986.0,4.45,1.04,10.7152,230.780834,76.331882,PC
3626,12.822639,3.1703392,750.9057494,3.0954065,101.3928989,809.3225377,5986.0,4.45,1.0396301,10.7152,230.780834,76.331882,PC
3627,5.289835,3.179,2330.0,7.64474,2582.58,1986.0,6655.0,4.5,1.11,11.5576,345.981898,85.443022,FP
3628,13.4167713,2.151,1780.0,10.5098,365.719,1185.0,5801.0,4.33,1.23369,12.275,264.300955,72.086479,PC
3629,0.8659846,0.891,1660.0,8.86618,1311.06,1676.0,5815.0,3.89,1.92,12.2075,115.451745,74.183878,APC
3630,7.0114,4.8,8970.0,18.1417,753.673,1459.0,6084.8,4.01,1.82,8.28222,48.854393,-2.175314,FP
3631,4.4427146,3.2966866,12220.1525687,11.7585481,375.1250027,1122.4415956,5754.0,4.41,1.04413,12.2319,111.741144,72.229339,PC
3632,4.2607797,6.4465003,3857.0364187,13.7822358,3322.0021575,1936.2869886,7409.0,4.0,2.1503201,11.9399,110.150431,72.7594,PC
3633,4.3744258,5.275,8580.0,19.4866,1159.28,1625.0,6013.0,3.86,2.05,12.095,290.391821,73.350122,PC
3634,21.5615248,5.73,3600.0,7.76454,51.2879,745.0,5644.0,4.22,1.28,12.4899,290.057677,73.989657,PC
3635,3.522843,2.874,800.0,3.93303,638.021,1400.0,5952.0,4.33,1.39,12.2779,284.884564,73.513284,PC
3636,7.1406422,1.9916579,7517.3472752,11.978218,156.6452579,902.2960634,5463.0,4.42,1.00007,12.1926,316.012586,85.878209,PC
3637,5.236124,2.622,930.0,2.94616,188.943,1032.0,5604.0,4.47,0.96,11.6431,156.22955,84.754719,PC
3638,14.793901,3.171,8150.0,8.42756,19.3352,584.0,5095.0,4.52,0.84,12.9474,285.797008,57.388177,FP
3639,29.3821476,2.9371293,6575.439488,14.7329776,41.9877466,649.2327084,6016.0,4.36,1.1547199,11.447,173.833691,79.413053,PC
3640,3.4026932,5.23,2900.0,11.5347,1695.28,1787.0,5661.0,3.77,2.18,12.7553,311.820471,76.107008,PC
3641,5.62162,2.675,580.083,3.35879,334.683,1191.0,5834.2,4.24,1.27,10.0793,110.851802,-58.696738,FP
3642,2.190225,3.151,8750.0,15.1395,1559.45,1750.0,5929.0,4.09,1.56,12.3623,337.594234,77.865504,PC
3643,3.7453991,3.327,1390.0,3.17171,428.765,1267.0,5133.0,4.56,0.81,12.4747,286.720557,81.654539,PC
3644,4.1915095,3.187,900.0,2.33252,270.353,1129.0,4996.0,4.56,0.79,12.2997,268.045217,58.366826,PC
3645,8.2713274,3.809,20740.0,14.0507,146.225,968.0,5921.0,4.5,0.97,12.6361,175.198472,79.612558,PC
3646,1.5569519,1.066,950.0,6.93656,614.242,1386.0,6464.0,3.94,2.04,12.456,275.098441,71.161935,PC
3647,2.1632835,1.362,830.0,10.5098,365.719,1185.0,5801.0,4.33,1.23369,8.0935,198.540133,-16.559329,PC
3648,3.2089372,3.1,6310.0,19.3856,1849.02,1826.0,7423.0,3.89774,2.43,9.5399,202.001393,-29.791077,APC
3649,3.6928289,3.866,5223.0,15.6542,1756.36,1803.0,7042.0,3.97,2.13,10.1793,188.565163,-35.05366,APC
3650,2.2042212,1.011,4250.0,9.78883,97.961,876.0,5702.0,4.14,1.42,10.0415,192.13314,-13.65338,FP
3651,2.5485772,3.113,1270.0,10.5098,4846.69,2324.0,4813.4,4.33,1.23369,10.3738,202.416161,-16.555127,PC
3652,2.2359865,1.5254332,19058.0137423,13.4367443,491.325955,1200.7764901,5260.0,4.51363,0.844379,10.3074,60.385539,-20.450999,KP
3653,1.5954319,1.0,473.6397437,4.3219935,10433.760937,2577.685746,7511.0,3.92857,1.92067,8.2938,136.91925,-50.640231,APC
3654,0.5992462,2.2160462,23336.7389089,2.9851107,228938.9069511,5578.9137955,31000.0,5.59998,0.18,15.951,42.812401,-73.155511,FP
3655,27.848697,3.519,343.0,2.77036,19.8693,588.0,5399.6,3.9,1.56,9.2747,45.914751,-69.747697,PC
3656,11.7915574,1.6063345,661.9685157,3.2687802,187.5928059,943.8952366,6407.0,4.35687,1.24512,9.10478,329.829884,-19.7446,PC
3657,4.9019938,1.3243804,10774.951206,2.5554145,5.0534848,382.3996541,3147.0,5.04654,0.240807,14.2612,43.828475,-79.414704,CP
3658,16.5414219,3.4223633,1098.6666331,3.3270234,23.3426364,560.6053342,4395.6,4.49,0.938435,10.7194,172.227886,-38.106977,PC
3659,12.7503356,3.297,692.0,2.17135,54.0301,755.0,5639.0,4.55041,0.88,8.985,321.108012,-29.248223,PC
3660,30.8812601,10.7723374,425.1596999,5.2996592,148.9610746,891.0210182,6047.0,3.7899,2.2319901,8.301,48.283944,-34.375416,PC
3661,10.2813284,2.4414916,37333.9631684,11.8759119,10.9982809,464.4628168,3919.0,4.63413,0.593317,13.0123,290.672257,-51.426409,FP
3662,46.9621053,5.7665722,757.7887314,2.4680695,11.3814426,468.4562934,5744.0,4.56261,0.879321,8.7601,81.348892,-44.431285,PC
3663,0.4038426,1.0592218,636.6337963,1.442393,710.634979,1316.835102,4119.1,4.73,0.555,10.5886,104.153958,-59.181309,FP
3664,15.6062307,3.6444849,659.0717891,2.1494954,29.4183635,593.9834944,5067.0,4.54195,0.816585,10.6617,40.92402,-28.343988,PC
3665,742.8561164,5.6483285,415.3404179,2.2756143,0.4671053,210.8499272,5816.0,4.37494,1.10194,8.6282,151.707956,-29.966743,PC
3666,4.2300182,1.847,3470.0,17.0408,927.501,1537.0,6064.1,4.18,1.44,11.8791,23.788129,-41.507216,PC
3667,6.5081212,5.472,8260.0,11.511,473.037,1299.0,5652.8,4.38,1.27,12.7464,35.04738,-54.10332,PC
3668,1.0432995,1.169,3260.0,6.51532,1405.89,1705.0,5943.0,4.42,1.07,12.5496,22.26623,-8.17935,APC
3669,5.4447698,1.366,5420.0,10.5098,55.9408,761.0,5890.0,4.33,1.23369,12.6802,17.632245,-34.270678,PC
3670,3.125924,2.985,18690.0,17.3686,600.297,1378.0,5828.0,4.28,1.24,12.5345,16.001037,-31.68549,PC
3671,3.9017499,1.845,27430.0,12.6062,73.9553,816.0,4665.0,4.6,0.71,12.8512,62.022558,-12.332383,PC
3672,4.746318,3.117,12470.0,12.2509,290.335,1149.0,5648.0,4.36,1.09,13.3547,59.018561,3.610113,PC
3673,4.4466179,4.511,7930.0,16.7023,1257.77,1659.0,6534.0,4.03,1.85,11.5141,99.039982,6.472367,PC
3674,2.300698,3.451,780.0,4.87824,17366.7,3198.0,5747.3,4.57,0.85,10.6152,78.447702,7.055842,FP
3675,1.027641,1.977,12630.0,10.5098,2542.32,1978.0,5640.0,4.33,1.23369,13.5569,100.367833,-3.892372,PC
3676,3.5809733,2.18,36850.0,12.0428,40.4443,702.0,3790.0,4.64,0.61,13.5011,90.474724,-13.461371,CP
3677,2.6689906,2.854,14140.0,10.5098,728.121,1447.0,5247.8,4.33,1.23369,13.519,103.310748,2.936985,PC
3678,2.9531039,2.501,16770.0,10.5098,332.97,1190.0,5304.5,4.33,1.23369,13.5854,93.334811,-11.492309,PC
3679,3.9592516,3.269,3160.0,7.85756,1272.37,1663.0,7068.0,4.35,1.39,10.9786,86.905182,4.382898,PC
3680,5.9056572,4.314,10720.0,11.5383,523.023,1332.0,5076.0,4.4,0.97,12.672,101.297015,-1.96049,PC
3681,2.4170503,3.246,7730.0,13.975,1340.72,1685.0,5796.8,4.07,1.56,13.2045,98.984253,4.713477,PC
3682,1.0681394,2.082,7290.0,19.5184,7148.75,2561.0,7248.0,3.95,2.23,13.3581,98.313616,-4.1063,FP
3683,1.72328,3.005,14180.0,10.5098,365.719,1185.0,5801.0,4.33,1.23369,13.6625,100.898906,-1.158464,PC
3684,0.8631737,1.227,6330.0,12.7525,2000.07,1863.0,6142.0,4.17,1.47,13.2977,86.682021,3.98974,PC
3685,16.067522,2.6182382,2929.6501469,4.7909617,36.1060604,625.1939631,5718.0,4.35658,0.860124,9.2711,81.853282,-14.27674,CP
3686,5.1976858,1.8810737,437.4376044,1.9257346,162.5917886,910.7399798,5718.0,4.35658,0.860124,9.2711,81.853282,-14.27674,CP
3687,1.0754208,1.01,4950.0,9.41227,358.947,1212.0,4614.0,4.16,1.17,12.9715,109.772452,-14.970588,APC
3688,2.2715616,2.741,8190.0,10.5098,1884.67,1835.0,6671.3,4.33,1.23369,12.9289,110.792422,-13.219616,PC
3689,2.3485025,1.804,3070.0,10.5098,2588.32,1987.0,8807.8,4.33,1.23369,11.974,116.382113,-25.98469,APC
3690,1.0435229,1.476,4970.0,9.09391,2148.73,1896.0,6259.0,4.34,1.23,12.6825,117.475892,-10.381904,FP
3691,3.491383,2.999,4650.0,11.154,555.531,1352.0,5936.5,4.28,1.59,11.0071,110.24951,-13.926265,PC
3692,1.0994412,1.394,3860.0,11.0223,2816.92,2029.0,6915.0,4.19,1.63,13.0896,113.836327,-11.001601,PC
3693,2.1816809,3.83,1280.0,10.5098,13037.6,2976.0,8582.7,4.08,1.23369,11.2486,111.293211,-8.620052,FP
3694,1.1870337,2.7329029,8164.5762553,10.6747149,3443.5604618,1953.7620867,6325.0,4.41,1.15885,13.5295,112.729853,-28.684266,FP
3695,2.6269521,3.503,12010.0,17.6062,2547.74,1979.0,6976.0,4.22,1.58,12.7868,118.791369,-22.611009,PC
3696,1.1471548,1.403,2670.0,3.90118,249.626,1107.0,3901.0,4.47,0.75,16.0657,113.982909,-30.748181,FP
3697,0.6333372,0.6217089,1063.7800027,4.4957089,9433.5511834,2513.555923,5999.0,4.22,1.34655,8.96,71.802796,-17.253367,PC
3698,1.9138779,2.352,18720.0,10.5098,2433.26,1956.0,7246.0,4.33,1.23369,13.475,117.353395,-14.564683,PC
3699,2.8395663,2.1,9860.0,10.5098,412.404,1255.0,5858.0,4.33,1.23369,12.8542,116.806624,-14.55819,PC
3700,0.8335712,1.509,3340.0,12.5164,3359.53,2120.0,6158.0,3.87,2.09,12.9913,110.868087,3.134948,FP
3701,7.2654708,3.568,13930.0,13.0064,181.435,1022.0,5944.0,4.43,1.05,12.8006,104.807393,-37.45202,PC
3702,1.161347,2.471,4320.0,10.7619,6500.64,2501.0,6289.0,4.11,1.62,12.2815,114.747907,-30.575281,PC
3703,1.1355486,2.63,390.0,13.0419,47965.7,4122.0,10262.0,4.33,7.04,9.7402,117.121112,-19.340207,FP
3704,2.9628955,1.909,4610.0,14.7038,1606.41,1185.0,7998.0,4.33,2.04,11.5637,116.964425,-25.567936,PC
3705,3.4169475,2.454,6880.0,13.7893,705.607,1435.0,6610.0,4.16,1.63,12.5536,107.709537,-20.055305,PC
3706,6.0219203,6.6297461,14130.5442597,19.1085522,631.2157212,1278.3924624,5932.0,4.07,1.58618,13.5444,114.566022,-23.804576,PC
3707,1.1385671,1.897,6220.0,16.0326,13181.3,2985.0,9024.0,4.19,2.0,13.5964,110.294291,-9.500598,FP
3708,3.1615697,3.1425792,17482.2328085,14.8619546,758.1026175,1338.2946709,6072.0,4.41,1.0977401,10.4408,76.081891,-6.22978,KP
3709,1.9401022,2.4525242,6596.371503,10.5098,1077.9282958,1461.3936558,5436.9,4.33,1.23369,12.6356,117.673125,-26.52598,PC
3710,3.2970252,2.279,6550.0,13.4619,2098.67,1885.0,8945.0,4.35,1.67,12.3563,117.472121,-28.353484,PC
3711,1.2247985,1.645,7640.0,8.32531,1294.24,1670.0,5699.0,4.55,0.89,13.5184,115.809569,-26.239291,FP
3712,1.820443,2.643,7330.0,16.6319,2155.48,1898.0,6079.0,3.92,1.94,13.5689,113.266602,-30.104096,PC
3713,0.908232,2.28,5020.0,8.54322,7791.46,2617.0,6481.0,4.38,1.23,13.5392,106.355066,-21.109526,PC
3714,1.6562803,0.929,5610.0,9.54495,291.778,1151.0,6044.0,4.29,1.25,13.0556,106.633113,-38.054496,FP
3715,0.402106,0.8742577,2870.3905677,14.0727563,17100.1,3185.0,6115.0,3.72,2.44753,12.7411,149.853813,-45.449353,PC
3716,3.0482015,2.433,7620.0,10.5098,464.675,1293.0,5774.7,4.33,1.23369,13.1731,134.756209,-42.186803,PC
3717,1.2732245,1.634,23100.0,13.8628,1086.11,1599.0,4973.0,4.49,0.85,13.3502,141.395946,-33.229454,PC
3718,2.8123314,4.7153653,7201.8344297,16.8822046,3098.3194662,1902.8357335,6614.0,4.05,1.84646,12.7797,148.56571,-25.093582,PC
3719,0.99114,1.623,760.0,2.1212,1463.2,1723.0,5059.0,4.61,0.75,10.5094,71.921274,-17.745004,FP
3720,10.1238604,2.239,7090.0,15.7944,79.2946,831.0,6531.0,4.05,1.81,12.6943,139.661657,-32.748719,PC
3721,3.1118943,2.761,16660.0,14.3339,406.945,1251.0,5412.6,4.33,1.08,13.6438,140.328336,-39.325017,PC
3722,3.0579913,3.125607,7764.9825702,14.2454281,1601.6545359,1613.4739633,5967.0,4.07,1.59436,12.4688,113.17513,-51.998148,PC
3723,1.0886286,2.4298631,412.1764427,8.7147619,47343.510594,3762.1392317,6127.0,3.25,4.2160501,10.7492,134.371324,-52.039581,PC
3724,1.8665254,3.109,3606.0,10.2057,2933.46,2050.0,6310.3,4.33,1.61,12.4027,130.709387,-46.213327,PC
3725,3.1518711,2.0029844,4273.7152562,6.0819008,316.5055427,1075.7592264,5093.0,4.52,0.800841,11.7519,125.806237,-45.792458,PC
3726,12.8860009,5.137673,11434.9523427,12.0983571,122.295914,848.1501366,6126.0,4.41,1.11324,12.9,111.111271,-51.697365,PC
3727,4.3539599,3.4390219,41586.4865614,23.0280318,451.4099178,1175.6079755,5883.0,4.39,1.09523,13.5597,123.912362,-50.620853,PC
3728,5.1442317,5.856,4310.0,13.8382,1708.0,1790.0,5936.0,4.18,2.09,11.548,134.433236,-38.371148,PC
3729,6.772626,4.592009,8606.4623591,19.1292,203.5541234,963.362475,4360.5,4.33,2.12,13.551,119.480728,-52.651034,PC
3730,3.60364,3.728,6281.32,14.1007,2312.7,1931.0,6896.7,4.17,1.62,11.5781,78.098877,-13.605635,FP
3731,4.0185922,4.47,6230.0,13.9642,2154.02,1897.0,7156.0,4.15,1.77,13.4202,118.800431,-48.703146,PC
3732,0.9109508,1.473,4720.0,13.0531,18809.1,3262.0,9421.0,4.31,1.79,12.5405,138.052275,-39.657928,FP
3733,2.6085023,1.9206019,10431.5892384,13.8957666,1947.3076326,1694.2534985,7302.0,4.49,1.2122999,12.6583,131.72005,-51.191017,PC
3734,3.4192373,3.37339,19414.5446339,10.5098,506.3361054,1209.8442751,5658.5,4.33,1.23369,12.9027,131.969597,-50.470606,PC
3735,1.1462769,2.7834681,4058.2232173,14.1198099,12500.9173208,2696.8402433,6416.0,3.9,2.11854,12.5347,128.927489,-53.82826,PC
3736,2.5057108,1.962,3170.0,12.9673,2430.56,1956.0,8330.0,4.04,2.26,12.5225,124.351447,-45.406543,PC
3737,1.0962372,2.336,2460.0,15.7533,6446.8,2496.0,6519.0,3.54,3.25,12.7158,141.247814,-42.799765,FP
3738,4.6512523,2.251,3110.0,6.22936,432.038,1270.0,7192.0,4.56,1.1,11.7159,138.741096,-45.122969,FP
3739,3.8505662,2.499,6070.0,16.5768,475.693,1301.0,6353.0,3.88,2.13,13.3285,137.490377,-43.201719,FP
3740,8.9612626,1.8325932,11333.9389745,17.0901716,235.8695308,999.5113045,5435.5,4.33,1.1706899,11.9452,117.330048,-51.261706,PC
3741,1.3205037,2.0155519,469.4537481,2.1611735,1677.1571947,1632.1617353,5731.0,4.46,0.98926,9.59689,79.102193,-15.510242,PC
3742,5.4588359,4.555,3290.0,8.59319,809.823,1486.0,6349.0,4.33,1.41,12.1899,138.420407,-43.180476,PC
3743,1.5040804,2.955,6130.0,10.5098,558.567,1354.0,3810.2,4.33,1.23369,13.7682,137.285031,-46.184649,FP
3744,5.9977892,4.4957853,7349.0892262,11.3637133,547.2130805,1233.5559917,6613.0,4.36,1.2860301,11.1882,126.335415,-47.043046,PC
3745,0.8334976,1.452144,3841.4834968,9.0185699,7232.8618655,2352.0540215,6071.0,4.2,1.3925,13.5379,148.08664,-34.95789,PC
3746,3.1580472,2.6816352,7782.0821448,8.3204,562.9431543,1242.3268887,7606.3,4.33,1.01,11.8471,150.080535,-39.65956,PC
3747,3.7353995,1.836,2360.0,8.61993,230.421,1085.0,5895.0,4.1,1.53,12.1162,128.701521,-56.331828,PC
3748,0.8118585,1.102,6450.0,16.3456,832.714,1496.0,5051.7,4.33,1.97,13.453,145.77866,-58.510776,PC
3749,1.2125595,1.344,5110.0,11.1279,1780.99,1809.0,6719.0,4.25,1.48,13.079,166.070243,-49.821498,PC
3750,0.8133123,1.079,310.0,4.37963,6736.59,1185.0,8265.0,4.33,2.12,11.0418,119.311724,-56.962926,FP
3751,4.5766182,4.912,3770.0,10.5098,881.978,1527.0,5816.5,4.33,1.23369,12.4946,165.858908,-44.268776,PC
3752,0.6090253,1.099,6100.0,15.1945,8004.34,2635.0,5271.7,4.34,1.02,10.361,64.657083,-17.419833,APC
3753,3.4671474,2.405,4770.0,11.6401,391.83,1239.0,5886.0,4.07,1.58,12.5695,168.563889,-37.910133,CP
3754,4.5016988,4.716,4360.0,10.5098,820.448,1491.0,5829.0,4.33,1.23369,11.693,160.896457,-47.256331,PC
3755,2.7302636,2.645,9410.0,13.7961,945.722,1544.0,6307.0,4.25,1.39,12.8441,159.97958,-43.770389,PC
3756,2.9346956,3.447,11160.0,23.898,1718.88,1793.0,6728.0,3.9,2.23,13.3012,149.751407,-48.198662,PC
3757,0.4459299,1.266,14630.0,20.4459,44946.6,4056.0,8878.0,4.33,1.7,13.3992,173.718159,-63.445819,PC
3758,0.7617828,2.0029797,3487.6353826,10.5098,3748.9914891,1995.7142723,6132.7,4.33,1.23369,12.2951,147.713157,-62.203109,PC
3759,11.851162,3.1401245,5066.6012319,10.5098,96.5152588,799.4084682,4983.0,4.33,1.23369,12.0846,299.975106,-73.875934,PC
3760,3.2738129,3.306,13200.0,14.6729,786.258,1475.0,5976.0,4.27,1.27,13.2152,295.351296,-76.219867,PC
3761,1.7519943,1.624,4360.0,9.23623,559.892,1355.0,5483.0,4.14,1.39,13.0236,302.868371,-64.346282,PC
3762,2.0976705,3.016,2120.0,12.8941,1737.52,1798.0,5914.8,3.59,2.77,11.2851,235.165334,-81.203316,PC
3763,0.6333315,0.404,320.0,6.24344,451.285,1284.0,5713.0,3.67,2.35,7.82829,71.809927,-17.248613,APC
3764,3.518972,3.21,13820.0,13.7987,650.74,1407.0,5972.0,4.35,1.16,13.1296,304.700911,-58.687351,PC
3765,5.7626055,3.963,7420.0,10.5098,281.843,1141.0,5558.7,4.33,1.23369,13.1335,249.368745,-80.974073,PC
3766,13.5098037,2.695,24500.0,16.3981,47.2072,730.0,5780.0,4.51,0.94,12.0797,301.999038,-70.615591,PC
3767,3.0131053,2.207,13660.0,17.061,1049.56,1585.0,6838.0,4.32,1.4,11.227,276.828678,-77.131653,PC
3768,3.5008785,4.9601804,6338.2982031,14.5866828,1774.627038,1655.3754994,5759.0,4.3,1.8056901,13.0528,345.719245,-80.13947,PC
3769,1.1703152,1.319,5380.0,9.82528,2357.73,1941.0,6328.0,4.36,1.23,12.9526,250.890747,-75.988414,PC
3770,1.0268508,2.172,1430.0,3.2806,2280.33,1925.0,4938.0,4.49,0.85,13.5159,107.523368,-55.856558,PC
3771,4.2337624,2.413,5740.0,14.6498,360.852,1214.0,6387.0,4.0,1.86,12.5483,234.853397,-85.473742,PC
3772,6.0597,1.242,8270.0,8.06637,21.9969,603.0,5036.0,4.54,0.82,13.1853,100.198832,-56.546373,PC
3773,2.9757428,4.43,6820.0,18.7018,1810.83,1817.0,6025.0,3.81,2.18,12.0021,121.188359,-82.065763,PC
3774,4.0802864,9.528,7525.67,9.33426,229.346,958.0,5216.0,4.43,0.98,10.1672,72.977308,-53.829626,PC
3775,1.1771655,1.048,1050.0,2.93951,695.522,1430.0,5313.0,4.59,0.8,12.1412,109.815227,-80.473777,PC
3776,12.1525595,5.254,6400.0,10.0438,232.183,1087.0,6029.0,4.27,1.28,13.3404,290.530405,-83.233448,PC
3777,1.7201092,2.622,7570.0,9.82252,1736.59,1798.0,5878.0,4.36,1.13,13.0566,266.633808,-70.409811,FP
3778,1.6242109,2.273,17740.0,14.9916,1180.41,1632.0,5705.0,4.39,1.06,12.6211,302.978454,-49.001569,PC
3779,2.4330551,1.882,15280.0,10.5098,359.358,1212.0,5512.0,4.33,1.23369,13.5137,285.628501,-31.54321,PC
3780,11.3929129,4.46,6880.0,10.0728,81.354,836.0,5217.0,4.28,1.14,13.4783,4.632474,-84.360009,PC
3781,19.9706574,1.8801996,1037.3799062,3.1454612,24.4738096,567.2769582,4985.0,4.45,0.899081,10.4161,33.449996,-27.867678,PC
3782,16.5272651,3.5945709,1074.4297512,2.9241556,27.0141494,581.4569608,5030.0,4.53132,0.821739,10.8724,14.351872,-21.550474,PC
3783,722.2619756,7.7126298,480.796335,2.7207078,0.6771439,231.3609161,5857.0,4.26578,1.22059,9.1259,35.988175,-34.109932,PC
3784,6.6019866,5.754,600.0,3.55715,1325.35,1680.0,6758.0,4.28,1.45,10.2696,182.100526,-55.047088,PC
3785,0.58644,1.441,443.281,2.31276,6607.5,2511.0,5997.7,4.33,1.0,8.2482,60.278439,4.540868,FP
3786,0.8062768,1.963,660.0,9.05313,18112.6,3231.0,7311.1,4.16,3.37,9.9747,175.539949,-57.368489,FP
3787,6.5445251,2.138,787.0,2.62701,94.6613,868.0,5686.0,4.46,0.98,10.1737,166.25097,-46.034539,PC
3788,38.7617056,4.6125854,748.329209,2.7276166,13.9589669,492.9842774,5653.0,4.55306,0.876001,10.2891,14.736175,-76.589893,PC
3789,8.6110844,2.0181798,542.6102038,4.3063675,716.9343478,1319.7436969,6908.0,4.12055,1.76524,9.4623,72.356386,-43.353685,PC
3790,15.5718552,4.931,380.0,2.44317,115.206,912.0,6352.33,4.30502,1.31,8.4642,126.615828,10.080371,KP
3791,31.7180208,2.3326321,292.8649645,2.2998049,55.617465,696.5022874,6352.33,4.30502,1.30883,8.4642,126.615828,10.080371,KP
3792,183.0019106,2.5483505,396.3670005,5.5931205,22.4438469,555.1292025,6200.0,3.63371,2.7539101,7.8459,310.443577,-68.134987,PC
3793,374.3644315,3.6392863,310.5114444,5.1223706,8.6426188,437.3016226,6200.0,3.63371,2.7539101,7.8459,310.443577,-68.134987,PC
3794,2.7299049,0.8257288,7427.7249664,1.3513606,4.0669768,362.1910146,2887.0,5.15917,0.155498,14.2683,64.13091,-28.315791,CP
3795,32.6966225,4.4291505,109.1812241,1.319509,33.7476406,614.7246147,6079.16,4.438,1.09843,6.6418,81.327498,-75.693734,PC
3796,4.6545299,3.3150548,23.45397,0.5707793,454.0247235,1177.3067261,6079.16,4.438,1.09843,6.6418,81.327498,-75.693734,PC
3797,9.1512776,2.616,1074.0,2.45142,55.3616,759.0,5015.0,4.47652,0.79,10.339,327.753069,-43.562364,CP
3798,87.22287,2.1563739,661.1667085,2.5058764,6.3790933,405.3306898,5220.0,4.54936,0.829943,9.456101,158.578516,-9.162846,PC
3799,12.4610086,3.3195777,2078.1425981,3.2809492,28.3587888,588.5612549,4891.0,4.62,0.726632,8.1705,83.26925,-26.72387,CP
3800,0.4900589,1.0123328,291.0399722,1.4741529,2120.4474663,1730.7192689,4891.0,4.62,0.726632,8.1705,83.26925,-26.72387,CP
3801,739.1670007,5.7183604,1376.1395053,2.6735992,0.0724872,132.3381364,4159.0,4.53501,0.721084,9.4961,351.903531,-25.508462,PC
3802,15.0700779,3.8675641,852.6165721,2.7293235,35.2598429,621.4981538,5159.0,4.519,0.850729,10.7236,41.685522,-31.17932,PC
3803,0.9902892,1.3567356,278.9096992,1.4156529,1329.6938235,1540.1309997,5159.0,4.519,0.850729,10.7236,41.685522,-31.17932,PC
3804,726.1175225,2.2543368,1707.6927809,2.4385296,0.6393259,228.0606305,3808.0,4.69366,0.55033,10.4779,37.547588,-3.405125,FA
3805,6.8227645,6.5295445,225.7612905,3.6003512,832.7758427,1370.0984633,5781.0,3.82788,2.0587699,9.6032,108.884571,-55.555017,PC
3806,73.580982,2.1441598,347.4450365,3.3991025,57.7754894,703.162429,7802.0,4.21386,1.76118,8.22109,71.266602,5.871586,FA
3807,8.2860468,3.4753488,540.5097415,2.329367,109.8009001,825.6029283,5809.0,4.56733,0.914215,10.2768,344.622965,-44.716935,PC
3808,20.2730282,3.651,17182.0,10.4386,20.4393,592.0,5742.0,4.58473,0.86,12.7462,126.5535,12.281851,KP
3809,238.8542072,4.121586,1942.5423551,3.7779894,0.5496819,219.607722,4354.29,4.39555,0.865987,10.0121,38.31042,1.69093,PC
3810,1.1343824,1.4445,313.8458861,1.7532446,1466.6875463,1578.3530385,5683.0,4.58721,0.846842,10.3687,59.771874,6.924473,PC
3811,4.0802864,7.7272055,6743.4455261,6.5519689,4.8945816,379.3574727,4438.0,4.438,0.725033,10.82,100.971875,-43.892984,PC
3812,2.24704,2.713,18890.4,18.1799,1793.26,1812.0,6846.0,4.23,1.2,12.6038,57.865664,-10.614078,FP
3813,703.6156148,5.1339345,643.185497,2.9483243,0.4576592,209.7757615,5871.0,4.43296,1.03563,8.6022,51.640345,-43.613665,PC
3814,46.4093732,4.822337,435.7347505,2.1862997,17.1730953,519.1966657,5871.0,4.43296,1.03563,8.6022,51.640345,-43.613665,FA
3815,4.0802864,5.7408858,177.9248977,3.3520677,431.0470784,1162.1198678,6163.97,3.72396,2.4612,7.3016,327.947949,-70.351914,PC
3816,13.4190972,5.209244,348.2384065,2.4168515,123.7286797,850.6234364,5914.2,4.30929,1.20531,10.162,73.7411,-41.34421,PC
3817,14.6762658,3.2320455,3499.9379734,2.8523348,3.139825,339.5049488,3414.0,4.77364,0.458861,12.531,54.466785,-30.057438,FA
3818,21.9692578,3.5662307,7940.6152389,4.1061739,1.8336046,296.7878863,3414.0,4.77364,0.458861,12.531,54.466785,-30.057438,FA
3819,6.2509468,1.1882969,770.1195597,1.1306823,8.76241,438.8091174,3479.0,4.8309,0.395397,9.75311,145.646473,-19.235699,PC
3820,1.6500673,0.9198679,2709.5349576,2.3990078,60.7790529,712.1282782,3896.0,4.70541,0.454049,11.8206,101.848588,6.128717,PC
3821,1826.0790324,4.1474226,587.1608288,2.7599003,6.5512188,408.0376856,6034.49,4.42122,1.07903,7.7158,351.988437,-26.454622,PC
3822,0.8303285,0.665,680.0,3.44971,691.538,1428.0,3672.0,4.68064,0.57,12.1285,73.206864,-76.339681,PC
3823,703.79367,2.9297301,601.9566843,1.860295,0.3066589,189.7945133,4709.0,4.57486,0.739835,7.7679,68.288836,-36.945858,PC
3824,2.9224661,5.5560255,5724.017673,20.8842189,3990.5716341,2027.1156538,5520.0,3.55,2.7442901,11.8832,329.563915,71.131605,CP
3825,1.17409,1.701,3680.0,49.6799,34547.8,3798.0,8242.0,3.61,3.67,9.1414,78.778396,-15.100464,FP
3826,3.3513304,2.739,400.0,17.7728,295.994,1155.0,4886.0,4.33,8.71,7.6581,220.350188,-33.950483,PC
3827,2.9034242,2.154,860.0,6.62177,554.218,1351.0,5992.0,3.77,2.25,10.1952,231.248546,-40.216633,PC
3828,5.4468377,3.303,842.0,4.39864,631.423,1396.0,6793.0,4.15,1.68,9.783,209.699173,-40.619073,PC
3829,8.9021443,1.7633959,1427.9681446,9.954598,597.3455143,1260.8869541,6606.0,4.09,1.7521,9.326,229.730951,-44.500399,PC
3830,8.2197647,1.673,1040.0,7.65998,70.2704,806.0,6657.0,3.93,2.12,10.2591,219.476976,-46.285122,PC
3831,4.5006638,4.588,2110.0,14.2378,25501.0,3520.0,8933.0,4.45175,1.48,11.5124,199.734195,-62.974419,FP
3832,16.3363665,1.9933922,3884.6785375,2.0492403,1.6932987,290.9398052,3365.0,4.89744,0.326568,11.0196,206.107013,-40.337351,CP
3833,2.2861792,4.7932724,2091.705573,2.8172922,99.4164306,805.3493105,3953.0,4.6489,0.617703,11.1567,164.289787,-69.979379,FP
3834,7.4997774,1.278,2050.0,10.1994,475.6053843,587.0,4979.2,3.92,1.91,10.0865,196.73335,-58.110955,APC
3835,1.2540806,1.3435517,66025.099426,10.3493319,73.5478383,746.8996014,3455.0,4.82691,0.399724,14.0644,212.92874,-29.973981,FP
3836,4.3888516,3.0184015,24964.547823,13.8994523,192.2328216,949.6785627,5175.0,4.46488,0.877856,12.8461,80.538242,-30.970818,KP
3837,2.6680587,2.978,580.0,3.45609,1634.14,1771.0,6406.0,4.23,1.44,10.0116,175.66163,-40.060512,PC
3838,18.4043334,7.879331,9135.2110162,1.2834433,0.2638693,182.7961243,2891.0,5.22041,0.133376,13.7827,291.534894,-43.187188,FA
3839,5.538329,2.2263888,1407.1118648,2.2721409,27.6818339,585.0169701,3883.0,4.65275,0.598175,11.0318,324.38942,-77.979147,CP
3840,10.6886084,2.6672245,1501.1726341,2.4642245,11.5205083,469.8807571,3883.0,4.65275,0.598175,11.0318,324.38942,-77.979147,CP
3841,11.5419996,2.9782456,436.9224912,2.2003248,92.6531333,791.28836,6112.0,4.5884,0.901955,11.255,101.830564,-56.617503,PC
3842,731.4808779,14.7095051,244.9088772,3.2537107,1.6906613,290.8264482,5854.0,3.83792,2.0546,9.4826,69.651026,-61.343471,PC
3843,12.8910022,4.0905287,15119.3900089,2.3547529,3826.582755,2005.9611934,31000.0,5.59962,0.18,14.752,298.438373,-69.852102,PC
3844,3.9077116,9.5278364,599.6319099,1.5722799,50.3800695,679.4921442,3917.0,4.61771,0.64011,12.4375,86.01889,-66.359097,FP
3845,35.3573239,6.8669784,617.495317,4.0299536,112.9275005,831.4184898,7607.0,4.31008,1.56285,8.83419,84.193559,-24.031219,PC
3846,602.2414377,8.9413154,212.3422701,2.8007691,2.0361805,304.6658771,6128.0,3.96225,1.8626699,8.3987,83.90994,-57.13863,PC
3847,749.1605231,4.9894211,1750.9801691,2.343896,0.033452,109.0750517,3851.0,4.71539,0.558169,11.7463,0.129574,-26.231082,PC
3848,3.352907,2.3906731,4205.1961016,5.2933196,76.2487269,753.6642219,3978.0,4.438,0.672832,12.9383,59.410574,-25.189938,PC
3849,4.875907,3.055303,161.5871353,1.5012269,440.1792133,1168.2267112,5937.0,4.35104,1.1487499,8.9504,32.883907,-76.107434,PC
3850,20.1459438,4.4706494,575.5886941,2.4401617,28.3520842,588.5264649,5303.0,4.4996,0.888701,11.0155,61.759269,-58.151013,PC
3851,11.8918633,4.78248,362.6899452,1.692303,55.1801287,695.1290314,5461.0,4.57288,0.834552,9.3391,346.832823,-60.084972,PC
3852,718.1809317,2.9233151,973.6269156,1.3653089,0.4312565,206.6824792,3614.0,4.80335,0.425623,10.3347,48.583356,-34.032804,PC
3853,10.6306165,1.8847446,775.4826057,2.7943472,100.1839963,806.8992976,5737.0,4.47544,0.969791,10.1075,32.671165,-0.678884,PC
3854,4.0802864,12.2281537,186.2920833,3.0678483,1.6848896,290.577919,5423.0,3.73635,2.1748199,7.2298,98.143838,-55.648969,PC
3855,579.6491413,4.5677971,481.9956149,3.6009616,2.08493,306.4732804,6855.0,4.20414,1.5925601,9.2546,83.995969,-63.926388,PC
3856,1.8141215,4.6006154,129.4041201,1.3180464,1468.5674284,1578.8585471,5789.58,4.35115,1.12713,10.5385,106.913225,-66.406577,FP
3857,97.6087634,5.5654641,658.8471408,2.3777411,3.4586932,347.8145617,5830.0,4.57203,0.823673,8.9077,344.124307,-76.797679,PC
3858,2.4360845,2.495,350.0,2.46916,1556.22,1749.0,6529.0,4.33,1.32,9.5115,149.731452,-53.301515,FP
3859,1.8756,0.989,5666.3,10.5098,40.3912973,642.971466,3549.7,4.87,1.23369,13.0734,61.639511,-25.094117,FP
3860,3.0749338,1.3032724,1656.5920494,1.294885,12.6974686,481.4476115,3246.0,4.91671,0.308247,12.747,21.71927,-68.634522,PC
3861,741.4255896,5.2428848,498.0174143,2.7683483,0.6112359,225.5131964,5944.0,4.30249,1.22039,8.6661,141.347664,-15.922146,PC
3862,7.5480612,5.1850184,248.5318749,2.8270616,618.5525736,1271.9320305,6688.0,4.19679,1.57319,8.4592,106.396137,-51.38399,PC
3863,2.118659,1.5585526,664.8120556,1.8325534,144.785351,884.7099373,4002.0,4.5511,0.69132,11.2473,37.110555,-12.549363,PC
3864,5.4240691,1.6875037,1766.8589296,2.093707,13.3328224,487.360439,3500.0,4.76752,0.465777,11.3993,80.066927,-4.239248,PC
3865,3.3784254,2.093,1000.0,4.57722,477.405,1302.0,6311.0,4.23,1.41,10.3593,231.955685,-56.319054,PC
3866,2.6374449,1.661,495.0,4.35478,264.845,1123.0,5355.0,3.82,1.96,10.1441,180.29815,-67.760233,PC
3867,2.5025812,2.771,807.0,4.90076,8453.85,2671.0,5603.0,4.49875,0.91,9.462,202.167147,-61.83472,PC
3868,4.4518604,2.8339358,3558.2211894,34.0312942,26875.974397,3265.5835844,8353.8,4.1,3.60934,10.0199,202.652035,-61.218031,PC
3869,13.576858,4.628,263.0,3.5804,234.695,1090.0,6730.0,3.8,2.5,9.329001,100.58781,-58.18322,PC
3870,2.7439029,1.503168,13852.3979585,11.9292388,306.4170427,1067.0824537,4860.0,4.438,0.885702,13.5452,84.326756,-27.972576,KP
3871,2.5610662,4.338,170.0,2.3454,3075.23,2074.0,6161.0,3.95,1.9,9.32312,201.461155,-16.428176,PC
3872,1.0604139,2.084,1050.0,4.5487,4172.86,2239.0,5801.2,4.22,1.62,10.2089,186.900833,-60.163329,PC
3873,3.2752127,2.473,640.0,2.81928,563.835,1185.0,5496.0,4.33,1.03,10.4286,218.855499,-76.214095,PC
3874,5.9423119,1.906,1190.0,5.82885,281.66,1141.0,7217.6,4.11,1.63,9.8459,203.175914,-65.241367,PC
3875,13.2689495,2.8,770.0,7.74981,328.707,1186.0,9635.0,3.92,2.85,10.1908,180.433197,-61.954742,PC
3876,5.9685742,2.059,340.0,6.64236,1041.97,1582.0,10390.0,3.79,3.44,9.4128,206.77501,-70.50753,FP
3877,1.6089592,2.58,320.0,4.49321,5042.03,2347.0,7029.0,3.86,2.42,10.2973,223.305502,-50.796242,PC
3878,4.3771602,8.4125583,1562.1690434,13.942648,431.0953933,1162.1524311,4913.0,4.33,3.41348,10.7934,164.932471,-82.22135,CP
3879,1.0690665,1.4807714,2898.6037459,9.4235411,3231.5182291,1922.9650992,5930.0,4.36195,1.13442,11.7993,20.278556,-85.590652,PC
3880,3.2532293,5.1476018,6232.495474,16.6046173,2886.4459279,1869.436019,6368.0,3.91383,2.06072,11.8994,252.047881,-32.433753,PC
3881,5.8123611,1.883,994.0,2.47071,87.171,851.0,5210.8,4.58,0.8,9.4464,56.504694,9.990299,PC
3882,1.3289805,1.8121498,2266.4159727,10.5098,1785.1081579,1657.8143068,5780.0,4.438,1.23369,11.2211,252.281636,-54.20468,PC
3883,1.4974223,2.2238426,39324.5082012,16.7115651,846.5055834,1375.7109888,5377.0,4.5569,0.841058,12.2907,263.167427,-64.352997,PC
3884,10.6895417,3.6496675,643.3958437,3.7848,281.558995,1044.7493296,6255.0,4.19885,1.45476,9.3397,266.167558,-44.24599,PC
3885,3.0421334,1.5964685,2054.3050277,16.8899988,4675.4937303,2109.0001921,5715.4,3.92,2.40325,9.8062,258.918826,-79.648182,PC
3886,14.3171998,5.454,1649.0,6.37558,513.65,1326.0,7596.0,4.27063,1.61,9.657,223.193604,-68.666543,PC
3887,9.2172172,7.3550279,2470.4394385,14.1810894,1556.8674784,1602.074328,6840.0,3.72526,2.7639699,10.6163,268.198087,-45.082806,PC
3888,2.0134389,1.211,821.0,5.85423,1252.91,1657.0,8127.0,4.24828,1.75,9.7688,246.621368,-63.457879,PC
3889,3.562038,6.1241184,4495.4158742,16.7501675,4654.1090944,2106.5845241,7042.0,3.85746,2.42923,10.8267,266.746645,-47.208394,PC
3890,4.4751215,2.8830849,3015.7575096,5.7006805,277.734358,1041.1831996,5225.05,4.35079,1.04312,12.0996,302.582047,-78.726156,PC
3891,11.4041935,1.7478969,2216.7191401,18.1901191,1064.6019947,1456.8558039,6160.0,3.55136,3.0048201,9.50494,256.44018,-30.816707,APC
3892,3.85589,3.9555399,9747.6035597,14.5222913,1062.0298035,1455.975026,6244.5,4.21,1.43256,11.7231,75.299664,-26.054144,KP
3893,4.3954444,1.602,1622.0,10.5098,122.602,927.0,5095.6,4.33,1.23369,9.4148,262.647539,-52.336729,PC
3894,5.2910096,4.122,1670.0,10.5098,365.719,1185.0,5801.0,4.33,1.23369,7.301,236.069274,-54.320889,PC
3895,3.9693722,2.005,570.0,6.3435,1088.68,1600.0,7030.0,3.86,2.43,9.2752,241.778637,-55.768002,PC
3896,2.2676081,1.671,880.0,6.4197,541.948,1344.0,5958.0,3.87,2.0,10.4708,264.977797,-31.010482,PC
3897,1.491916,2.3336552,1474.3347879,26.399811,132008.3553386,4861.4979242,9747.0,3.54,4.42729,10.3355,239.561368,-65.084504,PC
3898,3.7590079,3.304,869.0,7.61924,3166.13,2089.0,9505.0,3.83,3.13,9.087,262.519987,-42.456376,PC
3899,7.4398211,3.068,1362.0,5.48138,435.566,1272.0,5822.0,4.14,1.45,10.0288,256.820009,-66.127056,FP
3900,2.6646183,4.135,840.0,4.25649,32848.2,3750.0,11526.0,4.56,1.52,10.4304,265.109377,-32.124087,FP
3901,5.7525195,3.718,8852.0,10.5098,365.719,1185.0,5801.0,4.33,1.23369,9.933,260.799238,-51.024433,APC
3902,7.7121208,2.4343481,728.4849109,3.004038,219.2841258,981.4576128,5985.4,4.4,1.08958,7.7582,287.741144,-60.272636,CP
3903,1.0817,1.588,341.533,2.07554,2462.7009749,1796.6880123,5759.2,4.45,1.02,7.6818,82.245986,-17.429564,FP
3904,7.0673086,3.7698984,11374.0675653,19.861219,473.9083963,1189.9901056,5478.8,4.4,1.63563,11.943,317.159425,-55.56516,PC
3905,0.450264,1.1871566,331.3974583,1.7032799,4762.264913,2118.717907,5366.0,4.49884,0.898718,11.0876,43.136576,-30.206588,PC
3906,3.6989935,3.1714365,202.5887314,1.6638173,600.2526421,1262.4182658,5811.0,4.33357,1.15018,9.8429,53.504784,-54.36679,PC
3907,4.4619849,4.7377554,289.2473176,3.3948452,1062.1333752,1456.0105222,5515.2,3.91,1.72395,10.7888,90.71014,-55.532931,PC
3908,39.6244593,2.0198182,4510.6852078,16.7643991,48.5323772,673.1744755,5869.0,4.07271,1.56795,10.7108,123.724987,-57.433076,PC
3909,5.9213823,2.0412715,1246.8413911,2.4079887,48.1563232,671.8666429,4361.0,4.59663,0.687025,12.3813,101.595337,-75.444127,PC
3910,1.092938,1.6288624,379.868608,1.3607289,458.2369338,1180.0278904,4361.0,4.59663,0.687025,12.3813,101.595337,-75.444127,PC
3911,30.0817797,3.934256,5387.6987779,12.0155026,58.0097915,703.874247,5906.5,4.16721,1.41293,10.5663,18.048516,-56.925387,CP
3912,7.1362966,1.9458943,826.1741694,2.9744554,170.5120306,921.6340387,5559.0,4.41401,1.01775,10.9015,50.21978,-56.071719,PC
3913,2.0542479,1.0893489,2037.7579207,2.9394675,182.7652825,937.7631764,4389.0,4.64365,0.655595,13.2896,93.180626,-57.314409,PC
3914,92.4918048,6.8943594,11487.575281,7.7703331,2.0465559,305.0532485,4930.5,4.33,0.732008,11.8911,81.818658,-54.946098,PC
3915,2.87436,1.901,2490.41,7.91346,2011.82,1865.0,6805.0,4.26,1.44,9.19901,74.472782,-13.703709,FP
3916,26.0179101,4.5258048,766.5356589,2.5512622,26.2295252,577.1880843,5489.0,4.44576,0.913252,10.5978,44.396282,-66.512498,PC
3917,13.7748361,4.454,309.0,2.67656,114.929,912.0,6266.98,4.19069,1.47,9.15722,126.896827,11.667413,KP
3918,2.0340967,3.397,1283.0,6.38274,4644.28,2299.0,6849.0,3.99,2.05,10.2956,249.808328,-52.099838,PC
3919,4.4719937,2.619,170.0,1.08366,214.229,1065.0,5364.0,4.5,0.89,9.6256,97.227889,-73.326667,PC
3920,1.8697825,2.721,2940.0,10.5098,365.719,1185.0,5801.0,4.33,1.23369,10.3147,267.475228,-37.531317,FP
3921,1.830108,1.936,3391.0,10.5098,365.719,1185.0,5801.0,4.33,1.23369,10.0209,247.098356,-49.514152,PC
3922,9.3305377,5.232,5610.0,15.2895,299.515,1158.0,6238.0,3.94,1.96,9.5378,251.780014,-39.947307,PC
3923,5.2574854,2.05,1250.0,2.88855,69.4717,804.0,4846.0,4.57,0.76,9.3456,244.467204,-54.166478,PC
3924,7.6247217,1.972,813.0,2.26441,42.4746,711.0,5343.0,4.58,0.82,10.0819,273.846341,-68.595252,PC
3925,25.7086236,3.831,1430.0,2.81726,13.2098,531.0,5343.0,4.58,0.82,10.0819,273.846341,-68.595252,PC
3926,16.155134,3.528,590.0,2.42196,39.0235,696.0,5785.0,4.45,1.01,10.3468,288.488957,-76.089319,PC
3927,4.0520368,1.5605128,5512.4033193,4.9523134,38.5441194,635.4908204,3779.0,4.64,0.607751,10.7329,64.190221,-12.084864,CP
3928,4.7259317,2.7740362,6309.6615331,16.7543131,1342.2730931,1543.7606642,6203.0,3.98,1.85891,9.550201,246.799613,-69.344037,PC
3929,21.7004042,9.415,406.0,3.16777,224.371,1078.0,5788.7,4.22,1.78,10.4078,84.237192,-75.611421,FP
3930,4.90826,4.324,8881.0,15.7889,4791.11,2317.0,7995.0,4.2,1.83,9.944,270.051173,-31.608593,PC
3931,1.3875331,2.679,952.0,3.16086,13423.0,2998.0,5678.0,4.33,1.14,10.4425,252.03108,-56.686774,FP
3932,17.7424733,3.082,880.0,2.00179,12.8216,527.0,4926.2,4.67,0.69,9.8496,268.24441,-48.563082,PC
3933,5.412802,4.168,3860.0,9.28727,673.425,1419.0,6468.0,4.22,1.47,9.3777,264.841449,-35.391821,PC
3934,3.905126,2.9136919,23549.9259888,14.5499431,300.1569738,1061.5900983,5381.0,4.45342,0.947475,14.5787,294.865467,46.285813,KP
3935,4.6182631,2.7008637,20287.618268,13.3976162,204.8121523,964.8475089,5328.0,4.50337,0.889218,11.3427,135.049261,72.147747,PC
3936,1.8555745,2.3121742,10888.0377261,14.8951809,2077.5291591,1721.8944712,5651.75,4.13988,1.40959,13.9174,294.513246,45.981645,KP
3937,3.4505658,3.0397698,15044.6453237,12.8140087,432.6350726,1163.188716,5402.0,4.37462,1.04301,12.7714,225.589638,70.949594,PC
3938,3.3106692,3.7033867,9189.7342523,13.382013,1061.5542425,1455.8120076,6030.0,4.22,1.3514301,12.0682,71.824435,-17.115174,KP
3939,6.6363577,6.385,7470.0,12.2701,543.643,1345.0,5490.0,4.09312,1.46,12.8668,286.680147,78.579143,PC
3940,4.8854844,5.2333985,7009.1394983,18.1759557,1459.3547301,1576.376555,5974.0,3.84282,2.0812199,12.4532,288.581493,41.089734,KP
3941,3.0413391,1.5149962,27645.4859583,25.3471107,201.6318379,961.0799713,4034.0,4.21431,1.02777,12.5386,271.308219,47.911223,PC
3942,0.9023951,1.6045865,5385.0871091,10.5098,2991.0733649,1886.1512508,5780.0,4.438,1.23369,14.2502,287.57055,43.531709,FP
3943,2.6843081,2.7683352,18209.9206621,13.9748499,651.2557496,1288.4205473,5616.02,4.4174,1.01895,13.814,292.855719,46.391188,KP
3944,3.5256535,2.5111799,23882.7029386,12.1210086,189.762184,946.6123519,5003.05,4.56877,0.783768,14.6147,290.581743,40.577311,KP
3945,1.7590566,3.5349264,10499.9757194,20.9577864,5910.4855015,2236.2766989,6250.0,3.91912,1.9992501,11.8931,308.426581,87.009328,PC
3946,5.8929985,3.788,17850.0,16.0223,342.766,1198.0,6182.0,4.3753,1.17,13.0024,293.583219,76.661086,PC
3947,7.4463034,2.0033138,4045.7241785,2.4048644,5.6286114,392.8439471,3353.0,4.84911,0.375859,11.2695,270.317239,35.594899,CP
3948,3.3792358,2.8993928,18782.5364499,13.059562,395.4518688,1137.3474484,5529.0,4.47066,0.948617,13.8686,284.280822,48.537916,PC
3949,17.9635083,4.4297958,1266.94519,3.2970197,23.4693523,561.3646044,5229.0,4.55429,0.794471,9.0567,64.183998,-26.766407,CP
3950,4.0822894,3.2882557,16484.9762858,10.5098,399.7768506,1140.4445133,5780.0,4.438,1.23369,14.6979,284.830443,44.658093,KP
3951,4.3753714,4.8701814,7945.0338179,18.673261,2658.9801496,1831.4645775,7305.0,4.05424,1.99827,11.0477,276.123535,32.065393,PC
3952,4.0434287,3.388,8960.0,16.7752,827.311,1494.0,6557.0,4.08473,1.75,13.4835,88.754704,82.889011,PC
3953,1.8498567,2.518276,195.4102498,1.7193265,1194.2103654,1499.3048942,5834.0,4.44433,1.0173301,7.9147,274.268664,21.909546,PC
3954,10.3088724,2.2763645,372.3295802,2.2122841,120.8695,845.6661185,5834.0,4.44433,1.0173301,7.9147,274.268664,21.909546,PC
3955,5.2410659,3.0113696,8947.1015296,12.4231453,528.7500273,1223.0165958,6064.0,4.27292,1.28562,13.5728,285.971768,42.545624,PC
3956,4.2253498,2.7695297,7240.8152367,8.8893197,342.3014046,1097.038628,5501.0,4.39363,1.03122,13.4584,287.130578,42.350153,KP
3957,2.4552388,1.7323271,44130.1605859,12.9928631,77.5068035,756.7539667,3792.0,4.63873,0.614823,14.9826,292.872929,41.064173,KP
3958,4.1596837,2.5973202,17900.4756514,10.0262443,74.58191,749.5111965,4230.0,4.55383,0.711036,13.5868,172.872285,71.081486,PC
3959,1.0186989,1.4947875,91558.6353269,10.5098,2544.6509492,1811.45189,5780.0,4.438,1.23369,14.956,293.732783,36.815494,KP
3960,2.7519172,1.329,9811.0,13.4019,328.515,1186.0,5856.0,4.25,1.28,10.3446,278.326026,25.395158,PC
3961,0.7649571,1.094,1900.0,12.9538,12939.9,2971.0,6307.9,3.97,1.65,9.1577,77.323576,-36.591034,PC
3962,10.6925011,3.491,1200.0,4.01292,93.3426,865.0,5844.0,4.34318,1.15,10.5801,306.137819,87.071156,PC
3963,8.8517354,4.3401879,1034.8661285,3.6624912,190.2722086,947.2477653,6138.0,4.43818,1.07689,8.5608,274.760444,34.045704,PC
3964,3.4149091,2.7231879,13219.6475165,13.9171881,537.9836369,1228.3213942,5480.0,4.31394,1.13032,13.5167,270.165725,72.939501,PC
3965,2.9985667,3.025166,28040.9068572,17.8036847,748.0922226,1333.854734,6126.0,4.46702,1.04172,13.7703,289.839513,56.93037,FP
3966,3.1208396,2.405278,17027.4064902,16.2108254,744.4110758,1332.2108185,5983.0,4.3973,1.09921,14.3168,282.966215,48.345055,KP
3967,1.5449334,1.1043459,4941.8700913,10.7011777,3717.1991885,1991.4697226,6136.25,4.15767,1.4874001,12.8939,294.192119,39.618973,KP
3968,4.9427985,3.3153828,11349.4838661,15.3204961,469.3399619,1187.1118303,5550.93,4.18442,1.32567,13.2394,296.200551,49.14003,KP
3969,3.2175184,1.8986264,12691.8036893,10.5529773,393.9910424,1136.2956303,5549.0,4.50842,0.912927,14.3258,289.434667,49.473455,KP
3970,3.9393773,5.61,4110.0,13.625,1680.38,1783.0,5904.4,3.84,2.1,11.0672,252.125998,74.76375,PC
3971,5.7475343,1.846,11890.0,6.43097,12.9407,528.0,3750.0,4.67041,0.58,14.3668,251.827318,67.298053,PC
3972,3.5018023,3.917956,16196.191206,22.103526,1744.6608389,1648.3426761,6383.9,4.03,1.66889,11.921,75.17158,-35.202674,APC
3973,28.6650818,4.334,970.0,2.25021,10.2433,498.0,4818.0,4.65,0.69,10.3859,19.91003,85.13439,PC
3974,3.7006742,3.115,840.0,2.61277,1434.65,1714.0,5025.0,4.56,0.79,10.4787,279.146891,16.45244,PC
3975,4.9133022,5.159,2040.0,9.33912,999.403,1566.0,5918.0,3.84,2.06,10.445,274.669941,36.254856,PC
3976,2.88069,1.784,10380.0,22.4297,678.487,1421.0,5541.0,4.36,1.09,10.4673,279.358129,18.729952,CP
3977,8.0379975,3.287,320.0,7.65886,83.2088,841.0,5022.0,4.33,5.14,9.12551,113.133261,75.789688,PC
3978,4.0802864,12.002,13520.0,11.62,130.528,941.0,5557.0,4.44,0.99,9.85277,276.134031,15.841886,PC
3979,5.0141991,4.5606871,6026.126007,13.4911728,1233.0979889,1511.3642562,6669.0,4.12805,1.69675,13.3926,299.097517,43.497585,KP
3980,7.7942155,0.9710311,2950.7357104,4.9169842,112.1124314,829.914194,5461.54,4.50982,0.897403,11.8933,285.268528,48.559884,KP
3981,2.7708596,2.17,22640.0,12.2577,208.594,1058.0,4975.0,4.55845,0.79,13.2847,260.575023,72.645373,PC
3982,7.014001,2.9681334,1646.6732684,3.6528621,75.6935339,752.2846294,4975.0,4.55845,0.789304,13.2847,260.575023,72.645373,PC
3983,2.6634154,1.8429688,37522.94895,13.6857367,113.6142497,832.6796495,4051.0,4.54826,0.701369,14.1959,299.050641,17.569963,KP
3984,5.5292743,2.542935,17914.4576673,23.5458512,549.2969498,1234.7287098,6350.0,4.34,1.26396,8.8695,77.260156,-36.464478,APC
3985,2.2185748,1.8233621,25854.2144559,13.3010355,348.1506195,1101.6954166,5023.0,4.58,0.776484,6.8481,300.182122,22.709776,KP
3986,3.2432488,3.0748441,17481.8216448,14.5800064,631.4204214,1278.4960939,5778.0,4.37783,1.09304,14.4394,294.996342,50.470046,KP
3987,8.6004516,8.950521,3575.6614227,14.548121,862.8947232,1382.3219455,6011.95,3.75585,2.3108399,13.1981,292.287301,43.197254,KP
3988,3.7970076,2.5256778,16421.7314916,11.7557579,218.0029128,980.0208686,5211.36,4.54655,0.832631,14.148,290.357978,40.567697,KP
3989,3.3119026,1.181072,7620.7493837,10.9625327,487.2033805,1198.2496832,5355.0,4.33005,1.09206,13.692,298.62498,48.57745,KP
3990,3.578757,3.1806502,11391.7385882,12.1416042,445.8323379,1171.9596007,5482.59,4.36922,1.06062,13.4231,289.607943,44.345435,KP
3991,1.5947535,1.94145,15065.2565497,14.3739674,1761.2885419,1652.2561498,5703.0,4.31786,1.15986,15.0236,285.213819,39.027466,KP
3992,7.8127906,6.304,8120.0,22.0599,2051.05,1874.0,8451.0,4.00707,2.38,11.7018,309.461444,37.155939,APC
3993,2.7586362,2.868,4240.0,7.78435,787.087,1475.0,5774.0,4.32015,1.17,11.4682,303.549181,54.694405,PC
3994,1.1589013,1.1688702,3470.6759302,2.6829722,88.1856149,781.5723494,3449.0,4.80176,0.427389,12.9374,316.096939,24.653674,CP
3995,0.8820624,0.5759672,11755.4509288,8.3888941,983.4245957,1428.2525761,4669.0,4.52,0.782888,13.1686,75.795382,-30.399461,CP
3996,3.8493846,2.6908269,1372.2876678,16.8088001,6689.7863925,2306.6027861,5843.47,3.27448,3.9119101,11.0418,294.356556,38.947342,KP
3997,0.926323,0.933,987.0,4.00713,1082.41,1597.0,3573.0,4.80376,0.43,8.72762,311.2697,44.500235,PC
3998,2.8164979,2.6896665,19270.727034,14.4894174,539.3972356,1229.1274806,5413.0,4.39994,1.0130399,14.4889,297.015464,49.225299,KP
3999,1.752217,2.1714375,77630.4124578,20.3177656,282.3101387,1045.4454298,4355.0,4.53128,0.740712,15.1403,297.790921,16.912568,KP
4000,2.6890703,2.1209962,38330.4094984,15.2271225,248.5292583,1012.661107,4844.0,4.54518,0.785703,15.0893,296.683099,42.967882,PC
4001,7.3405675,3.2557004,11139.7005929,16.7317044,378.0645504,1124.6340774,5828.81,4.14418,1.4372801,13.9154,293.092528,41.35551,KP
4002,2.6915614,4.2401266,7115.7804049,17.2177258,4243.2785887,2058.4728157,6955.0,4.04,1.96079,9.93225,305.441329,26.692676,KP
4003,3.9540617,3.869,5820.0,13.1238,792.078,1477.0,5773.0,4.03,1.69,11.4923,306.422081,45.971031,PC
4004,4.45417,2.27143,21409.0524466,13.8017218,233.7193811,997.225629,5353.54,4.47701,0.922087,14.3945,299.905917,45.43961,KP
4005,2.7974757,2.2149132,18699.8504805,12.0149088,412.3913581,1149.3363399,5477.0,4.54393,0.867368,12.7678,284.296039,51.269121,KP
4006,2.1751729,4.7918806,7780.6435196,18.7874019,4812.6238237,2124.2969654,6291.0,3.9,2.0625999,11.8282,63.756266,-22.11639,KP
4007,2.0523417,2.1224957,34476.0907387,22.5105621,1327.2498679,1539.4228275,5767.0,4.31546,1.16875,14.7344,299.561868,43.503517,KP
4008,5.0066385,1.484,1150.0,2.12746,18.0481,574.0,4006.0,4.68,0.6,10.4382,305.689744,47.308619,PC
4009,4.4331839,3.856,9150.0,12.3472,611.202,1385.0,5667.0,4.24,1.26,9.63105,308.6508,29.238102,PC
4010,1.5076298,1.93,280.0,4.68666,820.873,1491.0,4954.0,4.33,2.82,8.94942,298.686935,23.060942,PC
4011,32.535016,3.67,3821.0,10.5098,33.301,669.0,6303.8,4.33,1.23369,7.3664,293.328194,33.482606,PC
4012,5.1830043,2.783,670.0,3.63045,346.626,1202.0,6156.0,4.25196,1.34,9.00568,286.362495,37.02599,PC
4013,2.5693728,2.471,290.0,2.18392,1001.28,1567.0,6156.0,4.25196,1.34,9.00568,286.362495,37.02599,PC
4014,1.1880301,1.8880804,2731.3074339,10.5098,2072.9370109,1720.9421672,5801.0,4.33,1.23369,9.159,305.270928,43.675167,PC
4015,3.6001959,2.887,7820.0,16.1928,1141.26,1619.0,7172.0,4.16,1.75,10.3544,306.396098,27.816089,PC
4016,5.3073459,3.714,200.0,2.05347,494.046,1313.0,5821.4,4.16,1.42,7.948,295.468588,23.377283,FP
4017,3.4902115,2.449,366.0,2.05978,555.873,1352.0,6111.0,4.43,1.09,10.1293,284.361887,39.076184,PC
4018,5.5387718,3.163,439.0,2.07738,366.683,1219.0,6111.0,4.43,1.09,10.1293,284.361887,39.076184,PC
4019,10.7148661,2.1121584,56325.9173745,14.037554,3.1541502,339.8915287,3054.0,4.438,0.422267,12.4258,79.005088,-31.412694,APC
4020,1.773346,3.291,710.0,7.95884,6411.52,2492.0,6802.0,3.63,3.08,10.351,306.244087,30.348186,FP
4021,2.0348789,2.379,176.0,3.57655,93196.9,4867.0,8279.0,3.81,2.94,8.46837,292.723724,30.433453,PC
4022,0.8560277,1.587,247.0,3.15801,46825.3,1185.0,11798.0,4.18,2.38,8.716291,311.435385,43.445151,FP
4023,710.6982018,7.1450196,691.3914728,2.0928405,0.8364817,243.9123864,5334.0,4.6001,0.796254,9.0803,103.092872,-65.097657,PC
4024,82.9294114,7.4967507,13067.7332328,11.4756331,0.2639044,182.8021957,5271.0,4.43,0.960919,12.5542,114.467307,-62.078278,PC
4025,2.4261538,2.1344641,754.8303067,2.6600255,548.0543839,1234.029846,5271.0,4.43,0.960919,12.5542,114.467307,-62.078278,PC
4026,19.4723789,7.7309404,7062.8806063,17.3337286,289.5679511,1052.1008534,7182.7,4.24,1.9674799,10.4223,95.241796,-60.955781,PC
4027,5.4107024,0.7211954,22498.1066362,2.9859726,1.9002158,299.447353,2938.0,5.14513,0.185013,13.6343,354.410625,-12.84253,PC
4028,104.6162557,9.3317949,6111.4633395,15.8235575,23.5777503,562.0116791,6115.26,3.90726,1.97585,10.2301,80.451368,-69.988217,PC
4029,3.4672779,0.4055928,3657.0603553,2.1135466,13.9606166,492.9988422,3383.0,4.89132,0.332564,11.8371,69.614731,-31.189335,PC
4030,4.0802864,6.4567709,3177.6204985,10.4883207,18.6516855,530.0285587,6930.0,4.10087,1.81171,11.4003,100.953422,-52.638381,PC
4031,16.364873,4.0478302,2075.0944118,3.9248322,38.2371999,634.2219521,5481.0,4.56,0.856226,10.2666,62.966385,-37.93973,CP
4032,1.8586624,2.0525797,497.6683497,1.9323657,695.1879631,1309.6200353,5481.0,4.56,0.856226,10.2666,62.966385,-37.93973,CP
4033,9.1910792,3.055677,940.8500219,2.7251006,82.5177911,768.6995876,5481.0,4.56,0.856226,10.2666,62.966385,-37.93973,CP
4034,194.2432864,9.2564583,810.9983952,4.4714848,12.3017271,477.6516387,7923.0,4.35405,1.5184,10.3607,115.639048,-58.623272,PC
4035,20.9040576,5.197,930.0,4.53003,419.568,1260.0,5708.0,4.44413,1.0,9.81932,49.305279,15.501727,PC
4036,10.9776867,3.596,860.0,5.76837,938.995,1542.0,5708.0,4.44413,1.0,9.81932,49.305279,15.501727,PC
4037,19.5624363,6.591,1400.0,3.32657,95.7696,871.0,4246.8,4.5,0.76,11.2723,60.792973,16.347166,KP
4038,9.7607632,1.967,790.0,2.22799,30.3621,653.0,5558.0,4.62634,0.8,9.96064,18.090518,13.75508,PC
4039,2.7535993,2.141,14460.0,10.7107,227.759,1082.0,5032.08,4.49678,0.86,13.1361,42.721741,29.022249,KP
4040,15.2664658,2.6673792,16186.172954,12.2663968,42.2986706,650.4312952,5420.82,4.52994,0.874078,11.302,21.186178,21.513064,CP
4041,3.7224626,2.595678,19962.6105832,11.4694856,184.988035,940.6014835,4926.0,4.51771,0.82064,10.9332,47.368947,30.673382,KP
4042,1.2089755,1.286,668.0,1.68645,325.749,1183.0,4199.0,4.65321,0.63,9.0684,351.771776,-1.285343,KP
4043,3.408833,3.163,16032.0,14.2632,695.65,1430.0,6134.0,4.41,1.11,11.6238,353.616269,-1.579985,KP
4044,5.8903558,2.5374738,8410.6143369,10.5098,245.1888178,1009.241068,5780.0,4.438,1.23369,13.4911,31.106453,3.99893,PC
4045,4.7633952,3.0078272,13160.629831,10.2196833,183.2394519,938.3708227,5258.0,4.51,0.87551,11.9012,67.222847,-21.482057,KP
4046,3.2047072,3.331,7448.0,10.5098,365.719,1185.0,5342.0,4.33,1.23369,13.1749,347.704316,-7.857559,KP
4047,3.0717182,1.5983426,14228.6266087,12.0054949,279.7736168,1043.0891762,5082.0,4.5108,0.848394,11.4825,334.796989,-1.83443,KP
4048,0.3643225,0.2120684,38216.7895418,6.9527391,329.3048956,1086.4738962,3473.0,4.87657,0.347331,15.6615,23.304228,5.645209,FP
4049,2.7186256,2.129,13160.0,12.4543,616.33,1388.0,6427.0,4.52834,1.03,11.021,3.961707,1.200512,KP
4050,0.9260632,1.035,221.0,1.67736,1025.84,1576.0,5640.0,4.35,1.11,8.1359,49.178124,15.656354,CP
4051,2.4841975,1.511,10361.0,13.3413,383.047,1232.0,6089.0,4.28,1.28,10.931,342.385899,-10.675469,KP
4052,2.2602655,1.0103493,6129.678827,2.7262374,21.3031001,547.9367777,3236.0,4.88,0.341024,13.3455,335.623315,-7.956353,KP
4053,0.3994445,0.8028796,330.8173737,0.9086617,571.5071504,1247.0250186,3702.0,4.75,0.485948,9.16764,19.472257,5.4712,PC
4054,4.0249712,2.5421502,20420.7314775,10.8574371,110.8444857,827.5576787,4492.0,4.51578,0.770497,12.806,19.609812,6.8168,FA
4055,5.8795935,1.925,1355.0,1.75726,13.1232,530.0,3611.0,4.74,0.49,10.1406,16.968846,12.880955,PC
4056,2.70582,4.968,7500.0,18.4904,3557.29,2151.0,6441.6,3.91,2.1,9.538961,72.660592,1.893836,KP
4057,3.652821,2.676,19060.0,13.0049,300.692,1160.0,5610.0,4.51915,0.91,12.2192,48.435473,25.197355,KP
4058,4.5334789,3.436,12550.0,13.609,396.873,1243.0,5846.0,4.31,1.2,12.1796,349.063465,0.30669,KP
4059,5.8176452,2.577,9178.0,11.6459,277.39,1136.0,5633.4,4.27,1.22,13.0121,19.449382,6.868847,KP
4060,2.1747824,1.654,560.0,1.79105,174.942,1013.0,4542.0,4.58,0.71,11.375,11.480235,6.34703,KP
4061,2.849282,1.907,4010.0,4.75272,115.305,912.0,4279.0,4.53,0.74,12.3071,333.751879,-17.2508,KP
4062,4.0984866,2.191,17834.0,14.9032,204.936,1054.0,5198.0,4.33,1.06,12.5489,52.342055,22.299349,KP
4063,4.0460644,5.824,8004.0,18.2851,6586.47,2509.0,6404.0,4.03,1.81,10.5559,19.550586,2.702785,KP
4064,6.6629947,1.174,988.0,3.68899,28.8307,645.0,5975.0,4.42,1.07,8.1954,340.59158,-6.87105,PC
4065,7.1385672,2.464,2064.0,3.60516,63.7967,787.0,5144.5,4.6,0.77,11.2451,349.384346,1.300152,KP
4066,3.4715644,2.13,1050.0,2.65245,304.054,1163.0,5144.5,4.6,0.77,11.2451,349.384346,1.300152,KP
4067,4.1591488,3.54,12800.0,12.1616,417.295,1259.0,5576.0,4.34,1.11,11.29,331.203092,-12.019067,KP
4068,18.0826084,2.3867987,8002.7855656,3.911716,11.0589985,465.1025269,3321.0,4.95373,0.296,9.441,49.659937,-42.642329,APC
4069,2.5048178,2.077,1723.0,3.9467,448.655,1282.0,5328.0,4.47,0.92,12.9485,18.588433,1.004796,PC
4070,1.1339769,0.852,630.0,10.5098,609.124,1384.0,5986.2,4.33,1.23369,10.027,26.308509,3.51364,APC
4071,5.9167817,1.286,27909.0,18.1119,18.5055,577.0,4781.0,4.29,1.05,12.2614,346.592747,-9.201478,PC
4072,5.7740318,4.551,4820.0,24.6129,660.328,1412.0,4837.8,4.33,3.19,6.7943,55.140851,13.552772,PC
4073,8.2000786,2.393,890.0,2.41401,38.3953,693.0,4865.6,4.54,0.79,11.2867,55.228521,12.572448,KP
4074,4.0248735,2.384,23775.0,11.6786,97.8595,876.0,4492.0,4.52,0.75,12.813,19.610142,6.816728,KP
4075,0.745637,0.671,932.0,7.71235,3906.17,2202.0,6984.0,4.04,1.96,10.0376,51.440653,23.188666,PC
4076,3.0026215,3.595,5040.0,14.0672,4289.27,2254.0,5630.0,4.11,1.45,12.1112,338.606231,-13.731804,KP
4077,4.6003967,1.402,1130.0,5.39503,82.7066,1185.0,5970.5,4.33,1.59,9.962,36.34112,25.530678,PC
4078,3.3129214,2.097,1815.0,4.28877,260.965,1119.0,5512.0,4.44,0.98,12.8466,355.702386,-9.588712,PC
4079,5.358776,1.3697764,2708.4393715,1.4454154,6.2795537,403.7401541,3562.0,4.97389,0.275953,8.84294,45.462478,-16.594496,CP
4080,1.8868668,2.351,340.0,4.74953,8350.15,2663.0,7751.0,3.81,2.57,9.7741,167.819807,-68.472537,PC
4081,9.956296,10.474,1024.0,8.32411,1247.74,1655.0,4956.0,4.33,3.38,9.02765,184.978758,-25.827853,CP
4082,0.3011506,0.6404841,1457.6973975,1.2801124,263.5186329,1027.596418,3304.0,4.96212,0.286178,11.9251,264.714256,-47.637046,PC
4083,20.3129649,7.1852402,5194.3258042,10.8026737,133.0991422,866.2905237,6490.0,4.23,1.4658999,10.4895,278.186572,43.25282,PC
4084,39.1076478,9.0245368,337.4561615,1.4669377,10.4193507,458.2261962,5490.0,4.61819,0.796293,9.6632,144.319335,-84.696258,PC
4085,522.6272677,9.8639237,238.5844154,2.2445426,1.4505715,279.9010524,6199.0,4.21534,1.40973,8.1676,91.875497,-76.69059,PC
4086,3.7924221,1.2308429,3704.2283637,1.5602624,6.9863349,414.6504106,3319.0,5.03236,0.218553,13.0454,182.925066,-32.53258,PC
4087,32.2924417,8.262259,1538.3894846,5.3693497,34.1632596,616.6085962,6013.0,4.438,1.23318,10.3342,197.912511,-47.45457,PC
4088,6.5812768,4.663367,55.2290807,1.6765354,241.9466004,1005.888008,5217.0,4.438,2.2631199,8.7147,71.112335,-59.321447,PC
4089,3.9649849,1.5092826,1220.193356,1.5372814,17.6152592,522.5068748,3476.0,4.80232,0.426767,10.9139,211.013538,-30.014125,PC
4090,0.336826,0.883311,18251.292089,15.240658,11129.6464735,2619.630824,5780.0,4.438,1.0,15.7298,69.116563,-41.246194,FP
4091,3.7634028,2.5259027,140.4352916,2.4144238,2109.4342142,1728.4676115,6491.0,4.00559,1.89742,9.1007,127.832228,-68.0239,PC
4092,8.9355638,1.8925531,410.2126424,1.7842166,91.9636318,789.8120912,5631.0,4.57723,0.851957,11.0559,60.961895,-76.021457,PC
4093,225.1037885,4.0237136,10850.1349366,13.2081506,3.2010509,341.1480504,5965.99,4.28007,1.25231,11.5326,112.010059,-63.517779,CP
4094,743.4843888,3.8041623,5535.4604085,5.4510788,3.9939064,360.5530878,5342.0,4.71456,0.697666,11.6157,196.653058,-80.617002,PC
4095,22.1557917,7.3330136,4558.6842468,12.8064546,126.5077889,855.3602537,6123.0,4.07991,1.6267,10.7716,167.000935,-67.149824,FP
4096,692.5150646,2.6383141,1810.2811624,2.2782015,0.1784528,165.7679643,3614.0,4.71017,0.531248,10.3154,270.107996,-48.474637,PC
4097,2.0844557,1.5953181,560.3207532,1.6574778,220.774404,983.1209024,4443.39,4.57662,0.713304,11.5832,56.769865,-79.334322,PC
4098,0.8409343,1.0153193,526.8011816,1.4132824,331.5658841,1088.3340306,3830.0,4.64404,0.608498,11.9212,128.506585,-66.768549,PC
4099,23.5422422,3.2390849,1411.9717256,2.3109407,3.9005169,358.4266471,3830.0,4.64404,0.608498,11.9212,128.506585,-66.768549,PC
4100,14.0063765,1.971,300.0,2.26316,19.2603,583.0,5899.0,4.22221,1.33,6.9608,238.702259,-65.901121,PC
4101,1.2253159,3.435758,6006.5175069,2.3820012,72.0671413,743.1116558,3725.0,4.92832,0.297644,15.764,81.028116,-63.028858,FP
4102,1.1759834,0.9928338,14881.4796123,7.7193559,82.500462,768.6592267,3054.0,5.08962,0.512881,13.741,58.725356,-26.423411,PC
4103,1.9737719,2.1771701,32350.4373939,14.2783974,265.9747113,1029.9824769,4664.23,4.61963,0.697971,15.0523,292.068311,38.8422,KP
4104,30.3599812,6.0823745,19347.5990647,11.2141216,9.8942349,452.3403225,4815.0,4.5293,0.795118,13.7589,284.879979,49.26702,KP
4105,13.4755461,2.2763948,1090.0934414,1.5718719,5.0549516,382.427399,3710.0,4.7642,0.469524,11.9212,210.048871,88.612103,PC
4106,10.7155521,2.727777,424.299807,1.4160391,15.8954977,509.258495,4207.0,4.66778,0.623617,11.0444,268.253758,66.134585,PC
4107,0.768988,0.512,870.0,2.01326,70.4453,807.0,3734.0,4.69992,0.54,11.7495,312.065404,24.484549,PC
4108,27.9815639,4.901,722.0,2.85252,69.3133,803.0,5905.0,4.34239,1.16,10.3203,175.196879,71.978724,PC
4109,10.4834062,3.2981777,1767.8841835,3.5119412,20.3357654,541.6077626,4271.0,4.60188,0.677846,10.1658,275.226841,16.452703,PC
4110,1.6255124,2.6590029,10095.3614497,11.2971803,1238.8661223,1513.1286131,5483.74,4.38272,1.04426,14.4669,293.871914,38.422918,KP
4111,8.6239097,2.6192964,675.1210806,2.9176946,119.024779,842.4208274,5917.0,4.58257,0.878735,10.7757,184.210967,75.140236,PC
4112,88.495683,6.9510849,2838.5756569,5.1574303,0.4523971,209.1701491,5509.61,4.47728,0.939951,11.3523,296.132814,48.97731,KP
4113,17.5288347,2.1115133,1131.5075681,2.8950078,25.4510626,572.8570065,5164.0,4.5371,0.829519,9.6438,39.136304,-22.244996,PC
4114,0.9167992,1.3578155,39.0383592,0.6115871,2437.3433306,1792.0450656,5659.0,5.62196,0.973028,8.5954,242.415045,65.828021,PC
4115,22.3428773,6.700128,5934.9200116,11.3355032,99.086036,804.6793626,6184.0,4.20121,1.42864,11.7889,297.333072,41.891119,KP
4116,4.0802864,6.6171206,3767.5217478,8.9205086,138.5753642,875.0669002,6184.0,4.20121,1.42864,11.7889,297.333072,41.891119,KP
4117,31.0345576,11.606,1230.0,8.89964,73.2914,815.0,5234.0,4.438,2.57,10.5481,256.860137,68.865626,CP
4118,19.5202386,4.096058,2962.4035565,10.5098,49.6259917,676.9351246,5780.0,4.438,1.23369,10.571,150.892247,67.990199,FA
4119,31.5786847,2.1295055,2119.3256676,4.8743389,27.0094647,581.4317504,5696.0,4.40025,1.05178,10.6114,284.472247,39.911889,KP
4120,4.0802864,12.8976378,384.7552746,2.5653805,1.0601504,258.7984214,6000.0,5.03448,1.2886699,9.64656,280.203329,62.506346,PC
4121,5.3909915,1.954,570.0,2.22182,91.5265,861.0,5405.0,4.53628,0.87,10.7382,164.524644,59.430179,PC
4122,3.2903136,1.7465253,15334.2181362,7.5296069,37.0869991,629.3977311,3579.0,4.67905,0.567309,14.5505,292.579856,37.376262,KP
4123,13.1187746,4.5278413,333.0027831,2.9857871,459.9054123,1181.1005716,7800.0,4.31091,1.57458,9.06584,282.00042,48.542256,PC
4124,17.8335899,3.642,289.0,2.16267,62.1044,782.0,6304.0,4.22164,1.43,9.03131,283.151045,45.140084,KP
4125,4.4291253,0.9461342,700.0516873,6.3443547,2105.6095608,1727.6835992,6559.17,3.95184,2.0848899,9.5473,64.415043,-61.39201,APC
4126,25.9213509,2.1208392,589.3171527,1.9119702,13.4574783,488.4956168,5011.0,4.56555,0.786678,9.6446,203.195141,84.514705,PC
4127,27.9102929,10.6336018,18279.5176543,19.2884326,55.0960466,694.8640749,6327.0,4.438,1.39013,11.7167,275.838952,69.861926,FP
4128,8.8849511,1.9958507,16966.9658671,12.6838437,94.2936984,794.7680813,5160.0,4.39775,0.977054,14.575,291.13762,36.577344,KP
4129,7.8344688,3.1260803,2017.3628771,3.7973353,51.6399559,683.7010001,4837.0,4.60493,0.731146,11.6052,287.605703,49.523394,KP
4130,3.0051929,1.8111648,737.8355831,2.1434355,185.282957,940.9761542,4837.0,4.60493,0.731146,11.6052,287.605703,49.523394,KP
4131,5.5460811,2.7509711,2119.4485757,10.0832239,1504.9475685,1588.547085,6963.86,4.07013,1.88937,11.8995,287.807212,43.188801,KP
4132,3.7705865,3.9149764,12789.7368577,15.822462,878.8827779,1388.6809829,5897.0,4.18651,1.38188,14.9767,291.275663,47.329511,KP
4133,4.1194175,2.057,722.0,2.68492,232.099,1087.0,5598.0,4.45,0.98,9.2564,98.707848,27.388017,PC
4134,4.6663795,2.526,6900.0,13.2255,711.568,1438.0,7712.0,4.31,1.57,7.82403,73.705654,22.146384,PC
4135,8.2003982,1.975,1490.0,8.03214,245.589,1102.0,6011.0,3.99,1.76,9.58025,50.787196,24.690039,PC
4136,2.7694936,1.031,712.0,1.27326,21.8758,602.0,3807.0,4.77,0.47,7.89863,99.291543,17.56627,CP
4137,5.7060868,0.863,821.0,1.89602,20.536,593.0,3807.0,4.77,0.47,7.89863,99.291543,17.56627,CP
4138,0.5168347,0.936413,33190.706911,6.597837,118.6676385,841.7881825,3274.0,4.9794,0.273,14.1118,47.64349,-9.276812,FP
4139,82.6876878,7.5240298,6529.5765126,6.8236925,3.3159282,344.1684282,5073.0,4.53,0.831915,11.8787,258.450367,64.566173,CP
4140,4.0802864,10.8504687,6928.144617,6.9087752,48.3867084,672.6687765,5073.0,4.53,0.831915,11.8787,258.450367,64.566173,PC
4141,2.7875233,1.7384121,8077.6726128,15.2099907,1379.1372564,1554.2526706,6408.3,4.34,1.27487,10.3099,75.814118,24.22327,PC
4142,3.9813077,3.055,516.0,2.28387,579.018,1366.0,6011.9,4.36,1.16,7.7746,60.600332,31.329835,PC
4143,7.2455997,2.734,1106.0,14.2395,1192.46,1637.0,6169.1,3.65,2.68,8.6554,83.865929,21.294242,CP
4144,2.2251639,1.545,284.0,1.50436,348.601,1203.0,5509.0,4.5,0.92,9.3928,76.44594,21.548199,KP
4145,3.1442556,1.81,2095.0,4.69096,685.022,1425.0,5691.0,4.45,1.0,10.2207,81.715698,18.419816,FP
4146,11.1684037,5.354,9660.0,12.77,312.155,1171.0,5981.0,4.31,1.22,9.31437,73.766793,18.654323,KP
4147,5.5109534,2.411,520.0,3.08109,262.935,1121.0,6404.0,4.31,1.31,9.67952,28.905222,24.118154,PC
4148,2.3494903,2.014,9053.0,14.6551,1355.37,1690.0,7418.5,4.31,1.51,11.4512,59.647191,25.388587,PC
4149,2.6921752,3.246,9194.0,16.0682,4194.73,2242.0,7461.4,4.22,1.68,10.4117,70.374204,21.257733,PC
4150,10.9245478,1.8716477,653.537141,1.9015018,35.242668,621.4224577,4884.0,4.49,0.74413,8.8723,38.271253,-10.352178,CP
4151,3.1129681,2.308,585.0,1.5002,151.507,977.0,4104.0,4.57,0.69,10.0745,79.04324,30.585072,FP
4152,5.2289874,3.386,320.0,2.3513,538.64,1342.0,6213.0,4.3,1.28,9.02078,73.841599,19.280926,PC
4153,4.1137862,5.235,5739.0,15.0368,3108.45,2080.0,6327.0,3.99,1.88,8.22398,92.664023,30.957133,KP
4154,4.5461685,3.323,5251.0,21.1272,3271.08,1185.0,5341.8,3.98,2.4,12.0336,72.633608,13.613468,APC
4155,13.8338893,1.4260598,8899.362156,10.4349704,22.7363971,556.929421,4225.95,4.37245,0.876814,11.0302,38.153496,16.337623,PC
4156,5.3193755,6.6913995,6537.0839819,19.6684639,1968.900323,1698.9307701,6350.0,3.78918,2.3693399,11.7892,96.679195,25.205001,PC
4157,1.5538099,1.0037932,3330.1566443,1.222316,17.9816251,525.2027415,3244.0,5.07736,0.192729,12.8872,14.818088,13.860795,PC
4158,3.4878795,2.64,17344.0,16.9238,360.905,1214.0,5752.44,4.27789,1.22,12.357,71.022672,22.567602,PC
4159,3.7998451,1.428,27550.0,13.2747,22.2041,604.0,4133.4,4.48806,0.76,12.2341,99.897992,25.482401,KP
4160,3.4732399,4.3731099,10338.2192807,16.6589645,2304.5286397,1767.1168865,7406.97,4.27763,1.56373,13.8232,91.108286,22.49945,PC
4161,4.1075012,3.5180156,914.3099026,4.693677,445.4343796,1171.6979849,5205.0,4.45924,1.30055,10.6573,36.276465,1.32355,PC
4162,1.3887494,1.38,3301.0,15.9057,12503.9,2945.0,7825.0,4.07227,2.08,9.56967,68.071463,33.396384,PC
4163,4.519512,3.1457799,17366.8769819,14.0991848,382.448848,1127.8805018,5887.0,4.44001,1.0321,12.3553,26.793225,3.132932,KP
4164,1.2969404,3.4301667,52197.5005433,11.2860342,48.3357374,672.4915576,3003.0,4.76981,0.463184,16.1779,60.22656,31.691067,APC
4165,3.258811,2.215469,22834.9255361,12.8684432,284.4165758,1047.3901261,5387.06,4.58431,0.817114,11.5476,62.670422,24.401656,KP
4166,2.7908258,2.2330146,10068.5486817,16.7369907,1998.7837878,1705.3408845,6635.91,4.24728,1.4707,10.5136,100.848014,27.252182,KP
4167,2.1914277,1.8340936,1093.1915254,2.3894116,243.6992027,1007.7046826,4384.23,4.438,0.720126,10.5774,65.653481,25.699878,PC
4168,17.4756122,2.895,790.0,2.65592,24.581,620.0,5387.2,4.33,0.84,8.4492,205.513548,-48.466443,PC
4169,23.1438551,5.7659467,6955.8738937,13.2171669,36.2033889,625.6148603,5356.0,4.38,1.06356,11.5252,127.649986,-58.528508,FP
4170,6.32668,2.0310601,520.8002154,2.2901554,195.7303563,953.9690748,5673.0,4.46318,0.975383,9.66562,202.01619,-15.937975,KP
4171,714.6927303,5.7133323,500.8529185,2.5570445,0.5647654,221.0989979,6324.0,4.37047,1.12577,8.6577,275.943112,-68.34495,PC
4172,2.53405,1.944,4070.0,26.5362,3632.83,2162.0,6497.8,4.17,1.65,9.1013,48.957233,-32.802396,FP
4173,721.5622191,4.5933413,2177.931991,4.5521238,0.3470093,195.7514704,6294.0,4.53886,0.968886,9.046,230.887224,-25.370615,PC
4174,33.6357031,3.729,640.0,2.29227,28.2932,642.0,5614.0,4.60434,0.82,8.7551,137.524773,75.610842,PC
4175,63.1448519,4.9925509,1697.0188103,2.8828549,1.8139846,295.9907568,4152.0,4.55825,0.702045,10.6329,276.862418,45.454489,PC
4176,543.8772779,11.1301666,480.1419727,3.5243776,1.2295469,268.5690901,5490.04,4.02198,1.5819,8.3498,256.843102,62.475548,PC
4177,0.8706763,1.007,1861.0,6.52133,1486.34,1729.0,6121.0,4.16573,1.47,12.5065,64.644978,19.179039,PC
4178,49.1077047,2.9402319,28125.1452075,12.3506372,3.1634389,340.1414927,4358.0,4.55296,0.72245,10.6029,33.630248,8.079261,FP
4179,42.8289152,2.3248526,85688.8204519,8.539416,0.2884754,186.9161969,3090.0,4.93803,0.289034,15.7488,56.730555,24.187804,FP
4180,14.3540583,2.5122529,1053.0719668,2.8052104,38.4877433,635.2583194,5142.48,4.50291,0.86465,10.3991,33.26482,19.402667,PC
4181,10.2829583,3.5348916,865.1246457,2.7186716,87.4018996,779.8300521,5700.0,4.54131,0.894563,10.7434,12.820663,12.787986,PC
4182,3.9901801,2.9093773,731.0934766,2.8830487,502.4242864,1207.5007402,6153.0,4.48335,1.02672,10.671,27.314546,21.703491,PC
4183,0.8185672,0.9809687,44712.1811611,4.1552603,151050.0669195,5028.0545421,31000.0,5.59998,0.18,15.61,32.169791,-9.046045,FP
4184,2.6857229,2.2391182,632.8097747,2.8622325,854.2741042,1378.8564659,5978.0,4.42301,1.06715,11.0771,38.205319,10.072466,PC
4185,22.0933922,5.4095076,2633.6009111,9.7603293,192.5802083,950.1073168,6798.4,4.11,1.75449,7.1323,42.558202,25.333533,PC
4186,3.6022377,1.032552,2229.9856882,1.1671855,7.9279121,427.9661854,3266.0,4.99716,0.242091,11.9847,30.884661,6.81587,PC
4187,5.0256438,1.8392965,655.4111852,1.3665491,23.1771538,559.6091095,3782.0,4.72167,0.518021,10.6127,32.217966,4.306928,PC
4188,10.7386931,1.3373776,772.007984,1.4463549,8.4213258,434.4750747,3782.0,4.72167,0.518021,10.6127,32.217966,4.306928,PC
4189,0.3181853,0.762,480.0,1.78228,1654.43,1776.0,4242.23,4.5065,0.75,11.0505,41.72889,10.025975,PC
4190,5.0872671,8.374,4800.0,20.8718,11288.2,2871.0,8972.0,3.83,3.02,10.2381,230.71059,-59.835375,PC
4191,8.9299483,3.2002668,26516.4016202,12.6566078,36.0859625,625.1069435,4379.0,4.49,0.777586,12.2257,72.799607,50.097926,PC
4192,8.8342989,3.078,743.0,2.36159,123.902,929.0,5991.0,4.50886,0.97,9.59055,5.246066,12.324003,PC
4193,11.0698854,2.681,574.0,2.02776,54.5902,757.0,5991.0,4.50886,0.97,9.59055,5.246066,12.324003,PC
4194,15.3948859,3.6822029,429.0327998,2.2841429,87.0599602,779.0662052,6101.0,4.44514,1.0623,8.97055,16.46252,11.753717,KP
4195,15.0758735,3.502,645.0,2.41942,48.6781,735.0,5744.71,4.44026,1.01,10.1448,29.956527,16.346694,PC
4196,3.8361619,2.3846337,5298.5712482,6.1100888,190.7135663,947.7966,4910.0,4.60108,0.84738,10.7307,32.782085,2.418194,KP
4197,2.6672418,2.858,11150.0,8.5917,307.867,1166.0,4432.0,4.5,0.77,13.492,334.328447,-32.861291,PC
4198,11.1878978,2.457,8190.0,10.1018,36.1679,683.0,5721.0,4.39,1.07,13.3592,325.099478,-46.296628,PC
4199,18.6224802,4.088,9890.0,12.759,84.0311,843.0,5654.5,4.44,0.99,12.1679,326.341174,-48.133805,PC
4200,16.3764188,4.775,1230.0,4.23355,115.374,913.0,6397.0,4.36,1.24,11.3326,342.755394,-71.741896,PC
4201,10.6936683,2.411,10680.0,12.2512,37.24,688.0,5820.0,4.34,1.14,13.2157,321.394406,-21.79841,PC
4202,3.6749802,1.743,23820.0,11.714,92.6245,864.0,5134.0,4.66,0.72,13.4227,337.171555,-23.935763,PC
4203,3.439221,1.693,5050.0,6.2369,117.243,916.0,5053.0,4.48,0.87,13.3652,2.911029,-38.010267,PC
4204,8.1129531,0.976,2510.0,9.82115,70.3075,806.0,6200.0,4.25,1.35,11.5471,355.018479,-15.946346,PC
4205,6.0142432,2.262,1210.0,2.96676,103.111,887.0,5575.0,4.58,0.85,11.5047,355.53548,-39.061086,PC
4206,1.0451165,0.794,1010.0,6.13091,1195.11,1638.0,5921.2,4.11,1.52,10.9774,58.814237,-20.31271,PC
4207,4.1876154,3.0070217,10906.185708,13.9002369,811.3504171,1361.1997652,6675.0,4.20094,1.23733,12.8893,101.994246,-21.910711,KP
4208,1.5090806,1.796,26050.0,14.3177,365.719,1218.0,4674.0,4.46,0.84,13.2616,51.999785,12.523415,PC
4209,8.8085782,1.92,9550.0,10.5098,365.719,1185.0,5801.0,4.33,1.23369,11.858,40.520173,-17.50173,PC
4210,4.7034187,1.937,1390.0,2.58065,50.104,741.0,4481.0,4.6,0.69,11.4031,57.516031,-31.094025,PC
4211,5.2916448,2.645,17870.0,10.1289,51.2343,745.0,4397.1,4.56,0.75,13.0006,61.083254,-49.123531,PC
4212,3.0002713,3.519,8490.0,12.4821,1054.22,1587.0,5902.3,4.27,1.26,12.7285,54.66524,4.92143,PC
4213,3.6831574,4.43,6190.0,12.4845,1500.66,1733.0,6304.0,4.09,1.66,13.2467,56.300399,-41.309838,PC
4214,2.9093856,2.075,45160.0,12.8688,46.992,729.0,3666.0,4.66,0.59,13.3272,56.289886,-39.06318,PC
4215,17.9450925,1.673,16550.0,13.3791,5.5686,427.0,5681.0,4.44,1.01,13.413,37.24398,1.309474,PC
4216,1.0049552,0.92,8600.0,5.19137,63.8249,787.0,3210.0,4.81,0.42,13.8371,52.647353,-35.203715,PC
4217,0.2476684,0.401,2460.0,5.81442,1087.04,1599.0,4886.0,4.59,0.75,13.1599,46.905585,-17.894406,FP
4218,1.734422,2.32,1230.0,4.24151,4861.83,2326.0,5890.0,4.48757,0.94,10.2767,89.897418,-40.395746,FP
4219,15.5014296,1.663,90070.0,10.8287,0.691797,254.0,3382.0,4.87,0.36,14.8743,61.665802,-39.44461,PC
4220,17.1470323,3.895,2310.0,5.37173,46.4785,727.0,5689.0,4.34,1.13,11.6733,43.695622,-4.863004,PC
4221,6.6132132,5.646,10010.0,15.5423,619.404,1389.0,6110.0,4.1,1.58,11.8795,35.215761,-1.826042,PC
4222,4.8667353,0.728,6370.0,16.8337,35.4585,679.0,5383.0,4.38,1.03,12.9735,53.296574,-8.258428,PC
4223,4.2430633,3.582,7270.0,12.965,459.164,1289.0,5595.0,4.07,1.53,13.1662,54.457028,-24.612628,PC
4224,3.5779775,1.795,830.0,2.15124,54.0709,755.0,3991.0,4.67,0.61,11.0418,50.542788,-4.111673,PC
4225,13.291966,2.48,7360.0,8.65633,30.0086,652.0,5042.0,4.45,0.9,13.2172,62.72425,-49.383201,PC
4226,4.0589926,0.789,2440.0,5.84962,28.012,640.0,5556.0,4.44,0.99,12.4969,54.371568,-43.70451,PC
4227,4.7743169,2.968,10690.0,12.3583,239.866,1096.0,5549.0,4.29,1.18,13.0862,55.001711,-14.068976,PC
4228,6.8170909,4.392584,2977.5740385,7.4200144,297.4095784,1059.1524799,4955.0,4.33,1.25717,11.7948,61.899944,11.517544,PC
4229,3.3252703,2.0538144,34741.7763037,11.5039006,47.331494,668.9710175,3724.0,4.68255,0.596801,13.3383,88.146808,-19.031627,KP
4230,17.4314043,4.06,8180.0,9.8169,43.2591,714.0,5923.0,4.4,1.08,13.1744,82.157034,-27.031688,PC
4231,3.0421828,2.628,20390.0,14.5498,414.535,1257.0,5582.5,4.43,1.0,13.3206,68.143794,-4.785446,PC
4232,6.7934811,1.824,5400.0,15.1938,111.068,904.0,6121.0,3.94,1.92,12.2624,79.684211,0.292396,FP
4233,3.0929206,2.248,5640.0,11.6629,460.711,1290.0,5787.4,4.15,1.43,12.9876,81.1665,1.757343,FP
4234,6.4879123,1.648,7260.0,16.7425,92.2897,863.0,6782.0,4.13,1.73,12.8181,73.583455,7.775395,PC
4235,7.0308254,3.198,1560.0,3.61495,149.202,973.0,5516.0,4.51,0.9,11.6829,74.236863,2.66232,PC
4236,7.9461192,2.339,8750.0,13.6973,49.6833,739.0,5416.0,4.13,1.38,13.372,74.254788,-15.10348,PC
4237,3.313358,3.014,6230.0,14.6999,817.242,1489.0,6209.0,3.97,1.87,13.3354,82.82353,14.314367,PC
4238,7.7688831,1.353,7970.0,11.4556,40.9939,704.0,5851.0,4.35,1.14,12.587,67.157759,14.533291,PC
4239,2.4337374,1.835,12540.0,8.67796,116.886,916.0,4294.3,4.33,0.74,12.52,63.49606,2.762296,PC
4240,13.6308024,4.3426564,1179.1033339,3.5493962,60.1603117,710.3089208,6114.0,4.5101,1.00528,8.7615,93.057845,-14.649317,CP
4241,11.5341529,1.332,1750.0,6.82739,19.425,584.0,6356.0,4.18,1.51,11.0796,76.597155,3.280489,APC
4242,8.5725884,4.495,4880.0,10.4135,222.607,1076.0,5807.0,4.11,1.5,13.364,76.320243,-44.654977,PC
4243,4.0519584,0.666,5310.0,10.7206,24.4556,619.0,5147.0,4.28,1.12,13.2815,66.070044,-47.111686,PC
4244,1.9113216,1.167,7400.0,10.1581,223.347,1076.0,4578.0,4.25,1.05,11.8326,70.222013,-16.590025,APC
4245,5.629318,1.847,8030.0,14.4974,86.4308,849.0,5885.0,4.1,1.53,13.5249,83.000492,-2.417632,PC
4246,35.7861915,2.924,20160.0,13.2073,8.69035,478.0,5755.0,4.59,0.85,12.4332,64.197037,-21.610135,PC
4247,4.1249095,3.025,5480.0,10.7709,453.643,1285.0,6007.5,4.16,1.44,13.3233,60.585987,12.414279,PC
4248,5.0274739,6.229,4070.0,13.8852,861.273,1509.0,5178.0,4.33,2.12,13.5473,64.84729,-4.547885,PC
4249,4.2333233,2.325,10850.0,12.5093,217.929,1070.0,5696.0,4.33,1.14,13.5306,78.673355,14.447352,PC
4250,10.1766089,4.474,7980.0,11.0026,154.351,981.0,5452.0,4.26,1.19,13.2669,82.30396,-10.328696,PC
4251,12.1914558,3.3188127,2625.0570737,4.6131319,44.7551381,659.6756823,5418.0,4.57259,0.840971,10.6995,94.009904,-25.031411,CP
4252,2.2964514,1.734,3430.0,10.5098,150.096,975.0,4391.0,4.33,1.23369,13.8159,62.720477,8.424155,APC
4253,8.5821795,3.835,6790.0,9.30439,149.861,974.0,5818.0,4.38,1.1,12.735,72.793934,-8.44732,PC
4254,3.121702,3.323,12650.0,14.8115,842.648,1500.0,5944.0,4.25,1.29,12.2469,68.219308,-3.737468,PC
4255,5.1155806,3.042,6250.0,13.6976,366.902,1219.0,6349.0,4.07,1.71,13.1052,76.580083,13.772207,PC
4256,2.6875966,1.469,2480.0,13.3886,272.867,1132.0,5885.0,3.77,2.24,12.4562,76.579417,3.588516,APC
4257,11.9140328,5.076,3050.0,9.89059,194.396,1040.0,5359.0,4.08,1.77,11.4616,72.164943,12.95525,PC
4258,735.982363,5.289,9100.0,12.541,0.0728708,1185.0,5309.0,4.41,1.01,11.4558,90.488285,-29.136423,PC
4259,0.4709937,0.336,1900.0,14.5973,2761.87,2019.0,6719.0,4.26,1.47,12.2096,101.244048,-14.546664,PC
4260,3.3560085,3.354,10850.0,15.1419,1635.6,1771.0,5906.0,4.26,1.27,13.4142,91.473323,0.357256,PC
4261,6.2397532,3.209,11490.0,7.89594,587.658,1371.0,5956.9,4.33,0.5,12.8771,87.490493,-12.835212,PC
4262,3.5857076,2.7072065,11813.302926,15.8525901,1089.1709863,1465.1893915,6400.0,4.34435,1.34556,9.79059,98.351102,-23.486086,KP
4263,1.4798437,2.702,3090.0,8.37272,2205.43,1909.0,5475.0,4.07,1.5,12.8983,84.166705,-38.519128,PC
4264,3.7081082,6.54,1490.0,13.6266,1874.58,1833.0,5337.0,4.33,3.56,12.6127,107.311621,-11.063261,PC
4265,8.8720052,3.592,4370.0,8.76898,117.013,916.0,5626.0,4.2,1.31,12.4505,86.421113,-12.128385,PC
4266,2.9532479,3.095,6210.0,10.5098,2007.04,1864.0,7076.3,4.33,1.23369,11.8362,89.640838,10.220589,APC
4267,7.9144674,3.114,20760.0,14.5746,80.2209,833.0,5431.0,4.42,1.0,13.2837,94.936966,-5.719195,PC
4268,6.4274159,1.277,3940.0,12.9491,41.0821,705.0,6227.0,4.12,1.58,11.907,105.00193,-2.339506,FP
4269,5.2376102,6.518,3830.0,16.2444,3686.59,2170.0,7666.0,3.87,2.59,12.9871,105.24334,-2.259145,PC
4270,4.1583367,3.043,9610.0,16.0152,1509.9,1736.0,8131.7,4.35,1.55,13.187,105.737414,-0.80334,PC
4271,5.1409029,2.265,5830.0,8.29803,207.445,1057.0,6282.4,4.47,1.07,12.6581,98.690645,4.395871,PC
4272,14.3953055,2.87,17315.0,11.615,23.3681,612.0,4850.0,4.56,0.77,12.4967,91.094456,-16.340258,PC
4273,0.5682596,0.755,42540.0,24.8489,138.045,954.0,3294.0,4.438,0.5,12.3123,99.86703,-33.540223,APC
4274,3.7810832,3.069,8030.0,15.3456,702.278,1434.0,6364.0,4.14,1.59,13.3224,104.182427,-7.824428,PC
4275,4.0086493,2.384,6480.0,7.43884,120.607,1185.0,4779.0,4.33,0.77,12.8219,92.32577,11.411488,PC
4276,10.8910909,3.992,4350.0,10.6208,177.179,1016.0,6619.0,4.17,1.61,12.9256,103.329839,-12.503913,PC
4277,3.6590997,2.955,8630.0,14.6976,814.239,1488.0,6624.0,4.18,1.58,13.0796,101.227819,-14.290038,PC
4278,3.572359,2.731,1300.0,3.43709,495.575,1314.0,5730.0,4.52,0.92,11.2567,100.907325,-10.584142,PC
4279,2.0763072,1.223,16220.0,12.6426,243.693,1100.0,5805.0,4.5,0.95,12.2651,108.008894,15.348909,PC
4280,4.2971136,2.775,26010.0,14.1426,166.22,1000.0,5203.0,4.53,0.85,12.1022,92.729819,-13.166915,PC
4281,7.151653,1.193,11740.0,22.4773,44.731,720.0,5635.0,4.32,1.14,12.7858,90.272905,-2.287897,PC
4282,6.0879495,1.639,26720.0,12.8134,12.8029,526.0,3971.0,4.6,0.66,13.2415,104.856724,9.377591,PC
4283,6.9279673,1.868,6830.0,9.55039,70.231,806.0,5950.0,4.44,1.04,12.5934,99.131437,-2.137649,PC
4284,1.5732848,2.4285285,16875.7909849,14.7247524,1563.6373659,1603.8131115,5400.0,4.38782,1.09539,12.0506,101.114922,-32.858388,KP
4285,4.0681112,3.284,2150.0,9.75584,4517.28,2283.0,7070.0,4.13,1.78,11.5548,90.620926,16.49946,PC
4286,1.4553693,1.236,9810.0,13.4308,1295.38,1671.0,6344.5,4.33,1.25,11.801,97.14726,14.940385,PC
4287,1.8911553,1.085,14530.0,21.7999,538.48,1342.0,5711.0,4.44,1.01,13.1802,102.67513,-18.384855,PC
4288,5.3054422,3.785,18200.0,17.4742,510.647,1324.0,6473.0,4.35,1.27,13.0454,96.000589,14.012921,PC
4289,6.2356356,5.544,2470.0,9.02698,633.344,1397.0,5854.0,3.97,1.76,11.9039,90.358122,12.547883,PC
4290,3.541053,2.031,21620.0,10.5098,365.719,1185.0,5801.0,4.33,1.23369,12.922,100.89956,-5.551933,PC
4291,2.8564778,4.678,5320.0,21.5886,8379.19,2665.0,5777.0,4.02,1.65,13.4148,94.809455,0.651664,PC
4292,9.3202467,4.963,2200.0,7.8768,250.474,1108.0,5916.0,4.02,1.67,11.992,103.410508,-13.436384,PC
4293,4.6498719,4.995,8110.0,16.6839,4756.94,2313.0,9056.0,4.3,1.78,12.1359,87.824224,13.745892,FP
4294,8.1703609,3.365,9410.0,22.3829,1223.74,1185.0,8190.0,4.438,2.1,10.5293,102.5057,-5.202063,PC
4295,2.5167257,2.5896099,16406.5457432,12.9083148,558.8280149,1240.0502722,5403.0,4.50146,0.982638,12.7632,94.112091,-22.546882,KP
4296,5.7728793,3.883,6900.0,10.5098,365.719,1185.0,5801.0,4.33,1.23369,11.572,92.373395,-6.061524,PC
4297,2.4849639,2.977,6830.0,14.0194,1421.21,1710.0,6252.0,4.11,1.6,12.6648,105.418571,2.18915,PC
4298,4.1034672,2.918,6920.0,10.5038,689.785,1427.0,6753.0,4.39,1.27,12.9065,103.526509,5.47603,PC
4299,6.2185453,3.122,7840.0,19.4459,798.226,1480.0,7968.0,4.06,2.14,13.0802,108.746489,-0.242934,PC
4300,4.8013522,4.644,4690.0,14.2355,1151.39,1622.0,6399.9,3.9,2.11,12.7323,95.81556,4.896407,PC
4301,4.413935,2.604,10370.0,13.3105,293.437,1153.0,5972.0,4.33,1.28,13.1524,104.738312,7.944615,PC
4302,7.5395871,2.44,2920.0,4.39334,55.2646,759.0,5223.0,4.6,0.78,11.9046,79.129717,-41.447416,PC
4303,5.2192426,2.45,1500.0,3.8343,190.795,1035.0,5688.0,4.45,0.99,11.8128,86.427665,-45.029229,PC
4304,4.1018859,3.576,10690.0,13.8992,759.181,1462.0,6327.7,4.3,1.31,13.3212,100.933213,13.599214,PC
4305,1.3832999,2.774,9020.0,16.4864,10840.4,2842.0,5786.0,4.33,1.16,13.4835,93.128141,6.245159,PC
4306,8.2617663,2.5663307,1418.3308985,2.3414536,18.8227716,531.2398464,4105.0,4.60015,0.6194,10.8835,86.748329,-32.532543,PC
4307,3.2141617,1.618,3370.0,11.8959,462.146,1291.0,7137.0,4.17,1.72,11.6252,87.074174,-15.199497,PC
4308,3.6014534,3.747,10790.0,10.5098,365.719,1185.0,5801.0,4.33,1.23369,12.097,105.842099,1.681222,PC
4309,5.0467874,4.516,7190.0,9.9097,995.585,1564.0,6252.0,4.45,1.08,13.3596,103.832704,1.1053,PC
4310,5.3970484,6.194,2800.0,11.7601,1200.61,1639.0,5996.0,3.78,2.24,12.4037,97.617333,14.058323,PC
4311,3.6307276,3.198,10550.0,14.0586,855.031,1506.0,6350.0,4.35,1.25,13.0345,99.476085,-14.040744,PC
4312,22.7273078,2.485,6510.0,19.0824,34.998,677.0,6243.0,3.93,1.98,12.022,93.487675,-37.668865,PC
4313,8.0823172,1.414,4360.0,15.2282,59.7456,774.0,5351.5,4.33,0.98,12.687,100.862497,-7.196044,PC
4314,2.0804611,3.608,5260.0,11.5464,3648.06,2165.0,6434.0,4.14,1.6,13.4965,103.342745,-24.227866,PC
4315,5.7627112,3.501,9670.0,15.7774,1176.49,1631.0,6589.0,4.24,1.48,12.7743,95.379267,-16.525572,PC
4316,9.6578504,5.943,2300.0,9.98401,258.473,1117.0,5557.0,3.79,2.09,12.2627,95.934296,-24.024654,PC
4317,3.0629874,3.284,6160.0,14.75,2303.34,1930.0,7691.0,4.11671,2.05,8.8742,99.581416,-47.613867,PC
4318,7.7223185,3.344,11390.0,10.5098,717.021,1441.0,8539.7,4.33,1.23369,13.4145,94.324291,9.637445,PC
4319,3.7863767,5.123,2190.0,9.94411,2897.86,2044.0,6892.9,3.95,2.16,12.1499,109.574595,14.11587,PC
4320,4.3591525,3.559,1030.0,3.61577,626.954,1394.0,5866.0,4.3,1.2,11.2806,100.058596,-6.932085,PC
4321,5.8679992,5.605,4550.0,14.2889,1505.89,1735.0,7054.0,3.96,2.16,11.9337,93.720773,-10.854988,PC
4322,1.6025971,2.212,13050.0,10.4975,905.776,1528.0,5164.0,4.43,0.95,13.488,105.093951,-1.483723,PC
4323,16.3734954,5.022,7810.0,10.5098,67.779,799.0,5809.3,4.33,1.23369,13.0513,88.432309,-38.031221,PC
4324,1.9326573,1.6191056,14051.9827876,10.5088307,484.1155352,1196.3465579,4909.0,4.47,0.861743,12.6574,117.097528,2.111455,PC
4325,2.7319222,3.913,3880.0,13.2415,2289.27,1927.0,5473.0,3.79,2.08,13.1935,104.997787,-36.319389,PC
4326,7.2644599,3.233,7988.0,15.0763,468.187,1295.0,6617.0,4.15,1.64,10.4397,112.650574,-28.912866,PC
4327,2.8636452,3.402,8590.0,10.5098,11583.8,2890.0,8675.5,4.33,1.23369,12.512,116.285722,-14.337636,PC
4328,2.9444284,2.4301898,20479.6383719,12.7904876,317.431276,1076.5449753,5150.0,4.55754,0.88727,11.7583,101.127503,-42.76223,KP
4329,1.9491813,3.119,11670.0,15.8333,3650.34,2165.0,6472.0,4.29,1.36,12.9825,111.76498,-32.185807,PC
4330,6.0049484,3.366,8932.0,12.6954,315.049,1173.0,6373.5,4.26,1.26,11.9135,118.546528,1.792994,APC
4331,2.8894603,2.561,17030.0,13.0354,480.071,1304.0,5604.0,4.46,0.97,13.3319,124.547133,2.581065,PC
4332,1.7454828,1.923273,6919.1303309,14.1453349,3879.8071248,2012.9003882,6674.0,4.24,1.4871401,11.4048,114.942649,-21.485618,PC
4333,8.6000244,3.974,1620.0,4.55822,180.356,1020.0,5700.8,4.33,1.14,12.5447,100.707817,-41.409593,PC
4334,2.4732088,2.244,2740.0,15.4982,1846.66,1826.0,6643.0,4.04,1.87,11.5293,110.784874,-22.439744,PC
4335,10.4137997,3.774,6720.0,10.0431,118.725,919.0,6079.0,4.33,1.2,11.6309,125.554446,-25.067535,PC
4336,2.9588764,2.682,12900.0,14.8585,1285.38,1668.0,6041.0,4.38,1.13,13.3209,122.05312,-9.487219,PC
4337,3.8074213,4.4775157,8643.7888966,15.4202705,805.2235864,1358.6227154,5296.0,4.01,1.56375,12.9318,122.342233,-34.567284,PC
4338,10.7490194,2.256,9240.0,11.4707,27.7925,639.0,5424.0,4.3,1.14,13.4765,102.329632,-43.739862,PC
4339,2.921685,3.17791,17562.44572,19.091127,1458.3996927,1576.1185868,6332.0,4.26074,1.37266,11.0913,100.158863,-27.571261,FP
4340,4.6942884,3.224,5310.0,16.4932,948.685,1546.0,6400.0,3.93,2.03,12.4648,93.862256,-42.39217,PC
4341,1.9055614,1.726,5841.0,10.5098,365.719,1185.0,6071.0,4.33,1.23369,11.14,121.782131,-18.726765,PC
4342,3.7244324,2.913,6600.0,10.5098,3666.29,2167.0,7759.0,4.33,1.23369,12.2563,113.074228,-19.261048,APC
4343,6.7519508,1.603,11050.0,19.5004,209.336,1059.0,8297.0,4.29,1.69,12.6847,124.825286,-21.956958,APC
4344,3.3583921,2.644,9170.0,8.84831,344.843,1200.0,5177.0,4.46,0.91,13.2701,109.730884,-15.760907,PC
4345,6.4311106,2.385,5930.0,11.4436,202.251,1050.0,6741.0,4.27,1.45,12.7651,126.577821,-10.504751,PC
4346,5.6984189,4.475,4031.0,10.8479,1406.27,1706.0,7528.0,4.2,1.74,11.9623,116.590947,-25.156426,PC
4347,3.5037708,2.716,6140.0,13.0482,608.189,1383.0,6107.0,4.19,1.42,12.5494,120.578645,-19.507612,PC
4348,4.3930669,2.33,11110.0,14.0261,275.326,1134.0,6328.0,4.3,1.32,12.4832,104.439613,-40.307924,PC
4349,7.5002702,2.487,8750.0,11.2467,72.4941,812.0,5644.0,4.32,1.14,13.1637,106.746934,-44.986628,PC
4350,2.7817379,2.1508237,12808.3940801,12.6841023,615.4708822,1270.3448387,5600.0,4.4291,1.02095,10.8164,91.089719,-16.96539,KP
4351,1.6102435,2.3258711,5442.4785934,16.8320485,3426.3435462,1951.3154178,6080.2,4.15,1.48651,13.1561,121.334804,4.441215,APC
4352,4.2809767,3.145,7520.0,13.0113,445.261,1279.0,5964.0,4.13,1.49,10.8961,109.388382,-19.828939,CP
4353,8.4481666,1.255,7405.0,10.2494,22.9265,609.0,5826.1,4.42,1.05,11.0783,133.586405,1.575503,APC
4354,3.4658629,3.301,9580.0,15.0462,1145.52,1620.0,6688.0,4.24,1.49,13.2584,114.554441,-4.006915,PC
4355,3.5658043,3.914,10030.0,13.7385,1115.66,1610.0,6214.0,4.23,1.4,12.0465,110.483552,-12.565478,PC
4356,2.7431176,3.134,8230.0,10.5098,2172.06,1901.0,7143.0,4.33,1.23369,12.9188,110.654532,-26.506455,PC
4357,3.5775958,2.779,8730.0,15.3215,665.763,1415.0,6355.0,4.12,1.61,13.1502,108.682186,-27.700929,PC
4358,2.9922495,1.594,10895.0,20.032,218.392,1070.0,5932.0,4.09,1.55,13.3736,126.621993,3.001351,PC
4359,5.5261155,1.873,7330.0,9.00518,65.4488,792.0,4824.0,4.48,0.84,12.7577,116.616275,7.92953,PC
4360,4.0234634,3.204,7560.0,12.891,832.08,1496.0,6678.0,4.26,1.45,13.0983,108.587629,-25.646329,PC
4361,6.8659582,3.455761,334.0145589,2.8144915,531.5209848,1224.6157859,6212.63,4.438,1.5000401,6.7799,88.378462,-16.265397,CP
4362,4.3229915,0.875,1980.0,7.54314,50.2356,741.0,6121.0,4.25,1.37,10.9833,114.708588,4.35637,PC
4363,3.251269,2.569,7880.0,10.5098,549.047,1348.0,4883.7,4.33,1.23369,12.9613,120.655501,-32.127159,PC
4364,1.7131374,2.608,3850.0,6.86542,1919.49,1844.0,5843.0,4.39,1.08,13.1675,112.491073,-13.625055,PC
4365,8.4516737,3.896,2930.0,8.2562,168.924,1004.0,5782.9,4.11,1.48,12.0548,120.307448,14.163226,PC
4366,5.0648401,3.009,915.0,8.28506,873.95,1514.0,6675.0,3.75,2.62,10.2278,110.163384,-29.951583,PC
4367,8.9981735,4.547,6480.0,9.52189,155.205,983.0,5444.0,4.24,1.22,13.2933,133.484281,-4.925834,PC
4368,8.4476983,3.79,2000.0,4.97976,189.537,1033.0,5902.0,4.36,1.13,11.7503,103.789612,-31.106599,PC
4369,17.6868627,1.379,10310.0,8.80381,2.06218,333.0,4496.0,4.52,0.77,11.9698,114.720385,-37.67179,PC
4370,1.4700596,2.18,4760.0,16.1051,2605.29,1990.0,6308.0,3.88,2.12,13.4542,116.205938,-26.074575,FP
4371,4.4722598,4.0659641,3606.5417294,9.0734924,917.7199576,1403.7743209,6211.0,4.18,1.4818799,12.6417,125.987724,-23.243406,PC
4372,10.3311664,5.626,4577.0,11.9428,253.126,1111.0,5760.0,3.97699,1.73,9.3935,110.512686,-57.384998,CP
4373,2.4162514,3.055,2970.0,14.6399,2303.62,1930.0,6688.0,3.95,2.1,12.7549,110.196243,-21.679526,PC
4374,0.9828259,1.3869249,1732.3324754,21.8486399,4395.3736341,2076.6757868,4959.0,4.33,5.2980399,12.2124,122.972511,6.974992,PC
4375,3.3138453,3.863,3550.0,8.15594,1568.27,1753.0,6153.0,4.24,1.36,12.9655,107.081813,-23.545352,PC
4376,4.0492184,2.659,6560.0,10.5098,365.719,1185.0,5801.0,4.33,1.23369,13.3071,116.290974,-12.840349,PC
4377,5.545745,2.302,20790.0,15.8197,118.195,918.0,5706.0,4.41,1.05,13.0015,116.816244,-7.66526,PC
4378,8.9727235,3.808,10960.0,13.0195,134.631,948.0,5605.0,4.27,1.21,13.425,124.447282,-9.05703,PC
4379,11.2473628,4.113,10340.0,15.7487,119.042,920.0,6141.0,4.14,1.53,13.3087,99.848586,-43.82762,PC
4380,3.190373,2.684,42550.0,12.0669,75.4043,820.0,3722.0,4.65,0.6,14.6435,111.092717,-44.032701,FP
4381,2.6005693,2.629,4520.0,8.18984,1444.5,1717.0,6673.0,4.47,1.14,13.2881,131.107268,-39.638326,PC
4382,1.5889429,1.183,22530.0,14.0293,399.352,1245.0,5150.0,4.57,0.8,13.0819,124.904596,-43.057211,PC
4383,10.8717,2.943958,14603.37238,9.098964,4.5869403,373.250606,3692.0,4.78092,0.488,13.084,81.399006,8.440499,FP
4384,27.1358856,3.348,5020.0,9.90525,16.1901,558.0,6315.0,4.28,1.33,11.9556,128.611432,-30.585959,PC
4385,5.469359,2.119,5940.0,12.6725,278.238,1137.0,7182.0,4.23,1.61,12.7761,122.427886,-42.156819,PC
4386,4.4712213,3.771,5140.0,15.8899,5650.08,2415.0,7586.0,4.22,1.71,12.6614,125.826083,-43.693856,PC
4387,3.7260939,3.1192423,18231.0352508,13.5887921,428.5861553,1160.4576185,5736.0,4.45,0.9975,12.3474,134.192296,-12.572658,PC
4388,5.124162,4.651,6630.0,13.6708,581.326,1367.0,5750.0,4.01,1.65,12.8792,147.253606,-3.609379,PC
4389,2.8182221,4.1269401,7852.3058663,10.5098,655.2229018,1290.3781983,5801.0,4.33,1.23369,11.2275,125.901301,-42.081323,PC
4390,5.9730504,4.041,8220.0,13.7408,421.342,1262.0,6137.0,4.2,1.41,12.8972,135.722015,-33.294867,PC
4391,736.5601487,4.183,3600.0,13.9475,0.0558395,1185.0,5895.4,4.33,1.31,12.3805,136.943663,-17.051007,FP
4392,19.0286016,3.938,8910.0,8.13514,13.7261,536.0,4733.0,4.5,0.81,13.351,111.14992,-48.619915,PC
4393,0.9855374,1.18,3290.0,10.8393,1493.99,1732.0,6198.4,4.02,1.76,13.1591,116.835959,-49.122453,FP
4394,4.3780807,5.3900978,7074.3931388,15.1767346,1103.2707506,1469.9084134,5570.0,4.01069,1.79224,10.439,94.336356,-38.323383,KP
4395,7.6945481,3.436,3510.0,10.5098,87.6747,852.0,4875.8,4.33,1.23369,12.2452,131.407601,-26.503052,PC
4396,2.6375869,4.029,3610.0,16.5853,2389.95,1947.0,6196.0,3.59,2.9,12.292,136.219646,-31.930076,PC
4397,2.7805098,1.547,15800.0,8.80341,48.6261,735.0,3949.0,4.59,0.68,13.7028,132.682582,-34.782931,PC
4398,3.6520005,3.638,4590.0,12.1216,1753.41,1802.0,7194.0,4.19,1.69,12.2709,131.897866,-21.859336,PC
4399,3.118166,2.285,5150.0,8.60632,273.914,1133.0,5218.8,4.27,1.15,13.0519,142.40406,-0.992604,PC
4400,5.1953991,3.032,4920.0,13.6454,343.068,1198.0,6047.0,3.97,1.82,13.0341,139.346697,-20.923355,PC
4401,5.1035091,3.7190896,3718.4722724,13.7067,296.8457469,1058.6501351,8086.0,4.1,2.07,11.031,127.690441,-27.408239,PC
4402,4.4644761,1.185,1690.0,8.09695,136.451,1185.0,7013.0,4.33,1.7,10.5378,139.870171,-32.297525,PC
4403,0.7599758,0.974735,2010.4839063,12.5474772,9668.6558062,2529.0724727,5690.2,4.0,1.65999,11.869,158.073445,2.237845,APC
4404,13.3441946,4.743,3260.0,10.5098,58.1944,769.0,4866.9,4.33,1.23369,12.3907,137.018935,-28.916052,PC
4405,4.728681,4.533,9990.0,8.96336,222.388,1075.0,4425.0,4.57,0.9,11.6888,83.531883,-0.207762,FP
4406,2.3992876,2.545,1180.0,4.05839,1543.44,1746.0,6536.0,4.45,1.15,12.2896,121.23238,-47.76813,FP
4407,9.6284672,3.554,17990.0,11.9294,66.4905,795.0,5388.3,4.53,0.88,12.7964,145.897267,0.615029,PC
4408,5.3374045,1.849,2780.0,16.5532,104.023,889.0,5064.7,4.33,3.01,11.8379,117.471528,-38.222254,PC
4409,8.3548746,3.253,4160.0,10.7025,205.555,1054.0,6643.0,4.16,1.63,12.403,126.694615,-27.024954,PC
4410,4.5425274,2.92,8670.0,11.925,818.029,1489.0,7333.0,4.45,1.28,12.5368,119.174735,-42.963073,PC
4411,4.21909,4.9314032,3393.7752478,12.0136223,1222.564355,1508.1261899,5367.0,3.79,2.02385,12.749,153.910453,-9.324686,PC
4412,1.0638184,3.191,3220.0,4.08617,4267.44,2251.0,4963.0,4.63,0.73,13.0246,120.497337,-35.061315,FP
4413,7.0465721,2.322,4760.0,10.5098,27.9177,640.0,4332.6,4.33,1.23369,12.3056,132.809802,-31.914744,PC
4414,3.7247256,1.5817694,5875.4398428,12.2559638,2130.5830307,1732.783746,7492.0,4.29,1.54879,13.0971,122.493817,-37.073013,PC
4415,3.0617364,1.947,6620.0,8.08218,583.235,1369.0,6783.0,4.62,0.98,12.5874,119.771898,-37.900646,FP
4416,1.2667147,1.712,1870.0,8.31491,3265.32,2105.0,6084.0,4.28965,1.87,9.9955,83.622986,-4.415044,FP
4417,7.6778159,3.492,6370.0,17.73,680.523,1422.0,5938.0,4.32,1.19,12.8901,150.189168,-14.834691,PC
4418,21.6091483,6.112,320.0,2.134,103.508,888.0,5967.0,4.36,1.15,9.4051,112.229289,-44.139772,PC
4419,7.2307407,4.646,7940.0,13.364,1009.89,1570.0,7747.0,4.39,1.43,11.8422,137.795138,-42.518066,PC
4420,7.2333744,1.118,10550.0,9.46193,14.6012,544.0,5508.0,4.53,0.89,13.2181,137.631803,-43.743559,PC
4421,3.9230475,2.559,4600.0,9.13123,336.151,1192.0,5620.0,4.23,1.28,13.2372,151.906378,-31.768952,PC
4422,7.5872202,1.826,4260.0,16.4426,76.4611,823.0,6419.0,3.86,2.21,12.9514,145.691325,-39.786778,PC
4423,14.4896397,1.898,40070.0,7.558,1.21746,292.0,3376.0,4.87,0.35,14.379,180.231429,-23.634554,FP
4424,1.8881146,2.761,9030.0,13.7957,2630.38,1995.0,6309.0,4.23,1.42,13.1051,149.242428,-43.384703,PC
4425,1.7508811,1.13,60870.0,12.2167,27.3999,637.0,3333.0,4.79,0.44,14.8083,109.880143,-55.728421,PC
4426,7.1878971,3.321,11430.0,18.372,287.355,1147.0,5144.9,4.4,0.97,13.1012,171.798638,-36.070515,PC
4427,1.7447031,1.066,160.0,0.591815,107.262,896.0,3445.0,4.85243,0.43,9.36854,98.454881,-58.525032,PC
4428,1.5229985,1.196,58060.0,8.99483,37.1159,687.0,3237.0,4.87,0.35,13.7726,183.563961,-13.174841,CP
4429,3.4321678,5.115,1950.0,9.36413,2393.6,1948.0,6176.0,3.82,2.22,12.3349,154.751315,-35.683893,PC
4430,4.0802864,5.513,10056.0,9.93012,172.857,1010.0,5427.9,4.49,0.91,11.6707,173.714867,-24.60548,CP
4431,12.4856615,2.538,67270.0,12.2535,3.28873,375.0,3473.0,4.78,0.45,14.667,167.255241,-10.188311,PC
4432,5.2410982,1.188,5660.0,9.54095,53.3051,752.0,6119.0,4.4,1.12,13.0585,148.064823,-33.044965,PC
4433,1.2655205,1.344,6380.0,11.3966,583.776,1369.0,5243.0,4.1,1.41,13.4804,167.903229,-8.694301,APC
4434,4.1059615,3.688,5250.0,9.32533,1015.01,1572.0,6524.0,4.32,1.32,13.157,148.957422,-43.048866,PC
4435,2.835273,4.249,3370.0,11.2429,5246.76,2371.0,6996.0,4.1,1.83,12.959,137.475656,-43.366847,PC
4436,3.5164369,3.119,6640.0,22.1885,227.514,1081.0,4395.0,4.33,2.57,12.8007,145.189317,-49.815667,PC
4437,3.0978928,1.17,2740.0,10.5098,133.067,946.0,5962.0,4.33,1.23369,12.3918,154.048644,-29.976349,PC
4438,24.3321784,5.219,520.0,2.727569,32.6779,666.0,5450.0,4.40968,1.0083,9.8542,52.540546,-70.399584,PC
4439,7.4144849,3.493,392.0,10.5098,220.138,1073.0,5450.0,4.40968,1.23369,9.8542,52.540546,-70.399584,PC
4440,1.8119168,2.618,5510.0,8.20112,2335.94,1936.0,6146.0,4.54,0.96,13.353,147.429759,-48.111763,PC
4441,1.7687528,1.471,4140.0,19.8865,3371.36,2122.0,6176.0,4.12,1.56,12.7595,153.17829,-29.168821,PC
4442,1.7125104,3.465,1810.0,9.77984,12427.4,2941.0,7938.0,3.92,2.52,12.6425,152.911589,-48.205913,PC
4443,0.8313018,1.181,1770.0,6.57285,1906.13,1840.0,5983.0,4.4,1.1,12.6116,194.027192,-26.204243,PC
4444,2.2866856,2.881,3720.0,14.738,5350.8,2382.0,8277.0,3.98,2.41,13.1088,154.773709,-58.77487,PC
4445,9.7929019,3.362,6100.0,10.6608,127.221,935.0,6322.0,4.28,1.33,12.5502,150.022254,-53.460937,PC
4446,4.1379542,4.739,2610.0,10.5098,365.719,1185.0,5801.0,4.33,1.23369,12.5386,159.657502,-56.593205,PC
4447,5.2220526,4.243,4850.0,12.0807,896.671,1524.0,6718.0,4.15,1.67,12.2316,156.66238,-52.23695,PC
4448,4.728422,1.398,10770.0,13.0542,59.5611,773.0,5655.8,4.29,1.18,13.4358,188.544304,-41.837289,PC
4449,5.3763108,2.339,4040.0,9.71605,242.224,1099.0,6543.0,4.2,1.53,13.3342,130.643983,-59.619955,PC
4450,1.1979996,0.9682003,1150.3177297,1.2107339,58.2602237,704.6326883,3332.0,4.91528,0.354529,11.1972,120.593607,3.337163,CP
4451,3.4717583,3.494,11480.0,15.0586,1172.33,1630.0,6549.0,4.26,1.43,12.8382,198.004287,-53.449373,PC
4452,4.4158835,4.663,3250.0,11.2662,647.404,1405.0,5306.0,3.78,2.03,13.2953,140.897667,-61.880266,PC
4453,4.4360402,2.438,7040.0,11.7883,410.649,1254.0,6633.0,4.29,1.39,11.2673,159.546802,-54.579059,PC
4454,4.4967355,4.218,6290.0,10.7052,1127.24,1614.0,6534.0,4.2,1.53,12.9582,155.731521,-50.177433,PC
4455,1.5300843,3.1055945,4193.6457,10.5098,1479.3430207,1581.7468249,5951.0,4.33,1.23369,13.351,165.888577,-51.459236,PC
4456,6.9392854,5.859,14590.0,10.5098,365.719,1185.0,5801.0,4.33,1.23369,13.3328,187.712917,-44.618489,PC
4457,3.251249,2.123,12040.0,19.6899,706.995,1436.0,6951.0,4.18,1.66,12.9004,158.261633,-57.281506,PC
4458,5.1873583,5.228,3850.0,12.2426,2667.28,2002.0,7868.0,4.13,1.96,12.6039,149.552915,-58.947542,PC
4459,9.4185437,4.259,2670.0,8.08768,223.026,1076.0,6243.0,4.12,1.58,12.0728,124.337853,-60.030976,PC
4460,1.895234,0.868,2470.0,10.5098,24.4753,619.0,3525.0,4.33,1.23369,12.6063,145.791652,-56.421755,PC
4461,3.6466612,3.9225178,8994.5736642,13.2844134,999.6687505,1434.1143407,6096.0,4.21513,1.35672,11.8997,123.250703,4.787029,KP
4462,3.0475227,2.953,8310.0,14.8539,1293.5,1670.0,6823.0,4.19,1.6,11.6042,172.065775,-49.667865,PC
4463,2.4498012,3.9189168,12322.1183044,10.5098,789.7959563,1352.0678187,5801.0,4.33,1.23369,12.8844,159.396893,-56.743513,PC
4464,4.516649,3.654,6110.0,11.1801,509.073,1323.0,5850.0,4.17,1.4,13.2078,193.942675,-18.736439,PC
4465,7.3262605,1.786,12150.0,10.5098,24.4878,619.0,4884.2,4.33,1.23369,12.6087,145.257124,-57.379026,PC
4466,3.5611222,2.736,5240.0,12.6024,340.982,1197.0,5260.0,4.33,1.76,13.4175,148.804843,-57.332467,PC
4467,8.9641788,1.636,3510.0,11.2056,56.781,764.0,6956.0,4.12,1.77,12.1122,153.729627,-58.677888,PC
4468,5.1609259,4.411,4600.0,10.5964,1325.48,1680.0,7102.0,4.23,1.6,12.554,142.254042,-58.862842,PC
4469,4.3066915,2.149,7630.0,11.6239,313.657,1172.0,6618.0,4.4,1.23,13.1546,167.812428,-50.088877,PC
4470,2.7652293,1.262,2390.0,3.48557,33.0144,667.0,3830.0,4.62,0.64,11.9277,197.341671,-32.829454,PC
4471,2.3908076,3.28,6010.0,14.4175,3793.38,2186.0,7228.0,4.15,1.77,12.4218,153.027758,-61.462095,PC
4472,2.8106006,1.956,11976.0,15.6823,813.66,1487.0,6304.0,4.35913,1.34,9.93908,123.949843,5.836867,KP
4473,7.6650157,5.834,7190.0,14.8051,516.192,1327.0,6085.0,4.04,1.68,13.1119,201.402547,-38.706171,PC
4474,16.0462248,2.492,7300.0,10.789,14.0395,539.0,5295.9,4.22,1.23,12.5306,182.897552,-31.718427,PC
4475,4.1934945,1.873,2710.0,9.49438,137.464,953.0,5541.0,4.01,1.63,12.8989,138.943337,-60.291854,FP
4476,4.9142901,4.595,5270.0,12.5243,2462.94,1962.0,8065.0,4.27,1.7,12.3934,158.216344,-59.880412,PC
4477,2.4118274,1.722,9250.0,19.2999,2090.41,1883.0,8765.0,4.21,1.92,12.5927,156.222381,-56.950477,PC
4478,11.1378464,1.622,5350.0,13.1836,18.3455,576.0,5809.0,4.33,1.56,12.6595,152.727448,-56.182594,PC
4479,11.9768241,3.662,6760.0,8.81618,84.7541,845.0,6059.0,4.41,1.09,13.3678,137.989614,-59.602869,PC
4480,3.3405202,2.693,3150.0,10.5098,361.948,1215.0,5108.1,4.33,1.23369,12.9489,157.67248,-53.568998,PC
4481,19.7112002,5.452,4150.0,9.99929,104.142,889.0,6636.0,4.18,1.59,13.2223,135.345703,-63.562345,PC
4482,11.6484665,5.8782939,6183.9678461,16.0778778,243.8397642,1007.8499578,6496.0,4.64,1.99518,10.609,180.114014,-47.243939,PC
4483,3.3326812,3.125,17008.0,14.4797,521.877,1331.0,5645.0,4.37683,1.11,12.7656,128.925689,10.206587,KP
4484,5.506691,1.911388,16086.399083,14.6366494,204.5601687,964.5506052,5277.0,4.38,1.01161,13.467,164.016026,-54.280472,PC
4485,4.4573401,3.75,7447.0,13.5074,1527.79,1741.0,7514.0,4.3,1.54,12.7706,164.519868,-56.385999,PC
4486,7.4105517,1.856,10640.0,18.0468,111.176,904.0,5546.0,4.53,0.89,13.346,192.36952,-23.076218,PC
4487,6.5430693,2.585,3820.0,4.75554,53.4345,753.0,4689.0,4.55,0.76,12.3375,187.110757,-46.072906,PC
4488,10.5988743,1.638,12920.0,12.6054,18.1082,574.0,5809.9,4.42,1.04,11.6629,204.542672,-28.142921,PC
4489,3.3362143,2.121,2130.0,10.5098,365.719,1185.0,5801.0,4.33,1.23369,11.7211,144.840665,-55.29414,PC
4490,4.1197036,4.547,2690.0,9.06392,1047.58,1584.0,5848.8,3.96,1.79,12.1137,176.240233,-38.139716,KP
4491,4.7738904,3.304,9170.0,13.3725,597.141,1377.0,6681.0,4.33,1.35,11.1646,203.73203,-64.830059,PC
4492,6.5329169,3.342,2860.0,7.59526,221.525,1074.0,5698.0,4.15,1.39,12.0272,211.722845,-29.306832,PC
4493,3.6470909,2.383,9420.0,16.5056,369.697,1221.0,6050.0,4.09,1.58,12.9098,233.386032,-42.100569,PC
4494,3.1220237,3.41,6550.0,13.9405,1198.68,1639.0,6280.0,4.08133,1.73,11.3155,118.063438,12.139347,KP
4495,2.5245706,3.741,4820.0,13.3195,3197.52,2094.0,6687.0,4.15,1.66,12.8127,229.63811,-51.282012,PC
4496,3.4975869,1.734,4500.0,13.5654,1161.69,1185.0,6987.0,4.33,1.69,12.1004,195.436751,-52.591723,PC
4497,7.5492321,5.259,6530.0,10.5098,251.146,1109.0,5295.2,4.33,1.23369,12.798,189.824242,-57.593424,PC
4498,12.9175271,4.46,4615.0,9.95556,69.9889,805.0,5501.0,4.17,1.34,12.2607,91.856826,-51.896853,PC
4499,3.1467665,3.359,5630.0,10.5098,3523.36,2146.0,8232.0,4.33,1.23369,13.0029,179.524506,-60.773949,PC
4500,3.9511085,2.727,7540.0,12.8323,388.353,1236.0,5933.0,4.19,1.38,13.484,165.117434,-67.872351,PC
4501,6.809144,6.35,1990.0,10.1542,1033.51,1579.0,6464.0,3.87,2.2,12.29,177.011518,-72.715335,PC
4502,0.8166936,1.234,2890.0,10.8868,2102.63,1886.0,5951.0,3.89,1.97,13.1571,153.244609,-65.847247,PC
4503,2.7792649,3.764,3610.0,12.48,4287.92,2254.0,7544.0,4.05,2.08,11.3943,213.704034,-66.714696,PC
4504,2.5547255,2.953,5580.0,13.5829,2108.75,1887.0,4956.0,4.33,0.99,13.405,201.422241,-56.007319,PC
4505,5.9444406,2.095,2490.0,4.14165,29.7313,650.0,4383.0,4.56546,0.81,11.4479,119.627721,12.88326,PC
4506,6.7789159,4.138,2640.0,5.88108,310.079,1169.0,5804.0,4.33,1.16,12.0678,208.641888,-45.154479,PC
4507,6.7635161,3.079,5690.0,10.5098,74.7856,819.0,4847.4,4.33,1.23369,12.129,176.648464,-70.335791,PC
4508,3.9417247,5.762,2770.0,11.7599,1541.06,1745.0,4900.9,4.33,2.3,12.5116,230.921568,-36.199508,PC
4509,5.3861006,4.62,6440.0,10.5098,477.988,1302.0,5623.3,4.33,1.23369,12.7116,224.731552,-56.41524,PC
4510,2.8013515,5.405,4590.0,12.9252,28108.4,3607.0,7518.0,4.23,1.67,12.6554,218.676874,-58.297303,FP
4511,17.4230202,3.802,9370.0,13.3223,45.6259,1185.0,6282.0,4.33,1.37,11.5845,193.181287,-58.931711,PC
4512,4.7750178,3.64,9470.0,15.088,917.418,1533.0,7121.0,4.27,1.53,13.0936,190.219208,-55.501594,PC
4513,5.0414219,6.675,2340.0,11.6667,1527.97,1741.0,5838.0,3.66,2.5,12.4864,207.66961,-48.807654,PC
4514,2.913692,2.665,20130.0,13.5499,586.602,1371.0,5816.0,4.49,0.97,12.4741,201.741869,-55.915198,PC
4515,9.1717558,3.54,5240.0,7.49243,328.919,1186.0,7513.5,4.33,1.08,12.1624,231.653777,-41.386244,PC
4516,1.7018818,1.551,570.0,1.96356,400.827,1246.0,4985.0,4.67,0.8,10.0854,124.695407,-6.785921,PC
4517,25.8675892,3.562,2330.0,5.64345,12.2516,521.0,5418.7,4.33,1.18,11.8153,58.251168,-62.407968,PC
4518,3.5569996,1.985,18990.0,10.8822,68.3964,801.0,4440.0,4.49,0.78,13.1014,239.672825,-27.431264,PC
4519,7.9248476,4.022,3330.0,7.01304,283.041,1142.0,6274.0,4.35,1.22,12.5098,192.817352,-52.810546,PC
4520,8.0176705,2.714,12290.0,8.9733,26.1122,629.0,4353.0,4.33,0.78,12.998,224.001903,-59.642969,PC
4521,4.075051,1.176,9210.0,9.4389,77.2131,825.0,5674.0,4.56,0.87,13.0161,210.951781,-43.273675,PC
4522,1.6500255,2.937,14270.0,18.0511,9993.06,2785.0,6449.0,4.44,1.15,13.184,215.249404,-53.136559,PC
4523,1.819376,2.97,5240.0,11.1303,12022.3,2917.0,7567.0,4.31,1.53,12.1164,205.145274,-63.742301,FP
4524,4.1400273,3.936,4520.0,12.7772,1271.14,1663.0,6639.0,4.05,1.85,11.5362,183.798729,-63.61391,PC
4525,0.4722347,1.074,3610.0,7.34189,4192.02,2241.0,5827.0,4.37,1.1,13.164,226.854216,-45.159596,PC
4526,1.7819156,2.748,12020.0,17.5347,3451.71,2135.0,6955.0,4.22,1.58,12.4171,220.004623,-62.377726,PC
4527,1.2749246,2.783,18699.0,22.0328,6216.41,2473.0,6459.0,4.24006,1.52,10.056,107.600231,-39.09727,KP
4528,3.9358604,4.341,4510.0,12.0264,2417.15,1953.0,6975.0,4.11,1.8,11.997,199.717658,-50.065379,PC
4529,4.1042587,4.642,2790.0,10.2079,1000.26,1566.0,5823.0,3.89,1.92,11.8412,210.694695,-70.381177,PC
4530,0.6534841,0.988,1970.0,6.94706,5084.28,2352.0,7540.0,4.31,1.53,12.547,165.71721,-67.231516,PC
4531,2.9590176,2.832,12520.0,15.6559,1209.71,1643.0,6808.0,4.31,1.4,13.4571,191.759772,-59.080006,PC
4532,6.6819653,4.357,9100.0,14.6987,2766.53,2020.0,10126.0,4.49,1.51,12.69,232.789568,-53.777178,PC
4533,3.1409607,1.284,10670.0,9.6232,77.0719,825.0,4924.0,4.5,0.83,13.3356,233.735022,-48.546369,PC
4534,5.1087099,1.011,16220.0,12.7621,28.5078,643.0,5770.0,4.52,0.93,13.3624,234.525576,-30.534246,PC
4535,4.6622996,3.382,3810.0,15.6435,778.408,1471.0,6870.0,3.82,2.48,11.9955,193.084066,-54.22846,PC
4536,748.8277169,5.812,2167.0,21.1132,0.530165,237.0,6713.0,3.94,2.11,10.7546,217.998868,-51.07444,PC
4537,4.6011828,3.476,11320.0,13.7898,545.801,1346.0,6183.0,4.21,1.4,13.3895,234.283297,-45.43944,PC
4538,2.767691,1.876437,22690.263354,28.980984,2360.1000393,1777.6749499,6717.03,4.2,1.54739,12.33,123.097668,-5.768659,APC
4539,4.0557174,1.615,4240.0,16.4885,481.002,1304.0,6664.3,3.81,2.2,10.7133,211.627787,-63.053286,PC
4540,7.4791873,3.126,12680.0,11.0113,70.1254,806.0,5078.0,4.39,0.97,11.6602,192.501862,-59.891934,PC
4541,2.074205,2.806,8150.0,10.5098,4122.6,2232.0,6987.0,4.33,1.23369,12.6445,212.614222,-56.982395,PC
4542,2.365766,4.298,5750.0,10.5098,661.313,1412.0,4057.4,4.33,1.23369,13.1009,213.405362,-57.999764,PC
4543,1.1167145,1.817,12810.0,20.4041,7730.28,2612.0,6611.0,4.41,1.22,13.2364,198.097759,-58.753402,FP
4544,7.0857491,5.047,2227.0,9.46717,384.263,1233.0,5353.0,4.29,1.98,11.4543,222.60838,-45.685769,PC
4545,7.3136902,5.53,1480.0,10.3927,425.471,1265.0,5654.0,3.58,2.68,11.9852,171.252251,-66.488049,PC
4546,0.5979368,1.018,3760.0,10.3319,2472.04,1964.0,5812.0,4.18,1.38,13.2313,206.006149,-42.813654,PC
4547,2.2355936,3.8169843,11467.2654828,19.1583617,3937.2018929,2020.3037543,6731.0,4.11,1.74519,12.5808,199.154488,-59.030514,PC
4548,3.0773658,3.579,5140.0,13.6438,2446.41,1959.0,7277.0,4.17,1.75,12.8132,197.5465,-54.218835,PC
4549,2.974175,3.031634,11707.257241,3.756355,13.8678401,492.1777269,3333.0,4.94824,0.302,13.2312,112.446414,-28.483916,FP
4550,4.8397625,3.244,8880.0,11.6978,647.154,1405.0,6859.0,4.4,1.27,12.365,201.239647,-57.733832,PC
4551,7.9674915,3.374,2920.0,10.5098,84.3794,844.0,5058.2,4.33,1.23369,11.9736,154.273599,-68.883731,PC
4552,2.6492703,2.42,10560.0,12.9788,560.52,1355.0,5743.0,4.25,1.25,13.1773,232.995996,-40.635519,PC
4553,7.9486299,1.29,6340.0,9.54103,34.816,676.0,5742.0,4.51,0.93,10.7271,158.574934,-71.204192,PC
4554,10.6006859,3.663,16260.0,10.5098,107.932,897.0,6303.2,4.33,1.23369,12.7126,230.322481,-38.832914,PC
4555,4.4834145,2.363,4810.0,10.5098,365.719,1185.0,5801.0,4.33,1.23369,12.967,141.051186,-67.683704,PC
4556,3.027103,3.964,6250.0,10.9691,1882.44,1835.0,6275.0,4.24,1.39,13.3665,212.70783,-54.29754,PC
4557,7.7023687,2.321,27310.0,14.6181,44.8696,721.0,5333.0,4.55,0.85,12.5156,193.460711,-54.345963,PC
4558,4.7190303,1.538,6800.0,17.051,292.335,1151.0,6389.0,4.07,1.73,12.2913,229.97328,-45.718,PC
4559,3.6305988,2.303,570.0,5.32844,2058.82,1876.0,5156.0,4.14,1.31,10.5895,181.475721,-71.58616,PC
4560,0.2750478,0.5251393,703.0554225,4.0587998,34263.9733582,3469.9976486,6218.0,4.26662,1.3227299,9.58094,129.090789,-3.860202,APC
4561,16.1565078,1.814,13030.0,10.5098,7.84717,466.0,5215.0,4.33,1.23369,12.9331,70.411544,-45.484868,PC
4562,0.2097217,0.25,1250.0,11.9597,6373.11,2489.0,6046.0,4.42,1.08,12.4813,76.446544,-38.864642,PC
4563,2.5665666,3.177,9060.0,15.79,1270.4,1663.0,6020.0,4.09,1.57,13.3495,85.01129,-17.564085,PC
4564,5.7527363,5.075,12970.0,10.5098,795.35,1479.0,5951.0,4.33,1.23369,13.01,105.149163,-20.564749,PC
4565,3.6748618,4.042,2990.0,10.5098,1164.16,1627.0,6084.3,4.33,1.23369,12.4373,106.060479,-0.367305,PC
4566,3.5678072,2.968,17670.0,34.7616,4074.35,2225.0,7819.0,4.24,1.71,13.3162,93.095903,12.838602,FP
4567,6.5946181,2.884,9920.0,22.1605,277.451,1137.0,6345.0,3.89,2.12,12.8742,111.521557,-6.082467,PC
4568,4.2889696,2.517,5850.0,20.7112,646.761,1404.0,6736.9,3.76,2.61,10.6311,153.669669,-15.642837,CP
4569,2.3699363,1.8075167,42277.7962105,15.6542519,119.5360333,843.3239992,3986.0,4.57,0.697237,14.881,112.460205,-51.990765,PC
4570,3.429078,1.795,13770.0,21.1656,185.229,1027.0,5654.0,3.91,1.85,13.0413,256.799859,-64.547055,PC
4571,8.5334865,2.369,1756.0,4.14687,130.53,941.0,5997.0,4.45722,0.97,10.1374,115.638695,-43.553495,PC
4572,5.6386197,2.621,5940.0,13.3798,120.336,922.0,5373.0,4.02,1.56,12.9123,270.777435,-68.14639,PC
4573,0.7702101,0.857,29130.0,13.5452,120.256,922.0,3601.0,4.58,0.68,14.6594,253.700297,-45.367406,PC
4574,4.8807474,3.148,11440.0,18.7724,424.843,1264.0,6356.0,4.08,1.7,13.1812,244.854853,-66.670298,PC
4575,3.1062522,4.824,3680.0,12.6882,1415.95,1708.0,5369.0,3.75,2.13,12.782,262.31426,-59.107667,PC
4576,21.4921464,4.199,5960.0,9.09747,22.7774,608.0,5520.0,4.34,1.11,11.9545,283.132534,-78.43443,PC
4577,8.7802662,2.45,2140.0,8.87975,87.107,851.0,6124.0,3.95,1.88,11.8014,265.23597,-69.443478,PC
4578,4.8131406,4.932,5030.0,15.2753,1074.75,1595.0,6287.0,3.88,2.1,12.7523,257.612996,-81.70829,PC
4579,13.3178839,4.344,3920.0,10.5098,261.545,1120.0,7295.5,4.33,1.23369,11.1281,238.241484,-63.860593,PC
4580,9.7800223,4.245,4340.0,9.06075,187.783,1031.0,6113.0,4.25,1.33,11.2723,269.247209,-55.787941,PC
4581,5.5846356,5.066,2220.0,9.33343,624.784,1392.0,5698.0,3.84,1.99,10.8235,266.628908,-43.374494,PC
4582,0.5481573,0.9424668,226.8573536,1.3591774,1463.1155872,1577.3911825,4590.0,4.50961,0.751825,9.4022,106.559098,-47.587816,CP
4583,5.5422295,2.556,14910.0,14.7328,271.918,1185.0,5483.0,4.33,1.02,12.6702,158.600019,-23.73406,PC
4584,15.3392841,2.933,12910.0,11.7705,26.88,1185.0,5483.0,4.33,1.02,12.6702,158.600019,-23.73406,PC
4585,5.069043,4.185,8170.0,13.2155,939.466,1542.0,6763.0,4.24,1.51,12.1641,243.403564,-33.496496,PC
4586,3.7318818,3.231,10850.0,13.3208,653.055,1408.0,6129.0,4.32,1.23,13.4479,205.298543,-78.882708,PC
4587,4.4540914,1.16,9790.0,12.2601,70.3253,806.0,6188.0,4.41,1.13,11.8406,259.699318,-66.348384,PC
4588,5.7626113,4.004,8710.0,10.0697,692.871,1429.0,5470.0,4.45,0.97,13.0071,249.366356,-80.975283,PC
4589,6.3084728,2.871,3690.0,6.00429,174.188,1012.0,5840.0,4.48,0.97,11.13,238.108194,-48.1451,PC
4590,4.254955,4.228,2370.0,14.4712,5255.5,2372.0,8653.0,3.85,2.88,11.9055,216.471203,-69.83585,PC
4591,2.5432595,1.12,21300.0,10.6224,23.828,615.0,3757.0,4.61,0.66,13.6366,236.06387,-61.041365,PC
4592,2.7702532,3.748,10790.0,10.2658,840.782,1500.0,5183.0,4.43,0.94,12.9499,266.129426,-39.993496,PC
4593,8.1755735,7.683,2870.0,17.9327,4574.7,2291.0,9169.0,3.73,3.44,11.9032,261.294366,-40.583473,PC
4594,1.7100122,1.79,12680.0,17.2191,826.113,1493.0,5720.0,4.16816,1.51,10.3887,108.301409,-42.409762,KP
4595,6.7107895,1.377,29370.0,12.843,6.07437,437.0,3980.0,4.57,0.7,14.6681,270.340633,-79.353115,PC
4596,2.6060495,1.565,5140.0,6.89719,99.3507,879.0,4471.0,4.49,0.79,13.4962,197.361763,-81.962957,PC
4597,4.18438,2.146,3750.0,14.8687,2440.51,1958.0,10708.0,4.36,1.82,11.4302,252.214926,-44.21966,PC
4598,8.989491,1.43,2890.0,13.4707,40.9859,704.0,6620.0,3.89,2.21,12.7482,123.632846,-72.245005,PC
4599,3.4507193,3.498,2270.0,8.16973,830.757,1495.0,5712.0,3.99,1.7,12.4073,244.702801,-68.662731,PC
4600,2.4533968,3.425,8790.0,16.1215,2024.13,1868.0,6333.0,4.07,1.7,12.491,245.273071,-43.222686,PC
4601,1.2833689,2.592,20090.0,23.5753,5124.73,2357.0,5442.0,4.4,1.01,12.5209,236.159176,-58.128314,FP
4602,3.3677179,5.049,3070.0,12.6215,1495.44,1732.0,5575.2,3.71,2.3,12.4698,260.016954,-67.444612,PC
4603,6.5859565,1.553,1570.0,5.98453,111.468,905.0,6353.0,4.24,1.41,11.576,267.208534,-67.058468,PC
4604,1.090295,1.895,5240.0,8.96609,3593.4,2156.0,5479.0,4.31,1.14,12.6345,251.626959,-55.262592,PC
4605,2.9412694,1.6223259,2421.3696753,8.8335566,990.2921795,1430.7395644,5642.0,4.16735,1.21356,10.3773,98.53195,-28.404168,PC
4606,5.3450209,5.64,3650.0,11.8547,1370.06,1694.0,6279.0,3.91,2.04,13.3298,251.32038,-76.166637,PC
4607,12.975062,6.124,6210.0,11.8674,266.841,1125.0,6480.9,4.2,1.5,13.2565,230.10612,-77.358859,PC
4608,2.244541,2.1,17150.0,13.6382,465.777,1294.0,5455.0,4.39,1.03,13.1509,245.215993,-57.641596,PC
4609,2.2749988,0.632,68800.0,17.0496,4.17143,398.0,3199.0,4.9,0.32,14.9582,257.123769,-51.531661,PC
4610,14.7765802,4.996,4630.0,10.2309,119.223,920.0,6247.0,4.19,1.46,12.9267,279.09562,-77.375951,PC
4611,2.8846592,2.783,12880.0,16.5935,2563.35,1982.0,8219.0,4.44,1.42,12.3666,261.365163,-46.988032,PC
4612,3.2813635,3.203,4740.0,10.9441,1226.1,1185.0,6622.0,4.33,1.54,11.831,261.946819,-33.163141,PC
4613,10.2436729,2.999,9410.0,11.2818,190.912,1035.0,5845.9,4.5,0.96,10.9097,243.885021,-69.217097,PC
4614,3.9353218,3.169,8020.0,20.2069,575.011,1364.0,5806.0,3.78,2.17,12.5587,271.090009,-55.636862,PC
4615,3.8861815,2.565,5880.0,10.8516,1616.52,1766.0,8615.0,4.49,1.39,12.1989,259.95298,-35.740745,PC
4616,3.6773543,1.441,3949.0,11.426,786.44,1475.0,7887.0,4.28126,1.68,9.19813,124.320365,12.601322,CP
4617,4.4299239,4.671,5280.0,10.5098,365.719,1185.0,5801.0,4.33,1.23369,12.3927,267.466654,-32.095911,PC
4618,4.5314275,6.41,6062.0,10.5098,242.998,1099.0,3605.0,4.33,1.23369,13.302,230.789617,-58.726784,PC
4619,6.032661,4.689,6850.0,10.5098,255.942,1114.0,5049.5,4.33,1.23369,12.7954,233.198015,-56.080098,PC
4620,5.4695364,1.274,1600.0,1.39203,6.09736,437.0,3465.0,4.86,0.36,11.7405,309.399793,-83.092931,PC
4621,8.7042937,2.726,2130.0,3.59413,52.2984,749.0,5160.9,4.61,0.77,12.0635,266.949667,-62.527452,PC
4622,5.8009082,3.175,5130.0,8.06972,171.882,1008.0,5406.0,4.37,1.05,12.5787,215.630691,-72.802221,PC
4623,17.7481897,2.516,5210.0,11.5797,11.794,516.0,5393.0,4.06,1.51,12.5819,222.810426,-78.378242,PC
4624,4.1239984,2.978,12310.0,14.8401,542.264,1344.0,6433.0,4.3,1.33,12.3155,234.548332,-71.927874,PC
4625,0.9990876,1.27,4640.0,16.981,9983.53,1185.0,9391.0,4.05,2.41,11.9036,267.168701,-29.5226,PC
4626,2.1967461,3.749,3670.0,11.6242,2106.93,1887.0,5709.0,3.94,1.8,13.4924,214.410109,-75.324247,PC
4627,1.6773063,2.352,3910.0,29.2836,15535.1,3110.0,6915.0,4.17618,2.56,9.6646,90.77407,-52.084311,FP
4628,3.3808424,3.135,4420.0,15.6348,1136.54,1617.0,6445.0,3.97,1.96,12.9612,263.127273,-50.291903,PC
4629,0.733892,0.9663799,41803.8414084,12.8031517,162.6122005,910.7685622,3423.0,4.79,0.438708,14.9276,312.602815,-81.443121,PC
4630,5.6316098,5.877,940.0,6.99657,989.195,1562.0,5784.0,3.72,2.32,11.0384,210.985629,-78.772446,PC
4631,3.8027513,3.148,26100.0,14.5097,245.058,1102.0,5061.0,4.5,0.86,12.4337,267.099516,-54.9322,PC
4632,5.55692,4.092,2480.0,11.3578,534.233,1339.0,5964.0,3.83,2.1,11.1072,243.221573,-61.031281,PC
4633,3.4792084,3.545,8320.0,14.4016,940.992,1542.0,6052.0,4.1,1.57,13.3209,242.186675,-65.25866,PC
4634,11.1838046,5.302,3740.0,10.5098,365.719,1185.0,5801.0,4.33,1.23369,13.069,119.031193,-69.861455,PC
4635,7.3142625,3.367,18810.0,12.5859,69.2385,803.0,4881.0,4.47,0.86,12.6794,248.591364,-38.239147,PC
4636,1.3583233,1.463,6790.0,13.5621,812.252,1487.0,5604.0,4.05,1.56,13.115,247.424651,-28.504414,APC
4637,2.9204289,2.679,10330.0,12.9535,470.192,1297.0,5508.0,4.36,1.08,12.9072,226.112079,-66.203063,PC
4638,3.3294649,4.0123108,10603.9863905,16.0269619,1612.761812,1616.2640286,6003.0,4.16979,1.52238,10.6815,117.414976,-52.120447,KP
4639,2.3064574,2.071,5650.0,13.5732,1020.03,1574.0,6692.0,4.25,1.48,12.6487,232.617533,-55.787488,PC
4640,3.5980715,2.842,15550.0,14.8005,180.551,1021.0,4708.0,4.21,1.13,11.6451,261.385143,-44.046683,PC
4641,4.0668104,2.988,19690.0,15.0245,286.231,1145.0,5496.0,4.36,1.07,12.3562,244.35621,-59.097565,PC
4642,9.8830331,3.432,15630.0,10.3147,29.7162,650.0,4456.0,4.46,0.82,12.6916,285.668452,-77.582499,PC
4643,4.2100055,2.653,7990.0,13.6161,427.599,1266.0,6160.0,4.2,1.42,12.7372,318.86343,-83.164507,PC
4644,2.0915616,3.634,2560.0,14.2961,10148.1,2796.0,5551.0,4.01,1.62,11.9139,235.152828,-81.208241,PC
4645,7.6686232,4.794,2000.0,8.82795,480.358,1304.0,6066.0,3.91,1.96,10.9531,259.468864,-44.865144,PC
4646,1.1437772,1.501,1770.0,12.9975,548.925,1348.0,4520.0,4.33,2.85,11.0837,254.842052,-35.388933,PC
4647,23.7123919,5.841,6160.0,12.8901,181.582,1185.0,6130.0,4.33,1.29,10.9425,279.790982,-79.505335,PC
4648,8.7876771,2.935,20650.0,11.5115,30.7909,656.0,4676.0,4.54,0.77,11.8876,250.408499,-41.58444,PC
4649,2.774207,2.393565,693.389889,2.582442,444.231028,1170.9058394,5280.0,4.44454,0.945062,10.4215,116.68702,6.445569,FP
4650,1.2695326,2.229,13410.0,14.8016,17833.5,3219.0,9561.0,4.68,1.18,13.4489,247.643085,-49.414177,PC
4651,3.3645349,3.14,7010.0,11.8831,978.355,1558.0,6443.0,4.3,1.34,12.9971,260.73494,-51.983412,PC
4652,6.2244575,5.174,1570.0,8.34496,639.699,1401.0,5692.8,3.81,2.08,11.8105,267.651938,-71.286618,PC
4653,3.613799,3.323,9490.0,15.4064,1276.89,1665.0,6955.0,4.25,1.54,12.6019,258.239194,-59.367192,PC
4654,3.5108018,2.791,960.0,5.42543,561.487,1356.0,5860.0,4.06,1.59,11.5939,234.351892,-82.485339,PC
4655,19.4921473,3.568,1700.0,5.50689,31.9085,662.0,6128.0,4.23,1.36,9.66896,136.574193,19.402057,KP
4656,1.3454079,1.208,1226.0,7.22545,3632.59,2162.0,7509.4,4.07,2.0,10.3418,63.833786,27.062203,PC
4657,4.6886342,2.651,1469.0,3.36071,133.083,946.0,4954.0,4.47,0.87,11.7421,130.878348,24.422956,KP
4658,4.7369669,2.58,1238.0,2.93924,307.522,1166.0,5069.2,4.46,0.79,11.1704,130.180046,10.982951,KP
4659,8.8558739,6.144,280.0,3.014,599.445,1378.0,6332.0,3.99,1.87,9.63679,46.920838,15.324683,PC
4660,0.8994677,1.2066668,58768.3536154,17.1200078,133.4667668,866.8813273,3338.0,4.9469,0.505078,13.2304,121.629579,-15.76469,PC
4661,6.2170098,3.269,1905.0,11.8966,1988.94,1860.0,6304.0,4.16,1.54,10.3879,95.305914,20.878513,PC
4662,1.6739029,1.355,863.0,3.44449,757.167,1461.0,6115.5,4.33,1.22,10.0121,129.601086,20.106007,KP
4663,5.185768,2.356,13002.0,7.50399,126.877,935.0,4664.8,4.68,0.65,12.244,126.936662,17.579327,KP
4664,3.1393667,3.957,11087.0,15.9004,963.197,1597.0,5653.4,4.08,1.52,13.3042,133.866599,10.04531,PC
4665,3.0801833,3.233,9640.0,17.5341,2090.4,1883.0,7511.0,4.21,1.7,9.02097,125.617407,13.735309,KP
4666,1.7134571,1.433,355.0,4.95462,4181.14,2240.0,8638.0,3.93,2.64,8.3482,60.838304,25.343808,FP
4667,23.4435474,5.261,1656.0,3.78169,100.496,882.0,4794.4,4.47,0.85,9.9909,50.510417,17.239209,CP
4668,5.8879518,3.534,747.0,9.19044,3105.54,2079.0,5641.0,3.85,1.97,9.51297,107.532776,25.819332,PC
4669,1.5110273,1.209,360.0,1.44083,271.144,1130.0,4595.0,4.63,0.68,9.7119,51.365399,13.507488,PC
4670,1.4920726,1.594,907.0,2.23482,654.339,1409.0,5125.0,4.56,0.81,9.642901,77.394839,24.324493,FP
4671,4.6117328,4.065,11890.0,18.7958,1460.67,1722.0,7346.0,4.14208,1.67,9.654,111.509529,7.615776,KP
4672,9.72665,4.584,2287.0,7.23871,361.739,1214.0,5583.6,4.11,1.45,12.9285,66.236364,18.827362,KP
4673,5.1699026,1.972,3110.0,9.23587,562.184,1356.0,6283.4,4.18,1.48,10.5649,134.69028,20.868979,KP
4674,4.2403543,2.353,842.0,2.64301,255.637,1113.0,5670.0,4.5,0.93,7.6253,106.569578,22.683148,PC
4675,4.7948642,2.245,2280.0,3.3985,118.638,919.0,4072.0,4.62,0.65,12.0394,79.140797,20.254903,KP
4676,5.8321337,2.039,274.0,1.15554,49.8722,740.0,4544.0,4.54,0.75,7.564,45.954561,20.110588,PC
4677,4.5117148,4.48,550.0,2.89398,921.698,1535.0,5785.0,4.19,1.35,10.1125,81.433488,20.544071,PC
4678,2.9956366,2.287,7778.0,13.1937,963.566,1552.0,6135.5,4.21,1.4,11.0514,127.578723,22.235919,KP
4679,17.3070631,3.646,1909.0,3.7275,31.2616,658.0,4230.6,4.48,0.77,10.1192,67.412861,22.882567,KP
4680,7.3242777,3.984,471.0,4.30351,2700.2,2008.0,5638.7,4.56,0.87,9.3422,112.891681,12.034442,PC
4681,13.4155226,3.665,550.0,1.53506,62.2227,782.0,5638.7,4.56,0.87,9.3422,112.891681,12.034442,PC
4682,5.1138588,2.361,1350.0,5.83713,359.228,1212.0,6315.7,4.17,1.51,10.999,136.489426,16.325515,KP
4683,9.0588209,3.342,875.0,2.67607,92.839,864.0,5560.26,4.438,0.96,7.9259,117.924642,9.385241,CP
4684,21.4003129,5.3847459,960.7539877,3.0010426,35.2811724,621.592122,5560.26,4.438,0.962324,7.9259,117.924642,9.385241,CP
4685,1.9827515,1.212913,137107.1539626,11.2954295,20.6177691,543.4757464,3213.0,4.93347,0.293047,16.0573,130.664165,19.41436,KP
4686,3.6413702,3.705,11340.0,16.4955,1340.13,1685.0,6832.0,4.2575,1.5,11.4438,95.635062,14.017632,PC
4687,2.3626901,1.4468336,4744.0800285,6.9577388,340.3343305,1095.4591558,5222.44,4.63151,0.755047,11.6786,101.625573,28.841238,APC
4688,2.2983835,1.93,33410.0,15.2047,117.166,916.0,4221.54,4.45733,0.79,12.8033,118.48315,23.938219,KP
4689,3.3366513,1.78,6530.0,4.36319,40.5809,703.0,3552.0,4.74,0.5,10.2479,119.773502,15.391209,KP
4690,3.4847528,0.7171813,11341.7404476,3.1137986,9.5034189,447.8058034,3204.0,4.93668,0.290216,13.0275,63.273935,15.247703,KP
4691,2.8753183,1.615,23676.0,11.1331,85.1168,846.0,4604.0,4.64,0.68,10.2832,111.91643,24.336119,KP
4692,5.7459945,1.185,3650.0,2.06081,3.99828,393.0,3413.0,4.91,0.32,11.5219,134.718851,21.074796,KP
4693,3.5438893,3.991,11670.0,19.5349,1319.04,1678.0,6466.0,4.07444,1.75,11.8887,113.758253,17.830028,KP
4694,14.4505401,1.7882915,1111.9132884,10.9983399,462.6919223,1182.8855566,6761.32,3.96878,2.0669501,6.9762,44.79356,19.989734,PC
4695,1.3523942,0.512,371.0,2.82883,252.046,1110.0,5915.0,4.1283,1.29,8.4633,104.95898,-49.50748,APC
4696,3.4536317,2.337596,13828.8189641,17.3139185,958.6590273,1419.174474,6028.0,4.2444,1.3226399,12.4261,66.934984,33.086274,PC
4697,10.1367283,5.341,1059.0,5.44119,992.258,1563.0,6283.0,4.17177,1.51,11.6718,126.488211,11.511093,KP
4698,0.4522013,0.5773712,15351.6498068,7.9172286,731.2387223,1326.2779363,3739.0,4.6228,0.633946,15.0155,123.152165,17.930123,APC
4699,4.9898664,1.037,1850.0,9.128,167.032,1001.0,6242.0,4.09,1.63,11.5679,126.624043,10.555371,APC
4700,4.890376,3.9844446,12039.4608136,16.1683559,796.3219695,1354.8522096,6278.0,4.20771,1.4458801,13.7667,75.754432,11.449226,PC
4701,4.4455436,4.152,5839.0,15.8181,905.997,1528.0,6355.8,3.89,2.11,12.1476,136.169901,20.931448,PC
4702,2.4361097,1.095,840.0,7.79741,807.375,1485.0,7182.5,3.91,2.33,10.0704,89.288232,14.878993,PC
4703,1.8354365,1.633,310.0,5.7988,6809.52,2530.0,9758.0,3.8,3.27,9.4098,92.674931,31.328397,FP
4704,6.7535728,2.173,1740.0,6.28796,122.785,927.0,5880.0,4.22,1.32,9.18458,166.269504,11.246407,PC
4705,3.2104815,1.693,1600.0,20.5754,2847.04,2035.0,9124.0,3.46,4.71,10.2846,79.413022,17.714524,PC
4706,3.3552499,3.547,12310.0,16.4831,1047.12,1584.0,6373.0,4.27283,1.42,11.3072,108.825117,14.262606,KP
4707,30.1584857,3.852,2293.0,11.2128,15.1027,549.0,6083.0,3.74,2.38,10.2592,94.404269,31.610331,PC
4708,3.3557219,1.599,1101.0,1.9149,37.2966,688.0,3807.0,4.68,0.56,11.7538,136.361492,21.668589,KP
4709,15.532806,3.564,1236.0,2.17742,31.4267,659.0,3973.0,4.65,0.61,10.1857,110.304466,17.588565,PC
4710,4.1363202,3.19,470.0,3.00841,632.772,1397.0,6113.0,4.21,1.39,10.2212,80.498464,30.948728,PC
4711,6.1539077,2.115,1636.0,22.3615,114.033,910.0,5234.4,4.33,5.63,10.0643,110.7852,25.558752,PC
4712,13.8240078,3.512,1140.0,2.38171,35.732,681.0,5129.0,4.67,0.71,12.1045,127.154488,10.249488,PC
4713,3.4355113,2.11,2580.0,4.18368,146.577,969.0,4870.0,4.53,0.8,11.9783,164.375996,12.535614,PC
4714,11.6986928,3.37,930.0,3.51877,89.0703,855.0,6247.5,4.39,1.16,10.3657,107.762809,14.947519,PC
4715,1.5749553,2.216,304.0,2.51186,3031.49,2067.0,6635.0,4.19,1.57,10.0769,97.362073,15.65565,PC
4716,1.4713984,3.028,236.0,3.62613,2280.57,1925.0,5110.7,4.33,2.66,8.96861,85.222404,25.872525,FP
4717,7.1887332,2.9505752,285.257999,1.5254582,112.4619017,830.5601795,5581.0,4.52166,0.882675,8.9767,96.646702,-38.60721,PC
4718,20.2749388,5.788,410.0,1.74398,56.5944,764.0,5581.0,4.52166,0.88,8.9767,96.646702,-38.60721,APC
4719,24.9163182,6.745,6260.0,12.0398,51.1862,745.0,5778.4,4.12,1.47,10.2326,104.214073,22.595448,PC
4720,8.4071591,5.002,533.0,10.1248,114.149,910.0,4642.6,4.33,4.71,11.6522,127.762837,10.847557,KP
4721,3.3885867,1.377,639.0,6.12917,1838.7,1824.0,6148.7,4.25,1.34,9.82614,85.682297,30.762919,PC
4722,3.2809598,1.897,750.0,2.03745,126.314,933.0,4783.6,4.59,0.74,11.1983,132.16988,20.455016,KP
4723,8.4388359,2.129,940.0,2.38569,25.215,624.0,4783.6,4.59,0.74,11.1983,132.16988,20.455016,KP
4724,1.0754572,1.832,690.0,8.40705,3593.53,2156.0,6290.0,3.49,3.29,10.4406,98.039425,17.38055,FP
4725,5.909621,2.784,435.0,2.96154,468.76,1296.0,6710.0,4.21,1.55,9.02342,87.9525,15.882044,PC
4726,5.4589863,3.39,1230.0,4.40571,402.195,1247.0,6223.0,4.33,1.24,9.56225,151.659783,18.634063,CP
4727,17.9051919,4.555,771.0,3.00633,76.5725,824.0,6223.0,4.33,1.24,9.56225,151.659783,18.634063,CP
4728,17.5328625,3.11,547.0,2.60324,53.5244,753.0,6160.0,4.39,1.14,9.80493,96.199683,13.362053,PC
4729,7.6014943,3.018,1898.0,9.00796,492.37,1312.0,7642.0,4.09,1.99,8.2893,143.31764,9.168421,PC
4730,7.4121119,1.78,979.0,3.6822,82.6575,840.0,6178.0,4.36,1.19,10.1843,99.702791,29.089322,PC
4731,1.445433,3.684343,16635.28994,3.493627,29.2577267,593.1709781,3266.0,4.98546,0.269,14.7095,120.789948,-20.010091,FP
4732,2.1667786,4.416,282.0,1.77975,4654.09,2301.0,6224.0,4.36,1.2,8.64885,85.516418,28.241192,PC
4733,9.4813433,1.019,9450.0,6.37051,2.79712,360.0,4427.0,4.67,0.63,13.1113,155.515614,10.003199,PC
4734,1.5985577,1.19,2590.0,11.0534,1717.96,1793.0,7947.0,4.04,2.2,10.1485,88.308222,21.917925,APC
4735,30.4408598,4.586,1500.0,7.19468,371.746,1223.0,8158.9,4.34,1.58,10.3703,88.396157,33.232368,FP
4736,6.880459,2.037,445.0,2.77633,123.942,929.0,6474.0,4.32,1.31,9.16636,114.312857,24.515713,FP
4737,2.0197299,2.563,426.0,3.29943,1353.12,1689.0,5810.0,3.96,1.77,8.96147,97.83249,32.39678,FP
4738,7.8092052,3.393,480.0,2.70889,230.628,1085.0,5906.9,4.3,1.22,12.0789,129.813701,23.357437,KP
4739,3.2092033,0.677,2038.0,6.33877,67.6268,1185.0,5060.5,4.33,0.91,12.345,126.023493,22.783201,PC
4740,1.7290234,1.6887274,24967.871188,11.8980873,313.9900736,1073.6153921,4377.0,4.50156,0.766495,14.6026,169.632755,-1.774058,KP
4741,5.9471027,1.544,3540.0,7.14437,47.8442,732.0,3859.0,4.65384,0.6,12.7263,153.384453,19.948217,PC
4742,11.3909556,3.7913603,16558.8432192,11.1621831,46.9022129,667.4489941,5027.0,4.51935,0.875936,13.6674,127.882912,11.922255,KP
4743,15.6113633,3.2002615,520.4897607,2.9033347,111.9728668,829.6557911,6061.77,4.31439,1.22568,6.3687,129.689446,23.685265,PC
4744,11.8141726,5.5649352,1504.894167,6.9724932,275.6427299,1039.2173413,5609.0,3.93083,1.78598,8.74761,154.671098,10.128846,KP
4745,1.7554285,1.7729986,14716.5922677,12.622985,867.7365296,1384.2569724,5306.0,4.43,0.965222,11.0658,160.602369,7.435077,KP
4746,5.2092332,1.7362988,11383.8125895,11.4796136,158.1838636,904.5035887,5296.38,4.53407,0.85412,11.2668,165.36512,5.139481,PC
4747,2.3851679,1.7173073,1097.0438269,2.8574877,448.2310827,1173.5328254,5296.38,4.53407,0.85412,11.2668,165.36512,5.139481,PC
4748,2.6556753,2.6111014,20259.2262626,10.5098,640.3257634,1282.9803167,5817.3,4.33,1.23369,10.15,175.908033,6.563784,KP
4749,7.9177855,3.150639,6150.3984312,6.5930786,88.706626,782.7242061,5322.0,4.5528,0.840476,12.3049,174.960254,0.603596,KP
4750,10.0539439,2.0686924,1677.3066774,2.258622,4.5834495,373.1795722,3920.0,4.6932,0.550856,10.5459,172.335371,-1.455136,KP
4751,3.9178573,0.739,4270.0,7.07511,17.9382,573.0,5174.39,4.4946,0.88,12.2325,154.241054,18.213862,PC
4752,5.0637114,6.023,4940.0,13.5595,843.513,1501.0,5447.0,3.86,1.91,10.0143,261.241401,-58.633055,PC
4753,27.3714952,9.708321,11052.8460427,18.3071322,95.4886533,797.2741655,5903.0,4.0,1.70581,10.4815,310.458865,48.028314,PC
4754,3.1148917,2.3626321,25584.0432269,11.9721078,198.0923023,956.834111,4973.0,4.438,0.74956,13.7988,128.067093,11.63071,CP
4755,1.7578288,3.218,2116.0,13.9433,29799.8,3660.0,6640.0,3.76,2.59,10.0768,301.393952,39.588455,FP
4756,92.1950434,4.425,27400.0,16.0082,1.32226,298.0,5643.0,4.44,1.0,12.8337,65.399258,-67.47014,PC
4757,54.3212423,4.024,3708.0,11.6348,6.76453,449.0,6207.0,3.99,1.82,10.6509,46.292637,-21.933647,CP
4758,20.9108406,4.478,5936.0,11.3547,49.5559,739.0,6408.0,4.27,1.38,11.215,91.54032,-19.953444,CP
4759,17.7256773,1.629,2860.0,15.4613,39.274,697.0,6010.0,4.06,1.63,10.7203,340.959712,-16.462463,APC
4760,9.7957298,2.39,2167.0,3.00478,13.3238,532.0,4147.0,4.55,0.71,11.7603,18.424101,3.097073,KP
4761,22.8524131,2.035,1265.0,8.99211,52.664,750.0,5857.9,4.4,1.08,10.2409,56.757474,8.664659,PC
4762,2.5194039,1.113,1935.0,7.65729,219.344,1185.0,6380.0,4.33,1.76,11.7475,171.235952,-2.08516,APC
4763,4.7464485,2.408,1940.0,10.3209,281.823,1141.0,5890.5,3.76,2.26,12.8325,131.191359,16.243654,PC
4764,5.8382783,2.478,260.0,1.36437,110.835,903.0,5259.0,4.53,0.85,8.6739,142.785956,20.019343,PC
4765,1.04855,1.062799,34644.953978,4.183797,26.9192494,580.9456261,3109.0,5.06577,0.202,14.114,112.381555,2.847953,APC
4766,4.2807509,2.051,447.0,2.23474,177.537,1016.0,5653.3,4.41,1.03,10.187,114.639398,31.394454,PC
4767,5.7519475,2.428,1200.0,2.96374,37.7733,690.0,4181.8,4.4,0.84,12.1875,153.350015,3.960129,PC
4768,8.5623265,3.18,5608.0,7.63717,83.4514,842.0,5545.3,4.41,1.02,13.2027,125.223914,16.090796,KP
4769,15.4658691,3.16,2380.0,5.07911,33.0649,668.0,5480.8,4.41,1.02,11.6271,201.616856,-2.281902,KP
4770,8.2669589,3.328,1316.0,3.44807,140.125,958.0,5411.1,4.49,0.92,11.2089,125.420299,13.497512,KP
4771,3.577501,1.662,1300.0,3.3001,95.4633,870.0,4642.1,4.43,0.87,12.5389,154.250153,6.866478,PC
4772,1.7726881,1.409,390.0,1.7148,482.108,1305.0,5502.0,4.53,0.89,10.0063,145.827534,15.004027,PC
4773,4.8740385,4.125,6410.0,14.3194,819.404,1490.0,6504.4,4.05,1.8,13.3935,133.817943,11.548868,PC
4774,6.7713411,2.836,2930.0,5.07965,144.17,965.0,5231.0,4.49,0.89,11.9186,171.515187,1.230624,KP
4775,8.0387972,1.487,738.0,2.25604,42.1222,709.0,5002.0,4.56836,0.78,8.1644,154.868917,6.582766,PC
4776,9.8850244,2.4234353,9891.3681761,11.9173601,66.4246834,728.1185957,5522.0,4.39493,0.819196,13.2361,120.199911,-60.865633,FP
4777,14.7565015,4.9375033,2238.4830035,5.7395617,102.1266495,810.7827881,5790.7,4.3,1.20174,11.5559,136.789275,15.205677,KP
4778,15.7815791,3.9993972,12007.7992641,11.7676797,65.8903912,726.6499887,5780.0,4.438,1.0,13.4003,188.696788,-10.31971,PC
4779,4.7218077,2.7238343,1410.4539374,3.124138,80.1967213,763.2360985,4570.0,4.59581,0.707615,10.648,192.989892,-0.499038,PC
4780,4.0035773,2.0958153,14273.8513137,12.9627879,365.8185403,1115.4142221,5318.0,4.33106,1.08492,14.1768,186.085306,-6.378954,KP
4781,12.2193392,4.8876935,1670.1310625,4.8045458,100.9111624,808.3726382,5643.77,4.35958,1.09457,10.6309,174.109497,-2.023351,CP
4782,6.8548465,1.5226064,16276.2815794,15.6545004,126.5073461,855.3595051,4797.5,4.27798,1.06192,13.0207,139.324444,15.97982,PC
4783,20.3550739,3.5018936,37499.7343542,10.5079933,3.5797006,350.8176432,3728.0,4.70337,0.539092,14.6831,135.019493,13.273706,PC
4784,2.2085904,3.992,151.0,1.8831,3785.82,2185.0,6183.0,4.06,1.68,8.8471,155.072519,7.273586,PC
4785,14.0666014,2.7078373,1450.8250307,3.1908777,37.0819499,629.3763076,5141.67,4.53051,0.837606,10.7875,184.900488,0.968327,KP
4786,0.2874782,0.445,1940.0,5.53402,5953.77,2447.0,5702.0,4.43,1.02,11.3617,280.251649,83.055747,PC
4787,17.87897,2.124101,976.801579,3.618524,63.7655934,720.7196301,5596.0,4.32233,1.13674,10.1432,115.71678,8.866906,PC
4788,2.7779767,1.753,7890.0,15.9998,609.495,1384.0,6976.0,4.16,1.71,12.2175,282.877583,19.560248,PC
4789,3.8922407,2.652,6100.0,13.0318,387.931,1236.0,5943.0,4.03,1.66,11.7242,280.677474,21.69982,PC
4790,7.3039588,3.218,2050.0,4.15031,149.732,974.0,5718.0,4.53,0.9,11.1303,124.20331,71.286898,PC
4791,2.7389544,3.4483277,9144.7260592,15.7298027,1691.9485656,1635.7485301,5919.0,4.1,1.5425,13.4685,287.764397,52.24468,PC
4792,2.2751393,2.087,3350.0,10.5509,1207.23,1642.0,5810.0,3.99,1.71,11.649,282.699884,34.494757,FP
4793,4.2788309,4.399,7750.0,17.4175,1098.85,1603.0,6353.0,3.94,1.98,12.3595,277.589668,16.908527,PC
4794,2.503254,2.828,9960.0,17.5644,3356.68,2120.0,8076.0,4.25,1.73,12.2428,291.589776,17.06358,PC
4795,17.8597459,4.862,2180.0,6.12838,80.0325,833.0,6263.0,4.3,1.3,11.6215,113.27293,77.577697,PC
4796,22.43341,6.077,940.0,6.9652,46.3189,726.0,5395.0,3.7,2.25,10.5784,111.926404,83.647091,PC
4797,9.5064017,3.258,8710.0,14.3253,287.739,1147.0,5999.0,4.41,1.09,12.9177,94.084217,87.317511,FP
4798,1.2652338,1.2121003,110215.6795079,11.9244053,53.9865076,691.3390016,3225.0,5.00457,0.355309,14.4347,124.606758,-19.662792,CP
4799,5.7488688,4.412,5080.0,12.6677,786.234,1475.0,6728.0,4.12,1.73,11.7191,278.781977,36.615633,PC
4800,3.0278609,3.669,6680.0,15.5158,4163.14,2237.0,8032.0,4.17,1.9,12.6103,291.567585,18.995258,PC
4801,4.7271324,4.672,8600.0,16.0689,868.672,1512.0,6121.7,4.02,1.74,12.5231,281.06595,38.007341,PC
4802,18.9972068,3.906,2960.0,4.7954,28.2737,642.0,5469.0,4.53,0.88,11.8002,281.074106,37.366161,PC
4803,7.0485133,3.543,4950.0,9.80458,202.23,1050.0,5889.0,4.2,1.37,12.1605,275.085296,40.332613,PC
4804,3.1523405,3.111,6440.0,12.6359,895.126,1523.0,6124.0,4.13,1.54,12.1391,290.124851,23.819189,PC
4805,2.5677096,2.882,10430.0,12.6572,917.773,1533.0,5854.0,4.28,1.24,13.2357,284.160862,33.279514,PC
4806,20.5773388,1.503,8520.0,8.59393,2.81608,360.0,5062.0,4.47,0.89,11.906,146.712487,76.893849,PC
4807,3.2623468,2.91,8540.0,13.2175,689.893,1427.0,5957.4,4.18,1.41,11.9993,266.562261,46.498341,FP
4808,3.9131371,1.846,37860.0,12.4444,25.4932,625.0,3773.0,4.64,0.62,14.9652,185.336268,81.647682,FP
4809,0.523613,2.3004521,82.9259401,1.4861645,26568.3567102,3256.1988827,7450.0,4.33986,1.52949,9.3777,102.657977,-37.960195,PC
4810,17.4372954,2.967,2060.0,11.4845,215.608,1067.0,6520.0,4.26,1.43,11.3862,274.422007,52.572205,PC
4811,3.8558229,3.462,13730.0,17.8128,502.171,1318.0,5704.0,4.1,1.48,13.306,293.096015,58.368884,PC
4812,34.6141657,2.66,1470.0,7.6965,31.4696,659.0,6382.0,4.07,1.72,11.5405,246.458472,74.838054,PC
4813,15.1255732,6.424,2080.0,10.2442,161.672,993.0,5907.2,3.75,2.28,12.6934,286.90686,47.905245,PC
4814,1.593603,3.244,5300.0,14.4804,5402.33,2388.0,6589.0,3.98,1.99,12.3428,310.938842,40.29807,PC
4815,1.6306523,1.202,68050.0,11.1125,30.1966,653.0,3262.0,4.83,0.4,13.6136,313.770682,24.360977,CP
4816,4.4716261,6.451,5000.0,17.4958,1694.87,1787.0,5972.0,3.72,2.41,12.8715,192.905209,78.027244,PC
4817,24.6951647,3.696,13290.0,6.41046,3.18912,372.0,3850.0,4.68,0.56,13.2754,142.729233,71.740257,PC
4818,12.2307873,3.627,4330.0,8.68366,85.8245,1185.0,6164.0,4.33,1.31,11.4731,291.541081,28.68856,PC
4819,2.635737,2.207,21500.0,13.8231,479.892,1303.0,5900.0,4.54,0.92,12.8462,291.871283,25.453331,PC
4820,1.5428518,1.146,2090.0,1.99486,58.3426,769.0,3439.0,4.97486,0.42,12.4029,123.344257,12.222108,PC
4821,4.5661309,3.543,7630.0,11.6029,377.954,1228.0,5569.0,4.21,1.28,11.4194,314.316923,21.950206,PC
4822,2.0961984,3.22,13710.0,18.2172,2405.31,1951.0,6379.0,4.15,1.57,13.3285,295.168022,28.682559,PC
4823,2.4011407,3.6926411,3193.9893038,11.6862609,1918.6201878,1687.9788551,5911.0,4.11,1.50878,12.8257,294.459175,58.986723,FP
4824,4.5333993,1.083,7690.0,16.84,159.735,990.0,6254.0,4.42,1.12,12.8179,309.275892,29.365411,PC
4825,5.3333965,5.577,2710.0,13.3147,871.955,1513.0,5840.8,3.65,2.53,12.0228,272.537667,47.875676,PC
4826,7.4244269,3.655,7290.0,11.1736,196.654,1043.0,5873.0,4.21,1.34,12.8507,314.987438,31.485279,PC
4827,1.8951273,3.518,2130.0,10.1981,5318.45,2379.0,6818.0,3.89,2.28,12.9392,299.937613,61.653163,PC
4828,4.3713133,4.113,2960.0,12.9868,847.146,1502.0,6029.0,3.71,2.45,10.9992,294.922389,28.572231,PC
4829,4.2914879,2.3462656,19180.7233775,9.3875781,49.1792111,675.4063492,3937.0,4.59,0.675707,14.5179,292.663464,71.762961,PC
4830,2.88753,3.547,7680.0,16.2965,1422.54,1710.0,6095.0,3.95,1.87,13.4066,302.828492,34.368508,PC
4831,0.3969687,1.5006666,110.7179018,2.108062,58306.893695,3963.2340986,7381.0,4.438,1.86219,7.3645,124.602684,-7.571238,PC
4832,2.0876485,2.873,12940.0,18.0794,2243.2,1917.0,6655.0,4.19,1.58,13.1562,291.435194,30.028078,PC
4833,4.4247361,2.757,13312.0,10.688,223.224,1076.0,5536.0,4.48,0.94,13.3911,302.166535,59.482017,PC
4834,13.3057762,5.5,3700.0,13.7171,505.593,1321.0,8104.0,4.02,2.26,11.3171,289.709501,31.648175,APC
4835,4.0656968,4.2275632,13698.7386688,18.7081977,1207.0370102,1503.3146725,6424.0,4.18,1.53116,13.0628,286.716198,54.612108,PC
4836,5.2819763,5.909,3320.0,14.0062,1409.33,1706.0,6228.0,3.72,2.5,12.5459,308.190536,27.546096,PC
4837,22.9367426,1.706,3520.0,8.88483,5.57635,428.0,5721.0,4.19,1.34,12.5117,278.846728,60.427895,PC
4838,7.8284207,5.456,32460.0,17.0783,275.376,1134.0,5707.0,4.5,0.94,11.8572,313.339745,37.475083,APC
4839,3.7325203,2.851,4800.0,9.10598,445.556,1279.0,5824.6,4.24,1.3,11.6078,198.684521,75.235992,PC
4840,8.3221959,2.771,4460.0,11.2943,90.1896,858.0,5899.0,4.03,1.65,12.9534,206.75296,68.867137,PC
4841,5.9184575,2.947,1240.0,3.4729,130.7,941.0,5087.5,4.41,0.97,11.9919,269.035507,78.213123,PC
4842,9.91102,2.981681,6044.13412,7.705774,63.4418379,719.8030598,4692.0,4.29723,0.941705,9.6833,84.846558,-19.55834,FA
4843,7.1452343,3.169,14520.0,12.0822,120.883,923.0,5685.0,4.46,0.98,13.1924,182.33384,57.503601,PC
4844,1.5163046,3.619,1180.0,10.3854,7863.45,2623.0,6529.0,3.58,3.11,11.4186,300.767548,31.059697,FP
4845,4.0966887,4.557,5620.0,12.9734,1193.86,1637.0,6212.0,4.04,1.74,11.7791,294.337425,35.276493,PC
4846,25.763332,1.668,2560.0,5.77167,3.75556,387.0,5795.0,4.41,1.06,11.1752,291.172808,69.125175,PC
4847,15.1016086,4.403,520.0,2.71644,126.721,934.0,6511.0,4.42,1.18,10.8964,222.513957,63.038437,PC
4848,26.1442304,2.368,1980.0,8.19739,35.8503,681.0,5721.0,4.38,1.08,10.8131,183.093158,84.411214,PC
4849,10.9974977,7.182,3400.0,9.89885,461.346,1291.0,6188.0,3.83,2.18,11.3335,306.286561,43.233222,PC
4850,2.9889845,1.858,13920.0,17.7415,314.21,1172.0,6002.0,4.18,1.42,12.4705,297.495261,29.891252,PC
4851,4.8721904,2.584,2180.0,4.89644,195.925,1042.0,5430.5,4.42,1.02,11.637,223.358891,68.859472,CP
4852,11.3182327,2.956,5080.0,8.83548,59.5158,773.0,5969.0,4.29,1.24,12.7986,276.382262,44.901409,PC
4853,12.983175,1.527578,1180.996904,5.933251,397.4686874,1138.7948113,6962.64,4.14716,1.67983,10.094,81.54323,6.912307,FA
4854,4.1793301,5.161,4900.0,16.1603,2876.9,2040.0,7349.0,3.93,2.31,11.6917,293.083789,34.940397,PC
4855,4.8398399,2.818,7040.0,12.0967,199.608,1047.0,5506.0,4.14,1.39,12.1019,295.483771,23.127392,PC
4856,2.4038486,1.87,16500.0,11.4754,242.515,1099.0,5074.0,4.51,0.85,12.789,287.658473,35.4957,PC
4857,1.6087939,1.966,8160.0,16.2542,1301.71,1673.0,5995.0,3.96,1.81,12.5949,309.333017,48.04051,PC
4858,5.0821798,4.249,4930.0,10.6708,592.328,1374.0,5929.0,4.1,1.53,12.8105,305.263323,52.910316,PC
4859,0.4305826,0.435,15510.0,12.4063,156.925,986.0,3861.0,4.58,0.69,14.5795,279.057886,42.519276,APC
4860,0.6972223,1.095,6460.0,14.5958,3144.23,2086.0,6556.0,4.09,1.74,13.4161,304.045452,48.876297,FP
4861,12.9177538,1.8,11460.0,15.194,21.7315,601.0,5606.0,4.21,1.3,12.4228,314.8042,23.733206,PC
4862,0.701239,1.05,13700.0,10.9462,1087.15,1599.0,5126.0,4.51,0.85,13.4319,300.045751,21.740611,APC
4863,4.6285493,2.844,15300.0,12.8401,300.005,1159.0,6007.0,4.44,1.06,13.4752,302.183898,42.496338,PC
4864,14.8608019,6.1932625,556.6027212,4.4404093,239.0475595,1002.8611977,7064.0,4.22374,1.62231,8.7784,90.169954,-8.468341,PC
4865,5.4463931,2.222,8350.0,20.2415,236.789,1092.0,6815.0,3.92,2.19,11.7781,302.751801,23.34472,PC
4866,2.3205922,2.393,8900.0,14.7239,1400.15,1704.0,6756.0,4.24,1.51,12.2492,305.803809,29.872672,PC
4867,8.5394045,5.884,6460.0,13.4388,566.287,1359.0,6369.0,4.08,1.7,12.899,302.499233,23.40978,PC
4868,1.1110609,1.155,4060.0,12.9236,2976.45,2057.0,5500.1,4.4,1.02,13.286,179.211893,58.405356,APC
4869,4.4836616,3.542,3420.0,13.9078,445.248,1279.0,5646.0,3.69,2.35,11.7137,315.261844,26.591654,PC
4870,2.612273,3.005,7680.0,12.9095,989.904,1562.0,5874.0,4.14,1.45,12.6023,287.007826,45.396659,PC
4871,21.1968768,4.228,6630.0,6.85964,15.5174,552.0,4934.0,4.5,0.84,13.089,266.336079,52.475176,PC
4872,3.1979646,5.69,2060.0,12.9757,3205.65,2096.0,5990.0,3.54,2.93,12.1624,301.240411,46.707217,APC
4873,0.5919629,1.0,2450.0,9.90447,3301.1,2111.0,6337.0,4.0,1.85,12.4322,163.757949,67.043652,FP
4874,3.0321361,2.078,13790.0,12.5315,403.028,1248.0,6071.0,4.44,1.06,13.0157,294.065225,21.794676,PC
4875,7.699087,4.380607,8072.469566,6.21451,8.7213046,438.2935835,3617.0,4.81052,0.45,12.3069,85.335762,11.194448,FP
4876,7.2617331,6.258,1310.0,3.97249,306.111,1165.0,4780.0,4.25,1.09,11.9625,303.964054,21.899468,FP
4877,4.1509756,2.029,9780.0,10.8804,159.592,990.0,5686.0,4.41,1.04,12.1444,305.458545,19.435847,PC
4878,2.873138,2.908,1240.0,3.97027,953.868,1548.0,5856.0,4.37,1.11,11.8225,298.455751,42.967308,PC
4879,3.1501356,2.201,16270.0,20.3727,357.357,1211.0,5950.0,4.09,1.56,13.1549,304.702586,41.970517,PC
4880,4.4274169,5.435,10600.0,19.9341,1995.4,1861.0,6812.0,4.04,1.92,11.9275,297.552063,27.481047,PC
4881,11.5914514,1.968,832.0,3.16826,29.4907,649.0,5896.0,4.4,1.08,11.456,255.603468,69.109664,PC
4882,4.4138638,2.387,11300.0,18.0459,709.493,1437.0,6006.0,4.46,1.03,12.7821,308.105327,35.873629,FP
4883,13.7036806,4.766,1020.0,2.8229,96.0669,872.0,5546.0,4.55,0.87,11.9139,202.071927,70.416036,PC
4884,2.0685871,0.598,38060.0,12.5176,6.13725,438.0,3162.0,4.92,0.31,14.5982,229.00618,62.718259,PC
4885,2.7340756,1.994,1700.0,9.45026,2179.86,1903.0,8524.0,4.06,2.25,11.4416,291.219573,22.12466,PC
4886,18.0892103,2.5607235,5526.7158766,22.2024283,221.7006105,984.1503966,7403.0,4.13809,1.8368599,8.2488,101.188744,-36.657354,APC
4887,1.0513177,2.562,5720.0,16.1359,13073.2,2978.0,7529.0,3.98,2.22,12.7655,300.066897,22.162093,PC
4888,4.3108587,3.486,1020.0,4.50948,836.11,1185.0,6358.0,4.33,1.41,10.7988,306.984801,48.318598,PC
4889,5.0135727,4.396,3520.0,9.19425,635.189,1398.0,5930.0,4.08,1.56,12.4603,307.952689,48.232153,PC
4890,3.4100261,2.233,5200.0,7.9526,406.598,1251.0,6109.0,4.43,1.08,12.2794,299.878862,41.742074,FP
4891,6.1313492,2.447,3730.0,4.7793,39.468,698.0,4310.0,4.5,0.76,13.1293,174.64475,72.265344,PC
4892,12.5951009,0.876,4280.0,8.14346,2.98815,366.0,5251.0,4.32,1.09,12.9179,209.896071,74.073261,PC
4893,2.3612205,2.303,2410.0,13.5272,875.429,1515.0,5766.0,3.59,2.7,11.7163,313.175021,25.502871,APC
4894,15.9929608,3.747,7870.0,13.4988,53.3959,753.0,6132.0,4.13,1.54,13.233,308.119189,58.095462,PC
4895,0.435435,1.0529945,104138.5602976,17.9748711,252.7287521,1016.912095,3349.0,4.84,0.383284,14.9343,295.80865,66.571374,PC
4896,16.0104634,2.151,7450.0,8.86029,14.2918,541.0,5733.4,4.42,1.03,12.485,273.240396,47.336205,PC
4897,3.524465,3.103957,21822.783693,9.045877,53.1308724,688.5833009,3965.0,4.68568,0.613,13.3675,105.006164,11.043248,FP
4898,9.0165933,2.886,2650.0,9.81811,145.183,967.0,6543.2,4.02,1.88,11.1568,312.860751,38.329749,PC
4899,5.5047275,4.025,7530.0,12.7051,448.634,1282.0,5865.0,4.13,1.47,13.1569,301.464969,51.856929,PC
4900,1.392516,1.209,4390.0,9.7757,769.854,1467.0,6082.0,4.17,1.45,13.1137,269.831796,49.54974,PC
4901,6.949428,2.725,3050.0,9.02158,208.013,1058.0,6817.0,4.18,1.61,11.7513,287.537943,52.288047,FP
4902,2.0327015,2.019,13040.0,21.5462,1195.69,1638.0,6555.0,4.03,1.86,13.4842,298.748378,36.162883,PC
4903,4.3852176,2.188,18080.0,10.2627,41.2399,705.0,4076.0,4.49,0.76,12.9354,340.969106,-1.83855,PC
4904,3.2988824,2.352,11160.0,9.7209,358.69,1212.0,5735.0,4.54,0.9,13.1789,3.035148,-4.612959,PC
4905,4.1976789,3.829,6960.0,14.6667,713.476,1439.0,6058.0,4.02,1.71,10.7217,328.038687,-8.419663,APC
4906,3.8123614,2.565,18330.0,11.0835,138.253,955.0,4780.0,4.5,0.82,12.2037,327.719173,-8.635946,PC
4907,3.4411264,2.669,2660.0,4.89568,341.303,1197.0,5244.0,4.44,0.94,11.8884,0.760104,-7.786416,PC
4908,1.665878,4.956738,85643.986097,6.98229,10.9121139,463.5504123,3021.0,5.10725,0.172,14.1396,100.255965,16.588795,FP
4909,2.5688104,2.198,9670.0,10.5098,365.719,1185.0,5801.0,4.33,1.23369,13.491,343.323535,-0.168347,PC
4910,2.3007511,1.35,2390.0,6.24136,256.685,1115.0,5603.0,4.27,1.21,10.8921,338.733227,-11.363238,PC
4911,2.0231137,1.133,44030.0,13.4378,35.677,680.0,3767.0,4.66,0.59,14.8951,344.222363,-8.119747,PC
4912,2.9304371,1.73,50830.0,11.8933,31.8905,662.0,3692.0,4.77,0.5,13.9766,355.828682,-2.045095,CP
4913,5.6707432,2.294,7770.0,10.5098,97.4725,1185.0,5462.7,4.33,1.23369,11.861,351.467705,4.454898,PC
4914,4.3023572,1.579,30080.0,10.2749,11.1055,508.0,3504.0,4.67,0.58,13.0176,349.288896,-9.435693,APC
4915,1.7386091,1.691,18980.0,10.8015,444.5,1279.0,5362.8,4.65,0.75,12.4323,328.978312,-0.937407,FP
4916,3.3014986,2.106,5640.0,11.7342,426.381,1265.0,6311.9,4.16,1.53,12.2411,339.802206,1.688259,PC
4917,2.6831464,1.952,14010.0,12.7073,262.791,1121.0,5348.0,4.38,1.03,13.4476,331.051478,-2.397099,PC
4918,2.5792489,0.528,7090.0,19.2523,56.7896,764.0,5452.0,4.34,1.09,12.3913,359.71347,-4.961134,PC
4919,6.3875842,2.5085304,23725.3164803,8.4347889,14.2590141,495.6123551,3688.0,4.78199,0.544769,13.5287,103.412833,12.881578,CP
4920,2.2623535,1.958,24470.0,11.9692,131.906,944.0,4219.0,4.53,0.73,12.4559,356.481137,0.458798,PC
4921,5.8588751,3.581,2690.0,12.1366,429.794,1268.0,6418.0,3.82,2.31,11.1893,12.990801,13.078371,PC
4922,4.2417694,1.832,18430.0,11.5903,67.8153,799.0,4794.0,4.51,0.81,13.0557,32.249191,8.057199,PC
4923,9.809558,1.924,7631.0,12.8969,52.7617,750.0,6480.0,4.27,1.39,13.101,9.607237,17.19279,PC
4924,3.7079439,2.259,7740.0,8.08217,203.091,1051.0,5265.0,4.5,0.89,13.3526,12.072754,6.918223,PC
4925,4.4632038,3.659,7210.0,11.6079,545.343,1346.0,5921.4,4.2,1.37,12.5679,36.581794,15.890418,PC
4926,5.3331348,2.805,5670.0,10.0196,203.229,1051.0,5807.7,4.33,1.31,12.985,41.507272,6.461628,PC
4927,5.2976347,1.711,3920.0,4.00604,19.2351,583.0,4031.0,4.65,0.62,12.1314,15.886532,9.913917,APC
4928,8.34034,3.176,7360.0,16.0764,206.357,1055.0,5444.3,3.89,1.67,11.0208,29.00124,0.179786,PC
4929,6.4666483,3.284,6916.0,8.02442,166.169,1000.0,5441.0,4.41,1.01,13.0427,4.463744,14.498767,PC
4930,0.567995,1.408867,5208.552517,2.671369,185.0742346,940.7110382,3462.0,4.88307,0.368,13.8097,83.11641,15.555883,FP
4931,11.2036244,3.039,5580.0,6.17248,19.2497,583.0,4329.8,4.45,0.81,12.4887,30.183054,20.023188,PC
4932,39.0536929,2.239,32970.0,13.5254,0.431293,225.0,3793.0,4.57,0.7,13.6546,32.333404,21.451856,PC
4933,46.1965072,3.718,8460.0,8.33656,3.59287,383.0,5397.7,4.5,0.91,12.3207,21.075658,4.531542,PC
4934,3.2571037,2.5,15420.0,13.21,313.937,1172.0,5442.9,4.38,1.04,13.4367,28.721577,8.857654,PC
4935,2.5351022,2.251,13917.0,12.5634,688.571,1427.0,6143.0,4.46,1.05,13.0707,9.33988,13.859072,PC
4936,2.4704071,0.948,41450.0,17.1677,14.841,546.0,3333.0,4.8,0.43,14.5597,24.299742,16.018723,PC
4937,0.9997277,1.574,4890.0,10.9188,2105.63,1887.0,5849.8,4.05,1.61,13.0211,91.802333,35.958044,PC
4938,8.662046,3.278,7070.0,11.1852,119.291,920.0,5981.3,4.24,1.31,12.5035,39.065002,13.504228,PC
4939,4.9583217,5.223,5121.0,16.3815,862.417,1509.0,5801.0,3.64,2.55,12.1357,12.518892,18.985772,PC
4940,4.0785273,1.561,4530.0,3.74681,38.7885,695.0,3580.0,4.77,0.48,12.0828,35.213556,23.520441,PC
4941,2.326811,1.669099,8583.056608,5.611109,89.3264411,784.0879099,3946.0,4.69039,0.606,12.6785,85.080054,11.562637,CP
4942,0.3852177,0.319,1260.0,5.99543,429.583,1268.0,5313.9,4.19,1.27,11.422,22.644064,17.254698,APC
4943,10.1391591,2.662,6450.0,16.5118,90.2977,858.0,6584.3,3.96,2.04,10.7304,15.685485,20.050424,APC
4944,5.4233428,4.975,13384.0,16.7305,558.524,1354.0,5790.0,4.15,1.43,12.0075,6.529337,14.336428,PC
4945,5.8049376,4.055,7130.0,20.5615,395.882,1242.0,5978.2,3.73,2.38,12.2431,9.206607,2.130744,APC
4946,5.0269053,2.676,18460.0,10.4869,83.5964,842.0,4738.0,4.57,0.75,13.1886,35.91117,15.482955,PC
4947,15.057596,1.385,5380.0,7.19514,8.48258,475.0,5948.0,4.54,0.92,12.0261,32.912647,4.192318,PC
4948,3.133469,2.26,3000.0,9.11145,615.127,1185.0,6312.9,4.33,1.61,11.7624,26.45366,10.253401,PC
4949,4.6671176,2.378,14940.0,11.4089,128.159,937.0,5377.0,4.48,0.91,12.6345,51.029236,12.435963,PC
4950,5.4886518,6.921,4580.0,17.6429,1434.4,1714.0,6119.8,3.69,2.54,11.2303,65.293362,27.16792,PC
4951,3.7796053,0.695,4080.0,11.2162,47.7257,732.0,5892.0,4.3,1.21,12.7692,56.654523,22.872829,PC
4952,19.571581,4.1424619,1674.3738616,3.6037914,20.1362156,540.2741796,4666.1,4.23,0.88568,10.9621,80.054863,-62.646186,PC
4953,4.6303272,3.94,9270.0,13.0324,958.026,1549.0,6701.0,4.31,1.38,12.4333,40.451187,24.102318,PC
4954,22.7545332,3.262,14960.0,11.7908,12.7448,526.0,5580.0,4.5,0.93,12.4433,44.245077,7.859332,PC
4955,3.9544873,1.716,4630.0,9.29453,195.804,1042.0,6002.5,4.22,1.35,12.6345,43.248217,8.854979,PC
4956,11.4420309,5.092,2290.0,4.14274,83.2925,841.0,4932.0,4.47,0.87,11.992,74.457947,31.318666,PC
4957,3.6136326,3.31,7280.0,12.3259,674.791,1419.0,5957.5,4.18,1.41,12.3857,42.176259,20.809427,PC
4958,3.6139919,2.008,1780.0,4.08922,200.83,1048.0,5427.0,4.49,0.92,12.5223,46.952373,15.359083,PC
4959,4.0153167,3.825,12560.0,16.8231,776.308,1470.0,6093.9,4.16,1.48,12.8019,96.234561,23.657844,PC
4960,0.7135221,0.514,4660.0,10.5169,221.115,1074.0,4626.0,4.24,1.08,12.8997,77.556092,19.640084,PC
4961,2.6429687,2.184,17800.0,13.9715,346.2,1201.0,5439.0,4.41,1.01,13.1504,78.172728,22.505924,PC
4962,15.1873222,3.535,8710.0,8.96869,43.4731,715.0,5938.0,4.49,0.98,11.375,49.173462,30.74703,PC
4963,4.0350444,2.8526163,11850.4722606,12.5330606,546.5338871,1233.1730452,5945.0,4.46721,1.1370699,14.4266,102.721143,-5.086456,KP
4964,4.9393117,4.696,6420.0,13.6199,908.364,1529.0,6287.2,4.07,1.69,11.7085,59.309482,22.378337,PC
4965,20.6875239,2.57,22490.0,11.6872,4.38918,403.0,4660.7,4.56,0.75,13.3053,53.494348,32.118772,PC
4966,0.5894678,0.631,1020.0,8.96055,1143.23,1619.0,5946.0,3.72,2.39,11.4217,76.431732,29.725539,PC
4967,12.836391,3.366,1310.0,2.49822,39.9592,700.0,5156.0,4.7,0.69,11.1828,48.026043,24.533561,PC
4968,3.7927572,1.47,24440.0,9.66312,13.7486,536.0,3575.0,4.67,0.58,13.2239,63.266216,20.915157,PC
4969,1.1062164,1.728,660.0,3.45691,996.39,1565.0,4816.0,4.03,1.41,11.0543,72.60148,33.014025,PC
4970,3.9783327,2.643,10890.0,12.3611,470.153,1297.0,6441.1,4.41,1.18,13.4348,52.523054,20.807824,PC
4971,1.7109175,1.625,9710.0,7.44992,324.161,1182.0,4686.8,4.33,0.72,13.032,36.136874,24.101546,PC
4972,3.089982,2.1186792,8382.1861584,15.4433028,1786.2030794,1658.0684594,6622.0,4.23,1.49278,12.4069,76.478371,32.72313,PC
4973,3.3176675,1.796,25010.0,9.42671,29.6839,650.0,3640.0,4.66,0.59,13.8117,52.71257,20.879628,PC
4974,2.8280391,2.6215943,28860.8258278,17.7603707,661.1334378,1293.2784182,5675.0,4.37342,1.0367399,14.7971,100.765687,-1.296444,KP
4975,7.5811005,4.457,9830.0,11.5863,321.879,1180.0,6257.6,4.41,1.14,11.1846,74.402302,21.601976,PC
4976,2.8817237,1.596,7280.0,14.306,310.304,1169.0,6182.0,4.08,1.64,12.8807,78.372399,18.259576,PC
4977,2.0389145,1.42,3560.0,8.65136,868.398,1512.0,6396.0,4.28,1.36,12.6022,78.039675,28.546876,PC
4978,1.2297408,1.234,4020.0,9.99875,1036.94,1580.0,6186.6,4.19,1.45,12.55,54.165272,19.565919,FP
4979,4.7949288,3.898,7220.0,12.1728,487.852,1309.0,5850.0,4.17,1.41,12.0664,46.330681,28.185824,PC
4980,9.6125545,4.242,3470.0,9.05686,165.055,998.0,5825.7,4.1,1.51,12.0647,72.789609,34.627726,PC
4981,3.1948695,3.786,4600.0,13.3231,1793.16,1812.0,6577.4,3.97,2.0,12.5434,60.964678,31.775965,PC
4982,9.6995203,3.998,12590.0,11.9608,95.3586,870.0,5504.0,4.38,1.06,12.669,69.841243,27.288032,PC
4983,2.6599177,2.270826,1311.2489441,3.5259885,231.4468125,994.7926105,4636.3,4.5,0.802524,11.5278,54.183897,28.550269,PC
4984,1.6817287,0.491,15870.0,9.28931,6.00664,436.0,3174.0,4.76,0.47,14.8143,54.066052,30.20593,PC
4985,9.2432303,2.4045872,10879.9770333,15.3965057,180.8704391,935.3230728,5880.0,4.47813,1.2998101,13.8786,97.720425,0.226893,KP
4986,4.0107869,0.829,8290.0,24.4253,115.574,913.0,6175.1,4.23,1.38,13.3701,54.910139,28.98062,APC
4987,1.3574339,2.315,3380.0,8.22797,3506.27,2143.0,6332.0,4.25,1.4,13.0581,76.575162,31.273775,FP
4988,13.7279713,3.039,5210.0,11.6412,59.8936,775.0,6416.5,4.16,1.57,13.357,75.369103,28.816605,PC
4989,6.7504762,3.105,11900.0,9.83914,111.352,904.0,5318.7,4.5,0.89,13.462,40.201941,18.821761,PC
4990,1.4466879,0.952,690.0,12.418,600.438,1379.0,6332.0,3.27,4.28,10.8227,77.00647,31.898377,PC
4991,4.0069668,5.848,780.0,7.39456,2636.63,1996.0,6080.3,3.61,2.76,11.0418,36.519788,26.091793,PC
4992,1.5328484,2.227,2970.0,9.08045,3844.96,2193.0,6943.0,4.17,1.67,12.4595,91.789601,23.131649,PC
4993,1.6647221,1.392,7950.0,9.78767,659.103,1411.0,6155.0,4.46,1.06,12.9139,91.796289,27.622043,PC
4994,3.612762,2.8,7510.0,14.0647,1578.1,1755.0,7976.9,4.31,1.6,12.8879,62.893626,28.17861,PC
4995,4.2455163,4.028,5580.0,11.4879,748.73,1457.0,5905.5,4.08,1.56,13.1765,47.381894,20.578164,PC
4996,4.0379012,2.9331124,15242.7058565,18.382674,786.2949096,1350.5669431,6100.0,4.28733,1.27299,13.4831,101.27724,0.815216,KP
4997,3.7539574,2.544,9040.0,14.5318,469.124,1296.0,6350.0,4.19,1.5,12.4064,91.747143,30.18939,PC
4998,1.27615,0.992,14740.0,14.5092,212.433,1063.0,4671.0,4.28,1.03,13.3689,66.80026,20.774863,PC
4999,11.6270831,2.383,3550.0,10.1847,58.1485,769.0,5776.1,4.05,1.6,11.8941,43.572773,23.199186,PC
5000,4.1878375,2.9905904,11415.1655183,11.7695065,397.4799328,1138.8028661,5521.95,4.34199,1.10007,11.4556,116.716387,39.094469,KP
5001,2.9164004,3.28681,7257.7025481,16.778361,1978.5244535,1701.0031002,5720.0,3.92,1.82744,9.9596,129.882377,47.351908,KP
5002,1.7215575,1.7411525,31815.406006,11.4801145,140.2785768,877.7434298,3865.0,4.62323,0.633426,12.456,113.784894,71.400673,PC
5003,2.9859596,1.671,1900.0,13.2487,388.241,1236.0,6417.0,3.6338,2.87,10.8175,271.759525,70.472763,APC
5004,4.4626933,3.643,300.0,2.68559,1155.12,1185.0,6803.0,4.33,1.62,9.3672,131.135061,59.406708,PC
5005,5.2841676,3.41,700.0,13.6017,186.605,1029.0,4626.0,4.33,5.09,10.2275,103.602033,38.646103,PC
5006,12.7426508,3.633,10765.0,16.6789,213.224,1064.0,6385.0,4.21,1.47,9.59788,112.424109,50.6838,PC
5007,1.669769,2.0105348,10665.55057,4.4985601,49.2213077,675.5508371,3411.0,4.90948,0.433512,14.1477,104.33198,4.028698,FP
5008,3.7723119,2.893,470.0,3.13069,796.305,1479.0,6525.0,4.18,1.56,10.1684,112.761149,73.128784,PC
5009,4.0802864,1.4789165,516.622925,6.300967,4280.3235612,2062.9509379,6802.3,3.75,2.68185,9.54224,116.368498,44.129824,PC
5010,14.5416243,4.356,711.0,4.35314,176.698,1015.0,6277.0,4.06,1.72,9.46981,116.954491,48.114999,PC
5011,2.8114961,3.35,90.0,1.39962,2368.07,1943.0,6768.0,4.26201,1.47,7.90653,212.720875,62.522196,PC
5012,2.9895092,3.3503883,12117.7788754,18.8182218,1949.8717061,1694.8109409,6317.0,4.12,1.61396,9.6022,157.06262,25.573137,KP
5013,5.1665549,5.9764524,4175.9093299,14.3194419,1508.1655987,1589.3956027,6238.0,3.88506,2.0792,10.8583,160.630713,28.198626,PC
5014,3.6215615,1.867,10280.0,15.1893,346.581,1202.0,5920.2,4.17,1.43,11.3502,226.106919,60.536232,PC
5015,2.8037514,2.771,70.0,1.27317,2552.75,1980.0,7531.0,4.31266,1.52,8.19888,214.44542,62.758386,PC
5016,2.594675,0.313,1070.0,1.89426,3.30231,375.0,3495.0,4.91164,0.31,10.5737,152.176517,35.547557,PC
5017,10.4014008,2.3998128,43141.3479042,8.8111557,5.0743522,382.7938065,3526.0,4.80713,0.421428,14.8017,168.80167,39.35892,PC
5018,0.3096062,1.0298929,257.7064685,1.5526965,4942.3861378,2138.4737213,4836.0,4.44968,0.813125,10.5958,102.568389,-53.005503,PC
5019,15.0619708,3.2914107,2775.349458,4.687483,45.2317163,661.4248635,5441.34,4.51596,0.890607,10.9762,142.444304,30.062908,PC
5020,13.6421377,3.522,413.0,1.77499,80.3771,834.0,5961.0,4.46,1.02,10.2521,272.060717,53.365566,APC
5021,17.5314433,3.468,302.0,1.30821,32.0748,662.0,5464.0,4.51,0.9,8.1319,212.621349,72.589757,PC
5022,30.0017176,6.737,210.0,1.82693,57.0124,765.0,6194.0,4.32,1.25,8.59702,198.137149,77.839038,PC
5023,15.1935123,2.582,5720.0,9.68144,84.3696,844.0,5977.0,4.42,1.07,8.0152,154.574508,17.396435,APC
5024,6.5811814,2.982,267.0,1.80641,247.2,1104.0,6269.0,4.39,1.17,9.74007,197.058444,81.445787,PC
5025,32.1400505,2.809,883.0,22.7389,37.4567,689.0,5019.0,4.33,3.37,9.3373,227.191112,62.959153,PC
5026,9.6477019,3.003,670.0,2.57133,77.7367,827.0,5621.7,4.48,0.95,10.1174,172.014117,39.672647,PC
5027,10.590923,4.105,10290.0,11.1189,118.413,919.0,6017.1,4.44,1.05,9.58055,161.879557,36.329434,CP
5028,4.7728997,2.906,920.0,3.30213,370.603,1222.0,6017.1,4.44,1.05,9.58055,161.879557,36.329434,CP
5029,4.0625969,3.952,320.0,3.70815,1611.69,1765.0,6629.0,3.94,2.09,9.8008,292.982939,28.651865,PC
5030,1.2391534,0.4887749,2318.6594409,0.9654706,21.6623126,550.2321395,3042.0,4.438,0.197117,11.5045,76.309695,-47.937539,CP
5031,19.8067259,4.5,2060.0,4.46533,39.4243,698.0,5513.0,4.34,0.95,10.9815,136.892919,-14.339867,PC
5032,6.8291029,9.8781473,815.4832965,12.9127343,14489.4996714,2798.2279931,9333.0,3.53807,4.3379302,6.33044,189.518268,3.282395,PC
5033,3.3173182,3.5545289,459.7855312,1.5124441,101.6889316,809.9126284,4363.0,4.60832,0.677839,12.3768,65.107799,-68.360571,PC
5034,12.8355591,1.805,12450.0,11.2388,9.72374,491.0,5311.7,4.45,0.95,12.5648,100.654583,15.657379,PC
5035,2.177475,2.454,4450.0,4.05014,284.168,1143.0,4027.0,4.67,0.57,13.2476,101.360836,22.290364,PC
5036,9.0711977,4.183,10360.0,10.7594,139.161,956.0,5649.0,4.38,1.06,13.424,98.693733,32.808268,PC
5037,0.8045139,1.259,3750.0,10.209,4653.02,2300.0,7110.0,4.24,1.59,13.1891,84.966565,12.257882,PC
5038,5.4683192,3.251,10640.0,13.9823,425.087,1264.0,6606.6,4.31,1.36,12.8161,101.345243,17.310557,PC
5039,0.9598377,1.429,2270.0,17.4316,5539.92,2403.0,7575.0,3.64,3.31,12.8456,96.31948,20.535854,PC
5040,0.594385,0.573,2280.0,7.44558,939.24,1542.0,6078.0,4.27,1.3,13.0709,83.983008,31.768279,PC
5041,1.3534084,1.8466332,18071.0821704,18.1129716,1620.9195266,1618.3040205,4978.0,4.438,1.16766,14.7117,90.727491,-30.832906,APC
5042,4.1059353,3.031,11400.0,13.555,494.014,1313.0,6140.3,4.31,1.25,13.2148,87.718761,28.819847,PC
5043,3.0604071,3.175,12460.0,18.6847,1261.17,1660.0,6623.0,4.14,1.67,13.176,86.068595,28.791551,PC
5044,0.3828485,0.493,960.0,13.7767,14493.6,3056.0,6419.6,4.1,1.68,10.8006,104.134699,13.429193,PC
5045,12.612483,3.406,1510.0,5.43397,69.7878,805.0,5981.0,4.22,1.34,10.883,90.053026,22.340224,PC
5046,10.7833596,3.957,26560.0,15.4312,35.1978,678.0,3892.0,4.57,0.7,14.3554,109.367805,31.481846,PC
5047,2.9858191,2.966,9730.0,17.8139,1945.7,1850.0,7497.0,4.16,1.81,13.2792,84.164148,14.914516,PC
5048,13.0152698,3.251,18700.0,7.36631,10.6129,502.0,3799.0,4.72,0.52,12.9331,103.010116,25.2013,PC
5049,2.8675385,2.88,14570.0,14.6783,888.042,1520.0,6219.5,4.37,1.18,12.7225,90.084691,26.353234,PC
5050,1.6421819,2.459,1100.0,2.54445,1746.99,1801.0,5627.0,4.64,0.79,11.6985,84.006338,32.316823,FP
5051,4.8002161,2.439,10620.0,15.2174,336.117,1192.0,6498.4,4.26,1.41,13.3683,103.102009,33.648806,PC
5052,1.6318282,1.2668494,14067.4193794,11.5558043,806.9778488,1359.3620865,5084.0,4.48093,0.942522,14.8067,96.066232,-28.1347,PC
5053,6.0614403,3.601,4760.0,10.0397,440.51,1276.0,6507.7,4.25,1.43,12.9624,100.424632,21.056692,PC
5054,6.5552932,3.016,4730.0,19.1366,938.617,1542.0,7787.0,3.86,2.64,11.7692,97.621169,19.861789,PC
5055,5.3767627,4.241,2380.0,7.55274,459.135,1289.0,5663.5,4.05,1.57,11.2391,86.843617,25.626034,PC
5056,5.7163378,2.66,2820.0,4.11482,94.7057,869.0,4964.8,4.59,0.76,12.6165,108.076091,20.751933,PC
5057,0.8999342,1.606,1720.0,6.8761,3729.32,2177.0,6211.0,4.09,1.64,12.5284,83.837234,12.115939,FP
5058,0.4553752,0.604,3490.0,7.9095,2215.14,1911.0,6439.0,4.49,1.07,12.8591,90.431757,22.245686,APC
5059,5.8095099,2.427,1750.0,5.0621,398.441,1244.0,6353.1,4.42,1.15,10.9753,81.649605,31.633052,PC
5060,5.2374183,3.741,11630.0,14.2208,403.505,1248.0,6042.1,4.28,1.27,11.659,83.968375,12.925947,PC
5061,3.0343155,1.664,3200.0,12.5732,1230.19,1185.0,8415.0,4.33,2.16,11.9736,87.204409,28.671337,PC
5062,4.2318085,2.558,1780.0,7.88895,1128.72,1614.0,8064.0,4.17,1.91,11.9696,78.988494,22.074955,FP
5063,0.530893,1.910177,33453.597195,3.747202,61.4271911,714.0192388,3085.0,5.0795,0.193,15.0404,100.306094,-3.925831,FP
5064,3.8635521,3.896,11350.0,15.1873,1333.49,1683.0,6797.0,4.3,1.42,13.2621,97.005172,22.898603,PC
5065,4.788785,3.135,7600.0,16.3086,487.83,1309.0,6045.0,3.96,1.83,13.1207,83.171954,14.957058,PC
5066,2.9525486,2.694,5730.0,11.4188,531.966,1337.0,5612.0,4.09,1.48,11.444,98.595105,24.235555,PC
5067,4.1459886,2.604,26190.0,12.1704,56.2686,763.0,3981.0,4.56,0.71,14.9819,85.62494,28.549845,PC
5068,4.1629444,2.064,3670.0,11.633,243.425,1100.0,6005.0,3.94,1.88,12.4151,98.83772,14.490329,FP
5069,1.2699324,1.596,1590.0,7.56197,16457.7,3155.0,9649.0,4.35,1.74,12.1706,92.998145,13.759123,PC
5070,11.9285531,2.283,20690.0,16.0753,18.6079,578.0,5447.3,4.34,1.09,13.3742,103.100078,12.531671,PC
5071,3.42015,3.801,11140.0,18.3061,808.301,1485.0,5708.0,3.96,1.76,13.4489,81.642309,21.599165,PC
5072,2.5842514,1.837,2360.0,7.50424,424.656,1185.0,5860.5,4.33,1.51,11.5419,104.456348,25.51535,PC
5073,5.0775738,4.053,8620.0,18.5536,1365.56,1693.0,7648.8,4.09,2.0,13.3853,88.005636,13.204319,PC
5074,1.5483542,1.2030925,926.4111032,2.1601741,240.1950345,1004.0625199,4665.0,4.67631,0.663414,9.6504,82.290072,-0.342898,CP
5075,3.813812,2.572,2310.0,3.44278,177.52,1016.0,4689.0,4.61,0.71,11.8338,86.300794,18.461741,FP
5076,2.8633026,0.941,4710.0,11.4725,147.202,970.0,6642.2,4.26,1.45,13.3605,88.59846,15.065604,PC
5077,12.7091678,1.746,4620.0,16.3709,78.6129,829.0,6145.0,4.31,1.25,12.1047,143.435397,6.741368,PC
5078,1.6757659,2.248,2580.0,7.62588,3221.06,2098.0,6960.9,4.25,1.53,12.8173,92.873609,34.977082,PC
5079,10.2780324,1.642,7350.0,11.8122,37.8777,691.0,6545.7,4.34,1.3,12.1258,104.395856,25.498913,APC
5080,6.3780197,1.226,7050.0,18.7767,71.6141,810.0,6540.2,3.96,2.03,11.8888,107.425727,22.741533,APC
5081,4.4996256,2.497,4950.0,10.8355,409.622,1253.0,6544.0,4.2,1.53,12.7601,97.096548,25.834703,PC
5082,1.4958429,1.534,2830.0,6.70553,825.738,1493.0,5666.0,4.24,1.27,13.1472,86.45835,35.331499,FP
5083,3.214031,2.215,5730.0,6.77869,284.023,1143.0,5366.0,4.55,0.85,12.1629,169.995604,8.350262,PC
5084,2.5444539,3.709,5440.0,12.5904,2136.19,1893.0,6171.0,4.01,1.77,13.4597,89.061905,21.332032,PC
5085,1.9000862,2.3058232,25717.0085858,15.0496208,823.7008783,1366.350537,5440.0,4.41615,0.934028,14.2465,98.172417,-0.031604,KP
5086,0.8857522,1.579,760.0,3.19978,3880.86,2198.0,6238.2,4.42,1.13,11.4541,81.051235,20.590643,FP
5087,1.6822448,1.388,12090.0,12.3028,379.254,1239.0,5534.6,4.34,1.1,12.6819,108.047768,30.104333,PC
5088,0.9909664,1.077,5100.0,13.483,1241.85,1653.0,6273.8,4.0,1.83,12.6167,107.907236,28.923941,PC
5089,8.3743739,3.692,5730.0,16.9687,695.906,1430.0,6086.0,4.38,1.14,13.1132,104.987572,19.6155,PC
5090,3.7196227,4.948,4280.0,13.3603,1249.33,1656.0,5623.0,3.81,2.07,13.2612,107.429839,15.596234,PC
5091,4.267781,4.58,5120.0,12.0047,939.48,1542.0,5903.0,4.02,1.67,13.3462,84.852114,28.62691,PC
5092,1.0711292,2.213,2030.0,5.8474,5277.35,2374.0,6070.0,4.26,1.31,12.3128,98.853985,24.835858,FP
5093,1.2452975,2.086,1410.0,6.31449,4049.64,2222.0,6580.3,4.13,1.66,11.7207,100.615349,19.735175,PC
5094,22.0634495,1.561,2970.0,5.93106,3.80311,389.0,5762.0,4.44,1.01,10.6275,104.926875,30.54239,PC
5095,2.8078585,1.516,4820.0,14.8378,428.439,1267.0,6338.0,3.95,1.95,12.8255,78.932278,34.092293,PC
5096,9.2016496,4.4317333,13812.3233628,13.4373959,203.9516754,963.8325055,6190.0,4.36651,1.12271,13.1573,102.194623,-0.672786,KP
5097,6.2987919,4.909,3920.0,12.2385,653.131,1408.0,6265.0,3.89,2.07,12.8132,106.38895,15.670447,PC
5098,7.4603194,2.516,3070.0,11.8373,114.587,911.0,6034.1,3.88,2.01,11.8517,88.788121,18.335697,PC
5099,3.5533716,1.856,1470.0,4.6477,310.113,1169.0,6280.9,4.36,1.21,10.86,91.098778,29.073274,PC
5100,1.1002223,1.083,3900.0,12.4085,4058.77,2223.0,6810.0,4.19,1.61,13.1584,83.214349,19.952443,PC
5101,1.1606902,1.232,32450.0,9.92228,101.767,884.0,3572.0,4.71,0.53,14.9671,158.77531,19.118379,PC
5102,4.3988375,1.305,8480.0,12.172,65.4683,792.0,5717.9,4.27,1.22,12.8749,107.199487,24.255919,PC
5103,2.8066134,2.483,14530.0,17.3144,949.059,1546.0,6709.0,4.29,1.41,12.7625,92.319121,20.273745,PC
5104,2.6570006,2.125,4050.0,10.4864,688.584,1427.0,6328.7,4.11,1.63,11.8423,94.393712,28.445251,PC
5105,20.9233666,2.47,9470.0,12.2366,14.0816,539.0,6283.0,4.36,1.22,12.2122,98.32004,34.072909,PC
5106,29.3312035,3.269,3470.0,11.9961,28.6506,644.0,7618.0,4.19,1.77,11.9567,81.933112,16.764321,PC
5107,1.5089635,2.373,13140.0,20.5944,2852.63,2036.0,5950.0,4.32551,1.29,13.0501,102.079859,-3.102139,KP
5108,1.450491,1.286,3870.0,8.43132,757.504,1461.0,6067.0,4.27,1.29,12.5627,91.162383,31.73644,APC
5109,4.9017215,2.3,6600.0,15.2294,242.247,1099.0,6329.0,4.04,1.78,13.2751,97.620654,19.794869,PC
5110,2.2703829,1.947,12110.0,12.7801,515.387,1327.0,5845.0,4.38,1.1,12.8015,87.540281,24.774708,PC
5111,7.5554044,4.003,6170.0,16.0968,736.769,1451.0,7872.0,4.09,2.04,12.2605,92.564877,24.614827,PC
5112,8.4332312,8.47,2010.0,11.5473,911.613,1530.0,5874.0,3.68,2.45,11.6861,92.511344,32.943648,PC
5113,10.0532043,1.543,5160.0,11.5364,55.4002,760.0,6553.2,4.26,1.43,12.2106,89.137237,25.683953,APC
5114,10.3413829,3.595,10410.0,10.465,89.0638,855.0,5732.6,4.43,1.01,13.197,100.342905,27.961441,PC
5115,5.8936518,2.217,9580.0,8.37476,92.0429,862.0,5508.0,4.6,0.82,13.0406,84.979951,14.303023,PC
5116,8.3026667,5.728,6940.0,14.6377,304.209,1163.0,5656.0,3.95,1.75,12.0515,114.741958,29.428761,APC
5117,10.1197017,2.129,2570.0,9.15067,34.3345,674.0,5656.0,3.95,1.75,12.0515,114.741958,29.428761,FP
5118,15.1306782,4.204,6030.0,11.9169,59.008,772.0,5799.3,4.09,1.52,12.2773,171.396808,12.766823,PC
5119,3.8971203,4.8258882,6312.7462771,13.4932227,1103.8090105,1470.087664,6090.0,4.08625,1.6395,13.1861,97.033598,-0.170729,KP
5120,3.6079916,2.991,6055.0,15.3816,378.206,1228.0,5308.3,4.33,1.89,12.352,133.147899,17.499763,PC
5121,3.9315754,3.427,5580.0,9.60432,711.472,1438.0,6032.1,4.25,1.32,13.4144,121.176804,13.413841,PC
5122,7.9923268,2.176,5780.0,9.69724,104.579,890.0,5825.0,4.32,1.18,12.9922,172.592807,16.752416,PC
5123,3.7702854,2.343,10030.0,16.647,485.903,1307.0,5900.3,4.06,1.59,12.2304,142.586792,12.70639,PC
5124,1.1282471,1.411,2920.0,8.57678,2317.44,1932.0,6655.8,4.25,1.49,11.394,124.01708,8.823241,APC
5125,2.5845296,1.389,1780.0,5.88309,303.08,1162.0,6119.0,4.2,1.4,12.8125,124.492598,15.987916,PC
5126,2.0247088,1.34,4390.0,3.7963,53.3297,752.0,3654.0,4.69,0.55,12.2937,190.549504,3.788601,PC
5127,4.6549271,4.06,3500.0,9.1871,566.49,1359.0,5706.0,4.06,1.56,12.8708,126.357833,25.20762,PC
5128,3.1910454,1.619,12090.0,12.0476,197.437,1044.0,5907.0,4.45,1.03,13.324,164.237285,1.936362,PC
5129,3.1522304,1.285,1050.0,1.45291,21.6894,601.0,3547.0,4.81,0.42,11.6923,128.691294,11.489588,PC
5130,0.516278,0.565611,20289.210823,2.442348,50.4166361,679.6154071,3009.0,5.10976,0.169,14.2321,86.752182,-24.842642,FP
5131,2.5193047,3.596,4540.0,11.5079,1412.92,1708.0,5706.5,4.0,1.67,12.5501,109.192769,18.121825,PC
5132,5.0280368,2.161,1360.0,2.87252,79.6611,832.0,4825.0,4.56,0.77,11.5182,113.595788,17.294273,PC
5133,2.9238483,2.773,11130.0,11.3257,728.684,1447.0,6004.0,4.43,1.06,13.1211,155.009421,9.300649,PC
5134,24.4382779,5.424,2510.0,5.1951,49.1974,737.0,6151.0,4.47291,1.04,10.7421,128.640176,9.035381,PC
5135,9.4043571,4.4231975,457.2755581,2.4688863,163.7749379,912.3922978,6151.0,4.47291,1.03824,10.7421,128.640176,9.035381,PC
5136,14.5646788,5.1103226,435.9411991,2.2502642,91.4011601,788.6016411,6151.0,4.47291,1.03824,10.7421,128.640176,9.035381,PC
5137,2.0760349,2.043,2480.0,4.92939,663.223,1413.0,5386.0,4.44,0.96,11.7628,110.662796,16.865756,PC
5138,9.6569059,4.278,800.0,2.91617,162.76,995.0,5729.1,4.41,1.04,10.6421,179.594619,11.7317,PC
5139,43.8418559,4.599,4630.0,9.29872,8.83961,480.0,5767.0,4.21,1.32,10.7717,137.037665,10.636648,FP
5140,11.2120396,3.454,5450.0,17.1459,336.815,1193.0,6147.0,4.02,1.75,12.3902,137.025914,5.92396,PC
5141,18.2050594,3.347,10830.0,9.06591,12.1018,519.0,4880.9,4.5,0.83,12.6811,149.366582,5.171006,PC
5142,4.8038446,2.038,17000.0,11.3023,67.3083,797.0,5019.0,4.51,0.83,12.8935,119.738513,22.790566,PC
5143,13.24981,3.299,27250.0,20.6343,47.2877,1185.0,5076.0,4.71,0.69,9.1073,55.031969,5.874619,FP
5144,10.043245,3.099789,21393.227138,16.682435,36.1287428,625.2921291,5076.0,4.71,0.670549,9.1073,55.031969,5.874619,FP
5145,1.7530712,1.019,11660.0,19.7783,564.728,1358.0,5625.1,4.54,0.89,13.189,116.003412,20.208863,PC
5146,24.166804,5.257,4020.0,8.65143,41.1658,705.0,5985.0,4.22,1.35,12.3295,113.353491,26.680872,PC
5147,11.6260799,2.937,840.0,4.02844,95.1955,870.0,6317.0,4.29,1.32,10.3404,135.204056,27.998334,PC
5148,5.9522831,1.966,7280.0,15.1211,278.678,1138.0,6031.2,4.05,1.65,12.3391,155.580302,10.288696,FP
5149,13.2414304,3.989,1430.0,4.4877,93.077,865.0,6062.1,4.34,1.2,10.8343,114.621291,26.909495,PC
5150,11.1064221,2.12,15290.0,10.19,20.7088,594.0,5190.5,4.59,0.79,12.8078,160.866036,3.9587,PC
5151,19.5862903,6.924,24300.0,19.398,88.9614,855.0,5986.0,4.3,1.23,13.259,181.339963,-12.263451,PC
5152,1.507126,0.735,760.0,1.07925,30.8037,656.0,3514.0,4.87,0.36,10.8055,148.60167,6.646246,PC
5153,3.1816478,3.493,9300.0,14.4913,994.501,1564.0,5949.3,4.11,1.53,13.4649,142.649374,11.627205,PC
5154,5.7656076,2.955,6750.0,9.12778,170.956,1007.0,5638.4,4.37,1.08,12.5879,139.182024,14.592401,PC
5155,2.6473051,1.211281,21367.8824901,10.6134481,70.1195731,738.0394311,3916.0,4.71907,0.567866,13.9143,82.714213,-36.630981,KP
5156,5.7380349,5.045,8720.0,17.067,998.412,1566.0,6786.0,4.11,1.76,11.4769,112.477813,26.019184,PC
5157,4.7174703,1.205,11520.0,5.77392,6.87901,451.0,3628.0,4.72,0.51,12.8656,141.997153,4.213192,PC
5158,4.5589188,1.873,10330.0,10.6821,92.6735,864.0,5429.0,4.4,1.02,12.5869,182.490924,5.631749,PC
5159,7.7235903,5.953,2720.0,17.2663,1249.81,1656.0,5994.0,3.5,3.08,12.3467,110.25862,19.401721,FP
5160,1.7459947,2.217,18190.0,12.8043,773.913,1469.0,5332.0,4.46,0.94,13.4277,156.673491,13.018643,PC
5161,8.5926333,3.3859708,885.5569232,2.4974696,86.6266934,778.0951063,5494.0,4.57761,0.835682,10.5182,139.616364,16.989956,PC
5162,4.3776584,2.864,3900.0,12.3407,448.118,1281.0,6077.0,3.88,2.02,12.2614,155.838203,13.472271,PC
5163,4.5867288,4.382,7710.0,13.5857,639.287,1400.0,5737.0,4.06,1.55,13.4016,148.617274,24.302831,PC
5164,4.469996,3.524,9280.0,11.2936,894.532,1523.0,6948.0,4.33,1.12,10.927,124.152799,16.392612,APC
5165,5.8512175,2.013,1100.0,1.30913,13.2162,531.0,3443.0,4.86,0.37,11.7119,167.727736,-3.242816,PC
5166,2.788654,1.8900186,26339.9057953,9.665126,51.9487662,684.7208601,3654.0,4.438,0.587106,13.8231,60.949392,-25.408921,CP
5167,14.6989125,3.9539653,1820.056799,3.2456137,16.3594197,512.9342787,4362.0,4.53943,0.733789,10.6269,157.935686,0.937278,KP
5168,19.4848257,4.8214015,1470.680822,3.4586558,11.2344755,466.9366356,4362.0,4.53943,0.733789,10.6269,157.935686,0.937278,KP
5169,18.5146638,1.337,1480.0,6.56184,39.6871,699.0,6379.0,4.28293,1.35,8.94302,176.481442,11.37083,PC
5170,1.3851714,0.8604094,1694.8979468,6.1348328,4355.4404937,2071.942843,6294.0,4.20464,1.451,11.9589,126.388216,10.170581,PC
5171,4.0802864,13.5723661,28182.0217132,9.5037684,1.7221329,292.1705354,3696.0,4.68275,0.563,13.7701,169.117028,-3.975441,PC
5172,3.4711422,2.501267,6135.8458375,4.8353253,38.8551188,636.7688497,3696.0,4.68275,0.563,13.7701,169.117028,-3.975441,KP
5173,2.2980143,1.026816,1035.3562641,2.0330096,68.5506564,733.8759472,3650.0,4.66,0.590525,11.758,156.405499,2.513883,KP
5174,2.7521595,0.9607827,1025.5391237,1.3820795,22.3702107,554.6733092,3288.0,4.81007,0.418181,11.8693,57.875185,9.727861,PC
5175,21.7300248,2.4879281,1119.2111083,2.526638,34.3158951,617.29617,4788.0,4.57314,0.752578,10.8228,183.023659,-12.684409,PC
5176,346.1614828,7.4179451,727.1554128,2.5449936,0.9363966,250.8907848,5862.0,4.53012,0.92603,10.3965,62.853108,10.277208,PC
5177,1.2915972,1.1548805,1466.3199072,2.1006215,127.2988779,856.6943318,3689.0,4.72452,0.514745,12.7482,133.855734,10.469218,KP
5178,8.8652886,3.2904518,1699.9442212,4.2853969,53.9860738,691.3376127,5368.0,4.71954,0.697439,11.8964,126.464358,10.246577,KP
5179,14.058151,3.514627,858.616845,2.467289,41.3300316,646.6751668,5465.0,4.57025,0.839854,10.0614,73.261286,-45.540405,FA
5180,11.9234819,3.2410592,680.8032643,2.2904053,55.1644235,695.0795649,5465.0,4.57025,0.879477,10.0614,73.261286,-45.540405,PC
5181,40.8905117,4.4402791,945.1993965,2.7104157,10.6667755,460.9226376,5465.0,4.57025,0.879477,10.0614,73.261286,-45.540405,PC
5182,0.4774382,0.952523,423.1532826,1.118031,608.8739519,1266.9270194,3888.0,4.71522,0.525437,11.3978,6.489351,-5.697646,PC
5183,4.5352255,3.0733542,195.4048675,1.753622,413.8559989,1150.3554736,5788.42,4.37027,1.10259,8.5727,148.472166,19.594377,PC
5184,5.6539447,2.7693121,1031.1676166,2.1551886,34.3230535,617.3283599,3975.0,4.5998,0.662052,11.5212,41.380404,5.150733,PC
5185,1.6098954,1.7900454,412.6710488,3.8276199,7739.833691,2392.2284819,7173.0,4.13332,1.79821,10.8475,102.487722,14.974761,PC
5186,0.3693057,1.0027781,755.6535935,2.1341819,3842.3392138,2008.0229649,5129.0,4.61786,0.755722,11.3328,182.751404,-9.765239,KP
5187,3.3864172,2.8543861,6501.8836054,8.206514,512.9032133,1213.7482159,5780.0,4.438,1.0,14.4087,78.339119,16.414199,KP
5188,3.1479748,2.391,478.0,6.17795,810.338,1486.0,6555.0,3.56,3.22,10.4756,67.324162,26.163578,PC
5189,22.2897649,12.435,1060.0,8.90212,240.104,1096.0,5772.0,3.56648,2.77,10.4422,67.116707,21.56849,PC
5190,23.899595,2.0395157,15998.7683282,12.8307536,12.1501484,476.1734157,4736.5,4.55,0.76962,13.1748,138.952916,15.137683,PC
5191,7.1123965,2.361,440.0,2.02197,175.226,1013.0,5595.7,4.52,0.91,10.0286,128.073179,22.005792,PC
5192,7.0491045,3.041,306.0,2.35749,242.152,1098.0,6337.87,4.438,1.43,6.4386,60.748336,9.207768,PC
5193,3.0440281,1.3510433,72.4085049,1.3089245,1500.1125657,1587.2696484,6337.87,4.438,1.42717,6.4386,60.748336,9.207768,PC
5194,1.0995742,0.952,3168.0,9.72799,1068.72,1592.0,6040.0,4.13,1.51,10.2003,117.737465,67.043203,FP
5195,9.0182382,3.199,3480.0,5.61073,105.561,892.0,5805.0,4.51,0.94,12.2916,80.729774,-53.765798,PC
5196,75.1247037,8.599,11171.0,13.8062,7.6236,462.0,5392.9,4.2,1.27,11.8452,302.798423,-61.135466,CP
5197,3.5424519,2.250944,1748.3306433,3.6977763,230.7309931,994.0225423,5058.0,4.50269,0.853329,10.659,66.142172,23.270782,PC
5198,4.2050741,1.1574129,1280.1793986,3.3240452,197.5133118,956.1341771,5086.0,4.48,0.877822,10.3535,74.700815,18.16905,PC
5199,1.9613369,1.632367,9235.0384748,15.8657793,533.3830462,1225.6869197,4427.0,4.22028,1.06738,14.245,169.21486,3.363892,PC
5200,9.8479326,1.8182865,6398.0202697,18.822612,997.3154311,1433.2695828,6887.55,3.89433,2.29041,12.3047,71.4759,24.113784,PC
5201,19.6304978,3.2073832,7651.8898952,14.0835896,44.7962153,659.8269963,5509.85,4.39122,1.03786,10.8481,117.591236,22.281552,PC
5202,18.9690014,3.3431046,595.060628,2.6609357,52.0861834,685.1732253,5551.25,4.36023,1.08166,9.8978,143.919696,16.097471,PC
5203,7.4323882,2.7759349,838.3306849,3.7818383,186.0306364,941.9240103,4921.0,4.11275,1.30646,11.1971,80.8597,23.133528,PC
5204,1.9416366,1.9321358,32945.1347849,11.7569044,127.6742735,857.3252177,3837.0,4.72608,0.633668,14.857,70.339767,-32.320417,CP
5205,13.955959,3.293,398.0,2.22304,58.904,771.0,5923.8,4.36,1.13,9.62527,128.926789,20.373489,PC
5206,2.40541,1.608779,1279.2023438,2.0045261,66.6982074,728.867004,3768.0,4.69159,0.552722,12.4507,87.125618,18.179528,PC
5207,28.6493367,4.271362,9411.8695827,9.0080519,21.0315277,546.1820897,5639.5,4.54594,0.883211,11.9901,82.384951,33.246886,PC
5208,1.7617165,1.9280724,356.4029763,1.5510074,439.121942,1167.5245843,4732.72,4.49669,0.814343,10.6853,43.002147,15.055665,PC
5209,26.694279,3.7831301,1854.2924324,2.6845863,4.0851419,362.5947706,3997.0,4.6288,0.626722,9.83733,104.74387,28.715768,PC
5210,32.9381557,2.2932023,3217.8564065,2.5322408,1.0872991,260.4395894,3464.0,4.7864,0.444516,11.2373,172.560141,7.587832,KP
5211,0.7195712,1.7575219,159.6403985,1.6108417,6635.8566598,2301.9399951,5910.0,4.27216,1.2550499,8.89098,140.339084,14.367869,KP
5212,4.0179805,1.1195616,2808.9118424,1.1017624,4.6439935,374.4058708,3166.0,5.07428,0.194357,12.4289,137.201544,11.86225,CP
5213,26.2006908,4.0014853,1108.0706581,2.9705926,8.8109878,439.4160335,4678.0,4.60838,0.709927,11.0384,125.986485,22.663226,KP
5214,2.1408063,1.569,628.0,2.59639,428.205,1267.0,5372.0,4.40929,1.0,10.3729,67.82053,19.83169,KP
5215,2.294185,2.750763,697.472004,1.95611,304.478914,1065.3910768,5062.0,4.62,0.707445,11.3075,57.225546,13.483139,FP
5216,4.0802864,2.5977181,1537.2014176,7.5675273,60.251623,710.5782941,6781.59,4.05268,1.88308,10.4105,132.652502,19.091311,PC
5217,2.0074528,0.9340475,20674.1145085,7.1639347,50.6324451,680.3415178,3449.0,4.74578,0.490442,15.1792,136.200047,13.795446,PC
5218,13.8515158,3.2132796,1249.5248921,2.3653178,9.7577223,450.7719292,3893.47,4.58272,0.655766,11.4529,65.469614,21.353263,KP
5219,4.0802864,6.1121177,3186.7847252,8.2623708,16.3774202,513.0753179,5776.0,4.51349,0.932735,10.7986,146.810895,24.541806,PC
5220,760.0530038,6.902,10000.0,10.8619,0.149701,173.0,5722.0,4.55,0.89,11.6871,80.947217,35.417549,PC
5221,45.4964928,5.137,9740.0,8.81795,8.47778,475.0,5722.0,4.55,0.89,11.6871,80.947217,35.417549,PC
5222,3.2601896,3.835,11570.0,14.6248,809.661,1486.0,5542.4,4.16,1.36,12.932,131.227011,45.466192,PC
5223,14.5814997,5.489,5490.0,9.70874,111.563,905.0,5830.0,4.22,1.32,13.1133,123.355106,62.287571,PC
5224,13.62636,3.245,14390.0,10.048,26.6947,633.0,5260.6,4.58,0.81,13.2573,135.139415,49.451496,PC
5225,16.2601049,1.602,7670.0,10.1064,5.91348,434.0,5496.0,4.38,1.05,13.2187,154.302943,75.333344,PC
5226,5.4021326,1.678,6710.0,23.2699,359.953,1213.0,6312.0,4.26,1.37,13.3273,298.837092,58.522878,PC
5227,3.344904,1.3408349,1399.4950568,2.2540532,48.9314538,674.5540894,3883.0,4.71022,0.573953,11.6434,59.017813,-10.272008,PC
5228,23.1678315,4.295,11480.0,9.49037,14.833,546.0,5120.0,4.48,0.88,13.4113,100.172692,76.732244,PC
5229,731.4778512,3.41,5900.0,11.7782,0.0776109,147.0,6250.4,4.44,1.1,11.2245,106.990414,60.01161,PC
5230,5.8586824,2.168,1146.0,2.35965,43.4681,715.0,4571.0,4.58,0.72,10.4309,105.078049,37.198901,PC
5231,8.7960328,2.48,23090.0,9.14959,8.51849,475.0,3695.0,4.66,0.59,13.6281,136.426,55.307131,PC
5232,6.8242909,2.787,700.0,2.23971,33.8464,671.0,3999.0,4.35,0.87,11.6643,278.550256,86.557356,PC
5233,32.0736228,2.347,145640.0,9.48121,0.243503,195.0,3176.0,5.0,0.24,14.0127,241.248539,85.204724,PC
5234,1.2833113,1.353,4450.0,9.39506,3343.46,2118.0,8055.0,4.49,1.32,12.574,136.221429,79.355104,FP
5235,0.358558,0.274,960.0,8.24018,948.501,1546.0,6813.5,4.16,1.67,11.1947,105.308337,41.129691,PC
5236,13.4659853,2.936,2100.0,3.3076,12.7406,526.0,4340.0,4.59,0.69,12.3681,189.265651,75.92044,PC
5237,19.8628449,1.965,30940.0,7.82397,0.933932,273.0,3595.0,4.8,0.43,13.5426,105.821673,52.51673,PC
5238,14.5728985,2.5623497,4464.4359891,13.5300683,248.8553739,1012.9931427,6025.8,4.0,1.76095,10.9923,42.291509,-58.024683,CP
5239,5.2782582,3.379,2000.0,5.6755,320.994,1179.0,5647.0,4.22,1.29,12.2989,112.262575,42.03191,PC
5240,33.5372399,3.8612901,12785.2525572,9.6874006,9.3667135,446.1866362,4947.0,4.55,0.794396,11.8294,118.065411,70.165569,PC
5241,4.51125,4.541,760.0,5.04347,1281.58,1666.0,6297.2,3.97,1.91,11.2713,110.639665,30.418354,PC
5242,3.0650073,1.548,23190.0,11.1354,26.6949,633.0,3619.0,4.57,0.69,14.2833,107.631373,74.485744,PC
5243,18.6300789,3.4,1620.0,3.01483,6.92991,452.0,4092.4,4.5,0.75,10.7314,135.324512,47.452351,PC
5244,1.8434549,1.444,4360.0,8.05828,1139.02,1618.0,6457.2,4.44,1.14,13.0348,129.483355,37.735315,PC
5245,8.9165771,3.224,4360.0,6.82341,108.636,899.0,5607.0,4.45,0.98,13.4794,244.023057,86.368644,PC
5246,3.7349773,3.891,7830.0,14.1804,702.991,1434.0,5632.0,4.05,1.57,13.3834,117.732887,46.306568,PC
5247,8.9109435,1.876,9850.0,16.5406,51.4199,746.0,5733.0,4.05,1.57,12.4506,120.594795,83.198419,PC
5248,5.6895053,5.158,3840.0,12.0705,578.708,1185.0,5707.5,4.33,1.89,11.4972,108.606501,56.700143,PC
5249,6.9839072,5.076,10050.0,12.2398,404.915,1249.0,5972.0,4.31,1.21,10.5704,46.818616,-31.162995,CP
5250,1.2749899,1.146,1140.0,2.69399,201.011,1048.0,4216.7,4.48,0.78,11.9639,110.689677,37.667511,PC
5251,12.8665269,6.599,1930.0,4.59403,179.365,1019.0,5465.0,4.38,1.05,12.1721,123.027093,42.228714,PC
5252,2.6085851,1.573,8610.0,13.9108,680.058,1422.0,6331.0,4.25,1.38,12.136,106.680068,65.857249,PC
5253,4.7974601,5.952,4890.0,10.4912,1955.29,1852.0,6549.4,4.21,1.51,13.2201,128.55223,39.270972,PC
5254,9.2271917,3.781,5540.0,9.80232,138.883,956.0,5899.0,4.23,1.32,12.826,118.417987,54.124212,PC
5255,5.9900508,2.104,3680.0,4.71645,24.7628,621.0,4119.0,4.51,0.74,12.1765,110.460165,35.221983,PC
5256,0.3642961,0.689,3430.0,15.3432,4454.77,2276.0,6164.3,3.83,2.17,13.2995,106.336563,42.847909,APC
5257,1.9784368,2.359,39470.0,22.5379,1211.74,1643.0,6337.0,4.44,1.11,13.4913,144.441228,34.849412,PC
5258,6.2948747,1.878,16707.0,6.67951,9.34062,487.0,3584.0,4.71,0.53,14.7371,257.315636,80.41608,PC
5259,5.4368408,4.473,1020.0,6.11754,833.218,1496.0,6246.0,3.96,1.91,11.2785,199.326238,55.681539,PC
5260,6.3980642,2.004,1656.0,2.62025,33.7178,671.0,4695.0,4.5,0.63,8.5925,129.688303,-13.256527,CP
5261,18.8792871,3.262,1199.0,1.99787,10.5814,502.0,4695.0,4.5,0.63,8.5925,129.688303,-13.256527,CP
5262,10.717359,2.784,22680.0,12.4655,30.4561,654.0,5047.0,4.55,0.8,13.1922,155.151361,63.290591,PC
5263,9.5197732,2.636,2200.0,3.89219,32.9482,667.0,4541.0,4.52,0.77,13.3757,239.507231,66.037182,PC
5264,5.4853379,1.964,12040.0,13.6635,114.21,910.0,6054.4,4.33,1.21,13.4409,144.658279,33.691083,PC
5265,0.5736183,0.793,670.0,6.063,3111.57,2080.0,6711.9,3.94,2.12,11.6494,184.175471,57.642701,PC
5266,11.1801504,4.364,2220.0,6.89187,183.14,1024.0,6413.0,4.21,1.47,11.2399,306.391539,63.591105,PC
5267,5.9133875,2.019,980.0,2.3864,33.3499,669.0,4374.8,4.54,0.74,11.0737,150.538008,50.145387,PC
5268,1.236949,0.358,8250.0,9.84184,25.0169,623.0,4660.0,4.56,0.75,13.3591,156.893929,22.426235,PC
5269,3.2750907,3.09,6510.0,11.2041,664.018,1414.0,5859.0,4.21,1.33,13.1953,270.846078,63.21507,PC
5270,6.4424263,2.604,1430.0,3.14002,58.2235,769.0,4661.0,4.5,0.8,12.6975,278.572233,66.922785,PC
5271,4.019251,1.354,11830.0,13.7216,96.9861,874.0,5904.0,4.34,1.16,13.4584,144.187751,36.527295,PC
5272,10.778833,3.416,1130.0,2.6584,65.3136,791.0,5391.0,4.52526,0.84,9.5273,148.185152,6.216103,CP
5273,0.4465713,1.077,294.0,1.48867,4347.38,2262.0,5391.0,4.52526,0.84,9.5273,148.185152,6.216103,CP
5274,25.7122157,5.9710228,1151.454738,2.8781392,2.8639178,331.7873984,5391.0,4.52526,0.840576,9.5273,148.185152,6.216103,CP
5275,7.9454767,1.493,36680.0,9.87351,3.70033,386.0,3714.0,4.73,0.51,14.8686,156.022815,48.248331,PC
5276,11.3630224,3.031,1048.0,2.39002,27.5227,638.0,4741.1,4.54,0.77,12.1235,268.693501,55.064224,PC
5277,26.7159918,4.7591848,1252.0071238,2.7358038,10.605918,460.2637972,4741.1,4.54,0.773317,12.1235,268.693501,55.064224,PC
5278,7.1314563,2.809,7550.0,7.98487,55.3319,759.0,4701.6,4.43,0.88,13.1082,172.411097,38.936561,PC
5279,12.782983,2.762,8060.0,9.1313,29.951,651.0,5594.0,4.46,0.97,11.7963,159.612015,27.062548,PC
5280,4.172202,2.263,1980.0,3.23281,74.1594,817.0,4313.0,4.53,0.73,13.0076,189.432315,69.458427,PC
5281,11.7672708,3.098,13190.0,15.2219,141.822,961.0,6205.0,4.43,1.1,13.0669,252.934906,80.123028,PC
5282,2.0034478,1.285,24660.0,10.9523,58.2268,769.0,3927.0,4.61,0.65,14.6877,184.901638,48.68329,PC
5283,3.154201,2.857,7690.0,12.0524,589.138,1372.0,5771.5,4.18,1.36,13.0537,166.950743,38.136936,PC
5284,3.5254325,3.31,5790.0,17.2611,2183.12,1904.0,5497.0,4.23,1.25,12.9882,173.070058,44.126424,PC
5285,37.9984529,5.928,3050.0,7.69928,19.8821,588.0,5839.5,4.18,1.38,10.7131,185.504552,55.559548,PC
5286,3.9306027,1.196,1048.0,1.26995,16.4901,561.0,3505.0,4.90573,0.36,8.74094,144.007464,-21.665063,CP
5287,3.2856588,2.384,17910.0,12.5808,187.224,1030.0,4898.9,4.43,0.91,11.9683,159.708601,27.415505,PC
5288,39.9753375,6.088,9160.0,14.1085,18.6491,578.0,5989.0,4.16,1.45,12.64,210.063939,75.08442,PC
5289,3.0594206,4.191,2000.0,9.6239,1193.52,1637.0,5414.0,3.75,2.14,13.2859,221.548511,78.996619,PC
5290,3.6636707,1.167,3890.0,8.91486,77.2704,825.0,5286.0,4.18,1.28,13.1388,292.27775,72.001439,PC
5291,13.7317565,3.831,2095.0,4.07678,157.055,986.0,5342.0,4.57,0.83,10.0326,180.844348,49.251226,PC
5292,3.3903593,2.168,877.0,2.27887,251.103,1108.0,5342.0,4.57,0.83,10.0326,180.844348,49.251226,PC
5293,7.8854383,3.083,796.0,2.23283,96.429,873.0,5342.0,4.57,0.83,10.0326,180.844348,49.251226,PC
5294,21.4904723,3.802,985.0,2.43328,21.9904,603.0,5342.0,4.57,0.83,10.0326,180.844348,49.251226,PC
5295,3.4645195,4.649,410.0,10.4699,28650.3,3624.0,6351.0,3.78,2.4,9.1189,197.142985,42.340801,PC
5296,4.0802864,2.004,9026.0,10.4373,71.6585,810.0,5699.0,4.46,0.98,9.80675,198.298761,31.638404,PC
5297,7.5575607,2.0233141,17756.876606,12.4415238,61.0057318,712.7913321,4893.71,4.57637,0.762768,12.0051,183.197314,13.237495,PC
5298,4.3415097,1.7793909,103523.691837,10.5098,45.5106873,662.4423636,3427.0,4.438,1.23369,14.4733,185.727955,18.836705,PC
5299,2.2853731,1.022,1410.0,3.93456,297.666,1157.0,5299.0,4.48,0.91,10.4671,217.512291,20.953627,PC
5300,731.9380939,3.7406486,3290.0705522,6.5656892,10.8794711,463.2033538,5383.0,4.42352,0.983025,10.4397,143.243168,-17.343474,PC
5301,3.221147,3.367,500.0,2.33815,827.65,1494.0,5382.4,4.47,0.93,10.3331,236.453853,40.374862,PC
5302,2.2438471,2.574,10310.0,14.2892,1356.33,1690.0,6458.0,4.31,1.33,9.32423,218.276625,21.894688,KP
5303,4.2342153,2.5166257,6137.4069869,7.0962994,185.0743088,940.7111326,5061.9,4.49667,0.859778,10.9016,213.156551,4.059417,KP
5304,17.2837172,3.8104834,2759.6931813,6.4100045,75.9893459,753.0224536,5600.0,4.26703,1.21154,11.1586,209.753998,-2.513436,PC
5305,2.2054776,1.633,28280.0,9.6722,64.0804,788.0,3770.0,4.71,0.53,14.9839,175.643637,20.965292,PC
5306,25.0577354,4.741,3500.0,5.30323,32.4574,664.0,5954.0,4.59,0.87,12.899,216.206467,66.700749,PC
5307,4.2744435,1.958,1960.0,4.01981,132.963,946.0,5405.0,4.5,0.9,11.3476,199.730786,34.254077,PC
5308,17.7916498,6.405,1550.0,5.67639,111.663,905.0,5803.0,4.14,1.43,11.9229,193.01944,47.657137,PC
5309,1.0034686,1.56,600.0,2.77075,1913.7,1842.0,5601.2,4.3,1.16,11.2836,210.185737,53.123121,PC
5310,3.3957241,3.226,1370.0,2.79896,282.135,1141.0,4479.0,4.51,0.77,12.5811,213.016047,61.354254,PC
5311,1.6511456,0.9495247,3205.5671437,7.7514065,1452.3828899,1574.4904492,5752.0,4.47122,1.12196,10.6701,130.295154,-16.036327,CP
5312,13.0518467,3.333,39070.0,17.0183,25.631,626.0,5268.9,4.55,0.83,12.0633,193.406978,24.373263,FP
5313,2.1808015,1.343,23790.0,7.66626,29.151,647.0,3379.0,4.76,0.48,14.5044,180.90917,42.537299,PC
5314,10.2682326,1.469,4380.0,11.589,29.6484,650.0,6181.0,4.08,1.64,12.9947,240.6254,76.569795,PC
5315,17.1101127,2.631,8560.0,9.37745,17.8387,572.0,5834.7,4.47,0.99,12.3255,186.07825,44.231568,APC
5316,6.640285,1.257,5700.0,7.34873,26.3908,631.0,5035.9,4.51,0.87,11.9816,210.119238,55.31559,APC
5317,4.5362433,2.936,3390.0,7.12776,305.034,1164.0,5620.5,4.28,1.21,12.4054,177.21251,35.547508,PC
5318,2.4277208,3.158,990.0,6.0694,1747.74,1801.0,5999.3,3.91,1.93,10.8829,198.447139,5.702132,PC
5319,4.0134273,1.445,10480.0,10.7003,101.875,885.0,5935.2,4.42,1.06,12.1436,225.544641,31.967349,PC
5320,3.3078803,1.508,32920.0,9.74504,19.3914,584.0,3571.0,4.73,0.51,13.8994,211.009596,38.620245,FP
5321,4.7518771,2.459,8670.0,15.1227,262.123,1120.0,5676.0,4.05,1.57,12.4399,225.080178,39.451312,PC
5322,3.7271641,3.922972,17476.7084817,25.3271046,1675.5662669,1631.7745361,6231.0,4.26445,1.82228,12.8283,130.581439,-17.189424,APC
5323,34.2825595,6.989,2540.0,5.84592,41.8997,708.0,6145.0,4.36,1.19,12.469,270.216545,56.686006,PC
5324,10.6893108,6.883,1349.0,6.90838,378.489,1228.0,5887.0,3.9,1.93,12.3879,298.466694,60.069171,PC
5325,18.2598774,6.544,3140.0,8.80539,135.04,949.0,6230.0,4.12,1.59,13.1125,268.987787,57.305702,PC
5326,7.4992916,3.724,1480.0,4.15964,250.294,1108.0,6038.0,4.43,1.07,12.8625,278.389882,57.860514,PC
5327,4.2528141,1.67,2390.0,5.49054,89.1065,855.0,5318.4,4.33,1.09,11.4459,230.922864,37.486639,PC
5328,29.120986,3.98,950.0,2.28524,4.59168,407.0,4248.0,4.56,0.71,10.686,229.259572,61.008601,PC
5329,3.2487833,1.626,3110.0,5.49487,140.707,959.0,5149.0,4.46,0.91,12.3503,209.661841,14.12958,PC
5330,0.8037513,0.912,7880.0,6.33045,496.763,1315.0,4708.0,4.69,0.65,13.441,258.837055,76.468988,PC
5331,1.6064494,0.946,26980.0,11.7098,30.0257,652.0,3507.0,4.62,0.63,14.5486,210.77521,-1.480284,PC
5332,6.2230846,4.405,12370.0,16.4857,347.18,1202.0,5845.3,4.14,1.44,13.0445,246.315511,57.562413,PC
5333,0.846542,2.408837,2524.567663,1.642414,85.2240732,774.9261587,3380.0,4.92521,0.325,12.625,131.086145,-28.07677,FP
5334,4.8183501,1.816,10370.0,11.5419,69.6374,804.0,5192.0,4.26,1.15,13.419,221.248769,18.50919,PC
5335,2.8329023,2.029,18630.0,11.996,260.223,1118.0,5447.5,4.56,0.85,12.958,222.368583,20.615336,PC
5336,2.3144207,1.402,1720.0,2.71343,49.7933,740.0,3687.0,4.63,0.62,11.8706,191.085171,5.688498,PC
5337,45.0854117,1.646,7870.0,7.92062,0.746125,258.0,5013.0,4.55,0.8,13.2643,243.86183,64.588731,PC
5338,3.8863969,3.906,3340.0,9.97164,726.387,1446.0,5436.0,3.95,1.71,12.5757,220.35381,28.19514,PC
5339,2.2465076,4.181,4340.0,13.3584,3229.79,2100.0,6064.0,3.88,2.03,13.3931,250.000454,53.791364,PC
5340,5.468394,2.809,11340.0,16.445,147.869,971.0,5526.0,4.06,1.51,13.0994,288.295108,76.122823,PC
5341,19.511064,3.25,25510.0,13.6915,13.0704,529.0,4951.8,4.52,0.82,13.3272,222.872412,40.035955,PC
5342,4.1753448,3.941,810.0,4.07823,689.452,1427.0,5686.0,4.12,1.45,10.8833,201.087989,28.567707,PC
5343,3.676651,3.663,4280.0,12.1328,792.672,1478.0,5900.0,3.94,1.83,12.1196,243.934903,48.32326,PC
5344,1.5373645,1.8596004,17871.1005591,13.7535211,1422.6073374,1566.3579319,5959.0,4.4894,0.959588,12.212,131.58039,-8.026985,KP
5345,14.616858,9.085,9117.0,15.3936,428.306,1267.0,6488.0,4.33,1.66,10.3918,141.823519,-50.356655,PC
5346,3.3079817,1.666,81180.0,11.9758,15.6016,553.0,3380.0,4.82,0.41,14.8084,211.00922,38.618331,PC
5347,3.0390851,1.6455076,12337.5570732,10.9147317,336.0383887,1091.9857549,5316.0,4.52626,0.864673,11.4063,222.767322,5.947363,KP
5348,2.8386215,2.332647,15270.0987848,12.9007751,702.3850325,1312.9964796,5878.0,4.4413,1.02573,12.2688,223.819979,-2.057687,KP
5349,3.5771891,3.0669978,15679.3921242,13.5073506,545.3337575,1232.4955082,5849.09,4.40819,1.06358,12.1159,221.943887,1.065023,KP
5350,4.0548695,2.8063409,23163.2926161,15.5446864,316.3120227,1075.5947516,5326.6,4.38933,1.01342,11.3763,217.326648,-3.444499,KP
5351,3.5061649,1.6009658,18379.4360484,12.8576195,174.9015383,927.5090521,4906.0,4.56858,0.771086,10.5319,222.210077,22.152614,KP
5352,3.8480185,1.1083039,2995.870385,9.202299,637.2435989,1281.4336375,6153.0,4.401,1.12835,9.50835,216.43439,-3.002761,APC
5353,119.3355264,6.863,2400.0,5.11487,3.83692,389.0,5516.0,4.48,0.94,10.6691,47.384187,-34.198481,CP
5354,1.6622263,3.415,12560.0,18.8693,3599.67,2157.0,6152.0,4.09,1.61,11.2016,293.389753,-45.891635,PC
5355,9.5971977,2.9439152,600.5813487,10.5098,127.8880916,857.6839365,5780.0,4.438,1.23369,8.2866,135.340486,-28.324589,APC
5356,3.3575477,1.788,26240.0,12.6518,101.253,883.0,5013.0,4.61,0.75,12.9463,221.058269,5.605373,CP
5357,1.1041295,1.18,12540.0,10.6327,652.193,1407.0,4974.0,4.46,0.88,12.8086,244.780658,55.925243,APC
5358,3.1159994,3.966,6920.0,15.7497,1419.36,1709.0,6098.0,4.09,1.6,13.0266,243.316278,34.332049,PC
5359,0.7748443,0.431,21020.0,17.1413,28.2246,642.0,3448.0,4.61,0.64,14.812,231.508334,44.824639,PC
5360,1.1000285,1.561,29080.0,16.0194,1114.93,1609.0,5644.0,4.53,0.9,12.4344,233.688677,-9.344444,PC
5361,2.3409909,2.5,12040.0,15.4992,934.465,1540.0,6090.0,4.23,1.35,11.0062,227.215497,2.343286,KP
5362,4.2366102,3.559,14790.0,15.6978,351.913,1206.0,5407.5,4.19,1.28,12.012,247.460912,37.69456,PC
5363,2.924439,1.448,11110.0,8.56554,81.7751,837.0,4803.0,4.56,0.77,11.536,228.974876,10.461265,APC
5364,2.9479689,1.584,24090.0,9.41494,27.6969,639.0,3588.0,4.67,0.58,14.2085,266.9231,47.705049,PC
5365,3.3299795,2.101,23460.0,14.9891,258.909,1117.0,5794.0,4.5,0.95,13.3173,241.316382,7.395593,PC
5366,6.5562078,2.314,2970.0,8.40415,99.2324,879.0,6845.0,4.36113,1.47,9.4727,115.102779,-42.154663,CP
5367,10.4995545,2.123,7030.0,15.8295,60.338,776.0,6288.9,4.02,1.79,12.6502,253.33734,44.109543,PC
5368,3.3894889,2.372,3650.0,6.16071,352.72,1185.0,5657.3,4.33,1.03,12.6151,244.846831,32.16612,PC
5369,1.6929628,1.546,14820.0,12.4331,384.155,1233.0,5250.0,4.42,0.97,12.5806,232.046386,-10.555269,PC
5370,2.8900249,0.506,25960.0,10.5098,8.93236,481.0,4305.3,4.33,1.23369,12.169,236.518383,4.691983,PC
5371,1.1544795,0.817,51180.0,16.9317,39.7301,699.0,3543.0,4.63,0.62,14.4753,216.830952,-7.547545,PC
5372,2.2232698,0.648,31700.0,9.36074,5.11732,419.0,3157.0,4.87,0.36,14.2399,242.15447,19.253248,PC
5373,1637.265104,5.981,1323.0,3.16626,0.0068439,80.0,5271.0,4.56,0.83,9.1352,161.156925,6.333475,PC
5374,32.429738,4.419,988.0,2.6538,9.85942,493.0,5271.0,4.56,0.83,9.1352,161.156925,6.333475,PC
5375,6.2182926,2.2260638,847.9363787,2.292791,120.919815,845.7541122,5554.41,4.64142,0.782913,10.8327,53.907151,10.842913,PC
5376,2.346931,0.955,5198.0,9.2562,302.08,1161.0,5901.0,4.34605,1.15,11.3529,307.558008,79.667473,PC
5377,22.0183297,3.628,3300.0,10.8238,41.8582,708.0,5901.0,3.99,1.74,10.4488,251.226157,31.21077,PC
5378,1.4687087,0.87,1475.0,5.20197,745.344,1455.0,5973.0,4.27298,1.31,10.027,136.955524,-51.867213,PC
5379,1.7812778,2.261,540.0,1.85549,1063.79,1591.0,5329.0,4.58,0.82,10.4557,273.51971,39.333582,PC
5380,15.0766418,3.959,480.0,2.44389,76.7223,824.0,6149.4,4.45,1.06,10.36,252.691066,40.317443,PC
5381,3.1291319,1.993,680.0,4.10795,516.613,1328.0,6236.0,4.13,1.57,9.83993,255.456895,14.707465,PC
5382,10.169274,5.569,960.0,6.72921,2486.89,1967.0,5856.0,4.45,1.01,10.0223,29.198406,65.770236,PC
5383,3.7711066,2.3375061,1647.6730314,3.3409641,125.0643329,852.9098252,4590.0,4.5426,0.757521,10.6147,169.824869,44.989078,CP
5384,10.6000083,3.2127377,691.2762788,2.6204381,111.3591622,828.5166459,5888.0,4.48,0.982172,9.77081,227.785718,55.934769,PC
5385,0.3576493,0.3884988,1000.3550973,3.4051778,5017.8475283,2146.5900638,4717.0,4.23,1.05486,10.7641,226.735266,57.495691,PC
5386,2.0364271,1.847,268.0,1.60247,614.718,1387.0,5553.0,4.48827,0.93,9.73378,118.70305,77.299495,PC
5387,2.6953698,0.7628489,757.7733755,4.5145927,580.7236509,1252.0224838,5521.0,4.4322,0.991556,9.1454,183.276766,11.938091,PC
5388,3.3810227,1.9012451,797.2617518,1.4978948,30.41073,598.9305429,3600.0,4.74127,0.495592,11.1501,164.648973,14.623639,PC
5389,4.6418368,3.721,7960.0,12.9164,469.054,1296.0,5743.0,4.14093,1.41,11.5598,135.344358,6.097083,KP
5390,28.4064643,4.0008805,886.162065,2.5276328,15.3546861,504.8704882,5415.0,4.60828,0.797844,10.305,150.602674,34.658047,PC
5391,16.303675,3.221932,1119.9625254,2.2450389,6.4643503,406.6782728,3729.0,4.60049,0.661191,11.506,265.45518,72.217348,PC
5392,8.2115197,4.4676708,660.0316022,3.5849555,241.4476608,1005.3690237,6057.0,4.35121,1.1743,10.5591,174.323105,11.167346,PC
5393,10.4419896,1.714349,3992.4372644,1.8605473,2.4111217,317.8151042,3271.0,4.93417,0.292425,12.7022,208.458732,52.602763,PC
5394,7.7785082,2.5433717,802.1690637,2.9147429,139.4607259,876.4612702,5610.2,4.46925,0.961354,10.3463,132.028101,57.488956,PC
5395,6.2822984,2.0055338,596.0990736,1.307924,17.2380713,519.687077,3827.0,4.73676,0.50074,11.4201,165.739289,69.916131,PC
5396,6.7662729,1.0575063,1998.3738721,1.0176743,3.4093064,346.566242,3331.0,5.02076,0.225966,13.1066,201.900799,73.177433,PC
5397,741.3380757,3.7101652,1406.6220081,3.2337664,0.5968863,224.1778248,5479.3,4.5543,0.856628,10.8222,162.575676,50.796516,PC
5398,716.8426894,4.424864,1562.8136485,2.6487075,0.0522484,121.9377133,3922.0,4.59159,0.672256,10.8075,170.27386,41.576429,PC
5399,4.0802864,7.6230584,511.7373229,2.5656171,0.5748565,222.0800847,6347.0,4.45158,1.10473,9.67055,147.003946,30.17842,PC
5400,2.3382709,2.895948,14693.7520628,14.5827994,1647.3431502,1624.8593288,6621.0,4.20742,1.17441,12.54,131.524924,-13.20287,APC
5401,1.4344602,0.9348877,1028.2187852,1.393219,53.970737,691.2885073,3421.0,4.85368,0.37103,11.6196,170.313577,25.273294,PC
5402,729.4823472,6.9397715,819.483247,3.330945,0.413942,204.5759725,5881.4,4.45955,1.00725,9.92937,156.749744,30.700545,PC
5403,61.3191144,5.7455309,6593.1382192,6.3907079,4.1256508,363.4903344,4911.0,4.54009,0.795305,12.9454,233.47988,64.647463,PC
5404,170.6465146,6.1836278,12283.6633675,12.8504525,3.4087943,346.553227,5695.0,4.32135,1.14952,12.8857,289.508854,80.531857,PC
5405,697.4037698,4.9658691,448.8749774,3.0187258,0.8882279,247.6001174,6060.54,4.21457,1.3749599,6.9014,245.779902,50.344188,PC
5406,746.9545356,2.77304,1671.1171293,2.7184667,0.1126616,147.762315,3933.0,4.63174,0.623191,11.4053,153.929163,28.355191,PC
5407,5.4911302,1.9062098,448.451647,2.430675,337.3312542,1093.0345624,5874.0,4.37711,1.10649,9.16067,123.39505,68.57459,PC
5408,6.3928694,3.7128927,451.9563235,3.3171645,435.391459,1165.0370206,5712.0,4.12,1.44969,10.5988,274.566208,58.562948,PC
5409,11.4974559,2.3907993,843.1062336,1.1269607,3.5120094,349.147284,3444.0,4.84899,0.375994,12.4896,260.350936,67.550421,PC
5410,554.4989676,2.9052363,6058.5947589,3.8883371,0.7956878,240.8825959,3870.0,4.80522,0.423548,12.6265,151.210123,69.164969,PC
5411,13.5773456,1.7049557,156766.4294629,19.8544115,18.909824,531.8530096,3404.0,4.91079,0.338,12.519,142.346908,-14.511711,APC
5412,1.9271225,1.4530399,898.6821302,1.4261604,57.2227793,701.4746588,3572.0,4.76894,0.464169,11.1557,175.56543,24.192494,PC
5413,270.303816,6.682468,2898.2731965,4.4969676,0.3921479,201.8283767,4448.25,4.51125,0.767409,11.241,260.098822,52.433465,PC
5414,60.1702823,3.337,1941.0,11.9133,29.4687,649.0,6710.0,4.29122,1.42,10.2071,265.556587,53.203935,PC
5415,8.2751607,2.151035,1013.8402731,2.8350779,46.1271122,664.6741918,4388.89,4.43387,0.832265,10.968,184.966156,55.165724,PC
5416,6.1841688,2.5898497,1052.3509168,2.4076002,56.3777871,698.8705758,4645.0,4.62,0.693766,8.5446,111.255818,37.231122,PC
5417,2.1208156,0.8427764,1148.8773237,0.837844,12.9004588,483.360368,3222.0,5.0449,0.210908,12.2822,147.125026,77.389748,PC
5418,0.6489865,1.0585951,561.9297998,1.6168473,493.4829998,1202.0922538,3949.0,4.66859,0.579535,11.982,213.758397,49.500938,PC
5419,19.4480946,3.5107588,1327.1099723,2.3009285,5.921701,397.8609983,3966.0,4.63584,0.618273,12.3105,278.903346,77.735552,PC
5420,0.768125,0.9992062,491.4350185,1.3040556,302.1102929,1063.3130159,3717.0,4.67682,0.569914,12.1898,243.906538,61.926901,PC
5421,28.5462089,1.7666666,1744.4659966,2.8547322,2.4359973,318.6316783,3717.0,4.67682,0.569914,12.1898,243.906538,61.926901,PC
5422,8.4306162,5.5823881,182.9089572,2.0500339,383.1101186,1128.3677245,6104.12,4.15159,1.49138,7.1367,205.169536,19.199859,PC
5423,3.3023907,5.1743599,8027.6122024,17.8079912,2236.5715968,1753.9429007,6071.0,3.93311,1.91031,12.4257,144.926859,-28.5856,KP
5424,1.689442,1.3359142,318.7756761,1.3821489,386.3588109,1130.7522348,4552.0,4.50087,0.788247,11.958,246.952745,69.781491,PC
5425,24.0004143,3.138,1240.0,2.83659,6.01946,436.0,4579.0,4.49,0.8,10.4514,269.207527,39.223388,PC
5426,3.965824,2.911,680.0,7.03413,624.031,1392.0,6199.0,3.62,2.8,10.042,278.191584,18.146175,FP
5427,7.6601547,2.047,8760.0,8.93011,62.6782,783.0,5250.0,4.51,0.87,10.4748,267.904353,24.427455,PC
5428,5.7488832,5.003,190.0,2.08943,974.493,1556.0,6009.0,4.11,1.54,9.75577,147.128216,73.449342,PC
5429,4.0802864,4.5873679,863.297992,2.2163959,0.1593327,161.137269,5097.94,4.61197,0.759102,9.8127,171.573332,38.22096,PC
5430,711.7642825,3.4176443,20978.1367866,12.6338972,2.4542117,319.2256315,4661.56,4.57751,0.732648,10.5295,142.378244,50.963802,FP
5431,0.5734766,0.9004508,818.3903403,1.4969531,225.4185164,988.2507357,3466.0,4.80761,0.420908,10.7818,148.37832,35.570548,PC
5432,3.0269043,3.819,7120.0,14.2605,1446.66,1718.0,6154.0,4.06,1.67,12.9255,7.084443,73.107753,PC
5433,5.4328364,7.38,1420.0,12.63,1693.95,1787.0,6024.0,3.43,3.4,10.7778,309.954211,68.720161,PC
5434,19.3721051,3.0859149,3219.5594645,17.4598301,233.1335405,996.6001297,6529.0,4.00314,1.88186,8.77728,127.99531,-16.885121,FP
5435,1.9044134,0.952,31200.0,12.8293,33.8566,672.0,3952.0,4.62,0.63,14.6578,248.532721,24.322372,PC
5436,1.7465205,1.453,7080.0,9.21007,349.37,1204.0,5219.0,4.36,1.04,13.3889,359.079391,73.907596,PC
5437,6.7113743,2.294,22640.0,15.6415,66.8731,796.0,5616.2,4.42,1.02,13.4016,250.384451,23.578282,PC
5438,7.4242482,2.873,8060.0,14.2577,114.75,911.0,5760.0,4.08,1.53,13.1895,250.578389,29.783159,PC
5439,3.6479472,1.683,9470.0,11.96,208.679,1058.0,5999.0,4.35,1.16,12.6025,244.056148,20.293793,PC
5440,5.4397285,3.099,8020.0,10.0246,150.751,976.0,5188.0,4.29,1.12,12.9079,327.686471,70.646428,PC
5441,7.6408565,0.99,23050.0,9.43925,1.50483,308.0,3517.0,4.69,0.56,14.0287,254.164732,37.783239,APC
5442,32.6116713,2.052,15640.0,11.6182,1.72193,319.0,4626.0,4.45,0.84,13.1351,246.612431,46.47222,PC
5443,10.9299688,2.407,15520.0,11.7101,28.5552,644.0,5555.0,4.5,0.92,13.4932,255.916787,37.139828,PC
5444,8.350615,1.62,8550.0,13.6804,39.5424,698.0,6075.0,4.23,1.36,13.2038,351.79759,76.340765,PC
5445,5.4435354,3.5,3219.0,7.30242,402.866,1248.0,6313.0,4.32632,1.25,8.86849,144.875105,-20.982419,CP
5446,7.924204,4.458,8160.0,12.6224,226.813,1081.0,5739.6,4.17,1.39,12.5992,246.972473,38.453189,PC
5447,19.5422056,3.465,4120.0,5.05981,15.7305,554.0,5221.0,4.62,0.77,11.7149,47.417232,75.04759,PC
5448,3.946066,1.792,8410.0,11.2929,179.278,1019.0,5769.6,4.35,1.13,12.6536,258.32211,25.249466,PC
5449,6.9541458,4.077,7080.0,15.5368,289.666,1149.0,5917.0,3.97,1.78,13.185,38.768278,69.23472,PC
5450,5.0859973,1.594,9400.0,16.2391,114.916,912.0,6503.0,4.13,1.65,12.768,251.802577,22.123397,PC
5451,3.8779743,3.294,4676.0,9.43,549.351,1348.0,5798.0,4.06,1.57,11.5437,6.844544,70.805696,PC
5452,0.5721596,1.127,6530.0,9.61266,3696.08,2172.0,5560.2,4.33,1.12,13.0009,253.97902,14.966082,APC
5453,4.015073,3.229,22900.0,15.9171,383.57,1232.0,5690.0,4.42,1.03,13.4429,256.38386,20.550685,PC
5454,3.7749324,3.902,5920.0,12.3016,1208.55,1642.0,6448.0,4.14,1.62,12.8212,278.553118,23.767651,PC
5455,1.7548863,1.314,2620.0,5.83196,397.807,1244.0,5589.0,4.37,1.08,11.5578,270.736094,20.069409,PC
5456,3.329754,2.862,21380.0,22.3335,694.276,1430.0,7341.0,4.14244,1.5,12.4167,133.258916,-22.198143,APC
5457,1.4529225,1.604,17180.0,12.177,993.613,1564.0,5986.6,4.59,0.88,13.0383,274.654678,30.923869,PC
5458,6.6867154,2.945,3870.0,11.1995,166.048,1000.0,5839.0,3.95,1.8,13.038,63.823421,86.119625,PC
5459,3.5023306,1.31,11020.0,13.5233,91.9991,862.0,5568.0,4.26,1.21,13.442,261.172485,26.050455,PC
5460,2.7404478,3.422,5340.0,12.6696,908.875,1529.0,5390.0,3.93,1.74,12.4443,81.782314,75.789224,PC
5461,5.4049747,2.932,22870.0,14.7278,170.944,1007.0,5662.6,4.49,0.95,13.2035,259.979063,31.514818,PC
5462,2.4369467,3.969,26190.0,7.18163,471.423,1298.0,3550.0,4.82,0.41,14.8831,56.240106,77.464603,PC
5463,4.1816344,4.13,4180.0,13.4666,782.898,1473.0,5900.0,3.98,1.76,12.1884,264.17484,20.219083,PC
5464,6.9171675,2.038,1250.0,2.51967,21.9209,602.0,4208.0,4.6,0.67,11.8799,141.002239,82.858696,PC
5465,6.0962241,1.866,21520.0,9.0747,11.1142,508.0,3769.0,4.65,0.6,14.0296,325.737466,83.311725,PC
5466,10.2515829,4.588,4270.0,11.6535,190.021,1034.0,6080.0,3.97,1.83,13.1293,128.61913,70.048117,PC
5467,2.0528684,2.6201128,8982.0803562,17.6267405,3140.923774,1909.3436393,6010.0,4.13259,1.70948,12.3368,140.506316,-23.946102,KP
5468,7.5358996,1.413,15840.0,16.6203,20.3071,591.0,5306.0,4.29,1.13,13.4747,260.96985,19.921187,PC
5469,5.38265,7.477,1110.0,10.2347,986.287,1561.0,4942.0,4.33,3.05,11.8987,38.116051,80.746391,PC
5470,5.0048582,5.027,750.0,4.81636,795.439,1479.0,5641.8,3.91,1.83,10.6582,269.951986,27.829972,PC
5471,5.4459647,2.437,850.0,2.77011,158.296,988.0,5483.0,4.48,0.93,9.0745,289.755762,9.478414,PC
5472,8.6800186,2.41,870.0,5.59572,106.576,895.0,6521.0,4.02,1.86,9.96017,293.330825,29.299805,FP
5473,3.0783215,2.701,2660.0,10.5098,365.719,1185.0,5801.0,4.33,1.23369,10.421,305.568071,16.614306,PC
5474,12.7791964,5.242,3008.0,6.85813,374.462,1225.0,6280.0,4.28,1.33,9.77301,293.322326,30.704247,PC
5475,3.0964979,4.721,508.0,2.91202,2916.73,2047.0,6030.0,4.25,1.31,9.77017,290.80532,11.979134,FP
5476,16.2134274,3.551,530.0,1.99447,38.9693,696.0,5664.0,4.58,0.86,9.6069,287.424902,31.761528,PC
5477,6.3346129,3.341,330.0,1.53236,224.712,1078.0,5664.0,4.58,0.86,9.6069,287.424902,31.761528,PC
5478,12.9256051,1.691,790.0,2.53704,8.71939,478.0,5132.0,4.49,0.88,6.5715,302.773447,16.189714,PC
5479,1.6843068,1.567,912.0,14.0651,368.424,1220.0,4959.7,4.33,4.94,9.6668,104.121254,-50.157911,PC
5480,2.1981511,1.747,3880.0,22.1803,1034.78,1580.0,6898.0,3.53,3.49,8.73331,291.847279,-15.312077,APC
5481,2.2906144,1.949,1390.0,4.657,638.802,1400.0,5651.0,4.27,1.22,10.4519,297.923094,2.519482,PC
5482,0.7036041,0.81,3360.0,7.01336,1029.5,1578.0,5726.0,4.36,1.11,10.492,295.697851,3.566678,APC
5483,2.6940348,4.1073512,11715.9037129,18.2513755,2485.0720832,1800.7544523,6479.0,4.1239,1.65082,10.5523,297.322652,4.672412,KP
5484,1.4857148,2.3275852,21303.5958289,14.8585448,1530.9037436,1595.3527336,5781.0,4.44616,1.01034,13.6414,298.395244,47.814986,KP
5485,6.1406882,3.3861325,2627.6198191,5.4273017,240.6726137,1004.561242,5708.0,4.4,1.05042,10.1872,304.868782,-7.54766,PC
5486,1.7430143,2.2872101,32205.6970804,16.9227097,932.907623,1409.5465081,5529.0,4.48157,0.937741,11.6659,291.777046,1.383663,KP
5487,2.152163,1.7531966,16986.633013,11.9994427,473.405643,1189.674375,5147.0,4.51349,0.85467,10.9984,307.725559,6.429331,KP
5488,1.2129139,2.1862785,14617.2679583,14.1049577,2796.2341961,1854.6550022,5918.23,4.34796,1.15176,11.734,306.123908,16.762146,KP
5489,4.1645448,1.5725422,2612.2397484,1.9881393,13.3265301,487.3029274,3521.0,4.8805,0.343358,11.1798,301.630179,15.989142,PC
5490,1.5498373,2.729,3594.0,13.3884,159308.0,5565.0,11159.0,4.51,1.58,9.5518,123.108274,-46.10914,PC
5491,2.6282606,1.2408211,731.2082684,2.8331017,274.1629769,1037.8197981,4821.0,4.51,0.817034,8.6133,305.065546,-7.411924,PC
5492,3.067816,2.1103325,34536.7848173,11.7996868,72.441983,744.0760606,3965.0,4.62,0.636572,10.3622,303.1668,-2.144437,KP
5493,2.7161298,3.5299033,14527.4470152,14.5541659,1034.0911042,1446.303543,5962.0,4.32795,1.18678,11.8886,304.207992,3.293949,KP
5494,5.3834388,1.247,1720.0,3.27397,26.7816,633.0,5134.0,4.61,0.76,9.937,327.24875,6.278178,CP
5495,1.7615631,1.171,1050.0,6.69058,636.482,1399.0,6270.7,3.94,1.95,9.78095,330.671188,11.991029,FP
5496,20.5675138,4.687,1031.0,4.05408,105.915,893.0,6809.0,4.26,1.49,9.30608,302.40861,34.572718,PC
5497,3.1856488,1.304,4750.0,11.2665,473.071,1299.0,6602.0,4.22,1.51,8.2942,329.101803,20.677981,PC
5498,14.2425589,4.263,223.0,2.63125,1063.53,1590.0,6815.9,4.17,1.65,6.8806,308.567224,43.36069,PC
5499,7.1683998,2.704,570.0,2.40993,128.076,937.0,5707.0,4.5,0.94,8.9415,315.608921,10.610466,PC
5500,9.2102975,2.321,884.0,2.62813,26.9787,634.0,4115.1,4.33,0.88,9.3206,314.549077,40.192264,PC
5501,1.3891689,1.675,696.0,6.01556,84020.4,4743.0,10585.0,4.35,1.84,9.5287,130.261455,-41.442796,PC
5502,5.6852804,6.105,6330.0,15.1292,1023.84,1575.0,6142.0,3.96,1.87,10.291,324.598984,23.118991,PC
5503,6.2571822,3.038,740.0,10.4035,196.549,1043.0,5608.0,4.33,3.81,7.74689,310.911906,19.727938,PC
5504,10.1472711,5.535,8150.0,11.0655,188.575,1032.0,5660.0,4.27,1.22,10.4106,327.570011,4.194573,KP
5505,27.0528213,3.784,850.0,3.03066,14.0936,539.0,5615.0,4.42,1.01,9.77358,302.885118,31.637672,PC
5506,6.254395,2.466,1174.0,2.73791,115.322,912.0,4986.0,4.52,0.83,10.4008,304.973328,33.00991,PC
5507,3.8993831,5.1857347,6492.4843324,15.2636582,1703.2412549,1638.4711226,6152.0,3.96619,1.86222,11.5352,313.687293,9.179069,KP
5508,20.4282929,7.501,7660.0,12.8306,559.996,1355.0,8991.0,4.45701,1.47,11.2546,307.215708,42.224014,PC
5509,15.6146058,5.8168055,467.1437307,3.0272584,126.863222,855.9604214,5809.0,4.17404,1.3820699,8.0581,322.377799,21.474527,PC
5510,2.6052674,4.24521,11139.9639243,17.8543699,2114.8556223,1729.5771164,5916.0,4.02617,1.66978,12.5375,315.90549,11.989367,KP
5511,3.4200073,1.9339167,746.044174,2.8520931,443.2548574,1170.2620601,5463.0,4.39104,1.03162,10.828,326.452999,23.560485,PC
5512,3.7442007,3.5004762,803.2627817,18.117379,38392.1562998,3570.099957,9988.0,3.59,4.23822,9.3994,127.128062,-28.359254,FP
5513,3.9156848,3.584776,6668.8007799,16.7083729,1704.493923,1638.7722976,6228.0,3.98845,1.83823,11.07,315.531949,7.056279,KP
5514,2.1487872,4.167149,7058.7410684,17.4790409,8702.2893725,2463.3613876,7893.0,4.105,2.01566,8.08821,317.551526,10.738897,KP
5515,1.5487245,2.8258531,9869.0318921,14.506178,2978.2047666,1884.119256,5887.35,4.16889,1.41021,12.0671,327.665695,10.462939,KP
5516,3.8681492,2.1610195,17259.9935362,12.2658903,180.5563786,934.9167883,4746.0,4.4323,0.877591,8.8628,315.025966,-5.094857,KP
5517,3.8555897,3.2379644,16813.9237374,13.9654622,456.1749634,1178.6981748,5741.0,4.40631,1.05268,14.8018,296.393195,45.568533,KP
5518,9.7348295,4.3067361,899.7705463,3.6959658,209.5490507,970.3785187,6115.71,4.33401,1.2104501,9.95806,324.697165,-0.046455,PC
5519,2.8140207,3.191,7400.0,17.2648,2559.93,1981.0,7456.0,4.09,1.96,11.7134,298.181417,-14.356986,PC
5520,5.0493049,3.885,7850.0,15.7942,435.709,1272.0,5821.0,3.97,1.76,12.9192,291.908234,23.273823,PC
5521,1.1951761,2.4,2970.0,4.46821,2437.87,1957.0,5313.0,4.56,0.83,12.2148,293.193881,25.086499,PC
5522,1.3502386,2.178,1650.0,9.28384,1251.72,1657.0,5015.0,4.33,2.29,11.3492,304.706801,23.314311,PC
5523,6.5604227,1.028,4049.0,11.1988,227.331,1081.0,10902.0,4.42,1.72,9.3761,118.476378,-39.992999,PC
5524,2.8465928,2.664,2110.0,8.8779,536.42,1340.0,5308.0,3.82,1.94,11.8512,282.101495,15.49419,PC
5525,3.7846792,2.51,5870.0,12.2675,501.062,1318.0,6360.0,4.16,1.55,10.9653,285.940869,-0.427822,PC
5526,5.1357505,3.504,11560.0,13.7192,461.579,1291.0,6301.0,4.32,1.28,12.776,300.997003,21.216507,PC
5527,2.6721807,2.433,15750.0,13.6986,499.207,1316.0,5549.0,4.38,1.06,13.1692,293.921021,3.847794,PC
5528,3.5242025,1.79,23590.0,12.31,60.7404,777.0,4485.0,4.5,0.78,12.231,294.34447,6.680285,PC
5529,6.4226101,3.007,16970.0,13.4185,78.3241,828.0,4977.0,4.37,0.98,13.0949,280.858907,21.869776,PC
5530,8.4498763,1.773,71390.0,11.6649,2.51961,350.0,3330.0,4.82,0.41,14.5478,289.449596,19.148045,PC
5531,2.9665122,3.346,8220.0,13.1813,2634.75,1995.0,7564.0,4.35,1.46,12.4152,287.099114,17.113422,PC
5532,3.5982966,1.614,28570.0,13.0275,43.9473,717.0,4458.0,4.54,0.75,12.8557,284.84062,9.130169,PC
5533,2.5411063,3.491,8720.0,16.4931,2348.06,1939.0,6657.0,4.08,1.78,12.3367,286.031721,17.003203,APC
5534,1.2602151,1.7829162,3711.7152579,28.2499512,60333.0433838,3997.2246581,9255.0,3.88,2.9098899,9.1103,137.518351,-43.924957,FP
5535,4.006489,3.949,11560.0,16.2059,1122.8,1612.0,6600.0,4.23,1.49,13.4506,280.308395,31.540811,PC
5536,4.2025514,4.028,3360.0,10.5624,646.84,1404.0,5678.0,3.93,1.8,12.1201,285.246468,22.49894,PC
5537,2.8091879,1.927,3080.0,5.92308,392.13,1239.0,5821.0,4.44,1.03,12.5432,276.085381,34.552392,PC
5538,4.197866,3.223,10650.0,12.6868,356.665,1210.0,5581.0,4.27,1.21,13.3247,276.61571,30.393617,PC
5539,6.0671557,2.12,2080.0,6.40583,98.668,878.0,5737.0,4.18,1.36,11.9963,276.359302,47.169164,PC
5540,1.9081122,2.094,2660.0,18.193,5740.22,2424.0,8944.0,3.75,3.3,11.4599,298.101717,16.668394,PC
5541,10.5353472,1.098,9570.0,15.2166,9.27536,486.0,6044.0,4.19,1.4,12.8895,271.308088,41.808015,PC
5542,2.5641981,4.469,2840.0,6.33611,2863.8,1185.0,6014.0,4.33,1.23,11.8895,295.850508,3.031456,PC
5543,1.5101054,2.993,13090.0,19.2985,3194.9,2094.0,5964.0,4.0,1.74,13.4236,300.737815,-0.046819,PC
5544,3.9964264,1.722,12340.0,13.0504,132.764,945.0,5771.0,4.34,1.14,11.2543,303.563498,-10.497985,PC
5545,5.547255,4.835,11569.0,19.6103,1064.8261726,1456.9324919,6118.1,4.29,1.66,8.9544,134.373008,-39.778423,APC
5546,3.9997367,0.384,7460.0,13.8899,3.03288,367.0,3827.0,4.62,0.64,10.9951,304.882706,-8.298523,FP
5547,4.5049415,2.372,14400.0,11.5788,181.815,1022.0,5697.0,4.45,0.99,12.8137,292.681077,12.393071,PC
5548,3.9956793,2.056,38380.0,13.077,51.5714,746.0,4348.0,4.62,0.67,13.4781,306.528142,1.775949,PC
5549,3.7219898,2.306,15860.0,12.8025,257.512,1116.0,5806.0,4.47,0.98,11.9781,286.234694,18.113615,PC
5550,4.449914,2.449,13550.0,14.3475,105.034,891.0,4910.0,4.19,1.2,12.647,280.048586,20.236342,PC
5551,2.4710528,3.033,5420.0,12.1002,5313.3,2378.0,6114.0,4.52,0.97,12.3924,294.008142,32.214606,FP
5552,0.5498864,1.588,1110.0,4.44804,7481.4,2590.0,5808.0,4.2,1.35,11.0263,290.236828,-7.830216,PC
5553,3.415047,1.406,8610.0,11.3277,131.926,944.0,5449.0,4.31,1.12,13.4236,274.564767,42.460287,PC
5554,7.1476512,3.03,13510.0,11.017,86.2156,848.0,5287.0,4.45,0.94,12.3224,299.798591,23.055057,PC
5555,3.3787501,1.837,9480.0,6.36345,39.4252,698.0,3769.0,4.63,0.63,13.1338,285.361705,29.021536,PC
5556,22.6384642,4.988,4982.0,28.0326,636.099,1399.0,9511.0,4.05,2.42,8.2268,118.913661,-37.857713,FP
5557,5.2498931,1.666,9200.0,12.9409,109.163,900.0,5988.0,4.27,1.27,12.0019,304.923086,11.052848,APC
5558,14.3033451,4.769,26130.0,17.1437,72.8052,813.0,5862.0,4.42,1.05,12.5375,297.980126,24.038241,PC
5559,5.3194765,4.653,3640.0,15.9815,1271.35,1663.0,6987.0,3.77,2.66,12.0997,285.062239,34.258278,APC
5560,2.8492565,1.846,24100.0,13.9182,129.049,938.0,4829.0,4.46,0.87,12.7354,300.67684,0.22858,PC
5561,10.4453589,4.548,9360.0,11.824,150.959,976.0,5961.0,4.32,1.19,12.9564,296.483805,38.352933,PC
5562,6.6314176,2.372,3080.0,10.0835,165.896,999.0,6044.0,4.0,1.75,11.3471,311.221373,6.641216,PC
5563,3.8421028,1.184,8920.0,13.2581,120.549,923.0,6247.0,4.28,1.32,11.1838,311.306229,12.167609,FP
5564,1.109435,2.723,27240.0,10.2843,1164.27,1627.0,3613.0,4.75,0.49,14.9156,303.667055,30.776057,PC
5565,2.677573,2.885,3310.0,14.0246,1812.44,1817.0,6875.8,3.85,2.41,11.3283,313.419524,34.351623,PC
5566,3.3879742,4.127,9990.0,19.4699,1395.05,1702.0,6236.0,3.94,1.95,13.2483,307.099112,18.242431,PC
5567,8.044239,5.3289306,4937.505363,15.1761031,3094.0780065,1902.1841748,9333.0,4.33,2.0411401,7.81307,130.395919,-22.194298,PC
5568,4.0802864,3.516,3736.0,10.8653,17.2269,567.0,6336.8,4.2,1.48,10.7974,324.59941,11.006898,PC
5569,1.343636,2.275,26070.0,18.3699,2519.68,1973.0,6339.0,4.45,1.1,12.7966,320.850391,39.813037,PC
5570,2.2425137,2.062,2730.0,6.01656,830.151,1495.0,6032.0,4.37,1.14,12.3295,320.134358,46.817074,PC
5571,0.4131063,0.368,21940.0,12.2118,111.259,904.0,3621.0,4.74,0.5,14.0135,324.986222,1.293368,PC
5572,2.5784481,1.253,7620.0,10.3952,147.884,971.0,5512.0,4.33,1.12,12.3072,320.15457,1.804035,PC
5573,5.216581,3.314,7060.0,8.2634,213.2,1064.0,5248.0,4.42,0.96,13.1099,321.373881,20.059165,PC
5574,9.7216312,3.272,1830.0,7.28362,176.156,1014.0,6702.0,4.13,1.7,10.6372,301.080672,32.50162,FP
5575,6.9100016,4.536,4310.0,15.2568,1742.51,1799.0,8722.0,3.99,2.47,12.0836,299.529431,27.326911,PC
5576,3.4363074,2.861,27910.0,14.7953,274.056,1133.0,5213.0,4.53,0.85,12.8056,313.931272,29.818541,PC
5577,4.0331416,1.348,37790.0,9.63078,7.64407,463.0,3355.0,4.76,0.48,14.3602,328.351781,21.414161,PC
5578,39.4718663,6.186,7758.0,16.3498,176.652,1015.0,10416.0,4.35,1.82,7.3123,104.74986,-47.023366,PC
5579,3.1162505,3.289,11400.0,15.0692,1071.51,1593.0,6244.0,4.22,1.42,13.3573,296.46857,36.150385,PC
5580,2.2377411,4.079,3640.0,14.7763,3548.41,2150.0,6148.0,3.72,2.46,12.5366,296.606916,36.952758,PC
5581,7.1487697,6.864,1900.0,14.1861,4792.5,2317.0,5706.0,3.7,2.35,10.6338,311.888638,34.737492,PC
5582,0.5223032,0.685,4390.0,14.2556,3259.1,2104.0,6285.0,4.06,1.72,12.5701,315.879749,18.696523,APC
5583,5.8311038,3.283,4240.0,15.2747,354.772,1209.0,6390.0,3.83,2.29,10.5002,320.450532,23.926451,PC
5584,4.7264391,3.196,3150.0,14.0851,506.011,1321.0,6132.0,3.75,2.37,12.5816,302.999561,55.435028,PC
5585,0.9655766,1.224,3140.0,11.5845,3796.11,2186.0,7542.0,4.11,1.92,12.3886,306.988834,37.146334,PC
5586,6.3989216,2.781,3830.0,10.6347,280.377,1139.0,6243.0,4.12,1.59,12.4276,302.761752,19.706749,FP
5587,15.2501659,4.331,4560.0,9.87708,63.3289,785.0,5796.0,4.14,1.44,12.6212,298.214477,42.50326,PC
5588,2.4013188,1.988,27340.0,12.4643,118.916,919.0,4224.0,4.54,0.72,12.9722,311.21156,8.849353,PC
5589,2.5183846,2.1596206,616.0227482,21.1354407,30104.8834446,3359.5335853,10817.0,4.33,5.7888398,6.725,127.222618,-20.950461,FP
5590,5.9029732,3.337,8450.0,11.3389,547.695,1347.0,7142.0,4.49,1.18,13.1251,313.903317,46.758479,PC
5591,4.1784844,4.307,5000.0,15.7612,1094.98,1602.0,6283.0,3.77,2.4,11.3909,304.450192,30.687351,PC
5592,1.9447712,1.345,2880.0,13.5597,425.174,1265.0,5369.0,3.68,2.32,11.6866,309.343258,6.152848,FP
5593,4.0802864,5.718,7997.0,10.6236,193.477,1039.0,5887.0,4.35,1.15,11.4879,317.926468,8.980673,PC
5594,3.0076713,3.094,10740.0,12.7756,708.388,1437.0,5704.0,4.27,1.22,13.1645,312.780843,12.806318,PC
5595,3.6491012,1.691,5880.0,11.0954,144.518,965.0,5628.0,4.14,1.4,12.0995,309.595065,21.021892,PC
5596,0.9965843,2.633,14280.0,6.86149,815.756,1488.0,3662.0,4.67,0.58,14.6656,306.50933,36.215279,PC
5597,6.9349089,3.234,14850.0,11.4838,112.177,906.0,5364.0,4.46,0.94,12.7968,306.840001,14.618924,PC
5598,9.7884653,3.894,2590.0,10.0684,96.5028,873.0,5369.0,3.84,1.92,12.5037,296.641607,55.016607,PC
5599,0.7835688,1.095,7440.0,11.8563,1710.79,1791.0,5932.0,4.26,1.28,12.935,315.252899,29.702279,FP
5600,18.90372,9.067,24270.0,10.5098,365.719,1185.0,5801.0,4.33,1.23369,10.441,132.068717,-47.114757,FP
5601,2.4667486,2.984,7030.0,18.8159,1380.7,1698.0,5960.0,3.78,2.22,13.3192,312.316702,22.04423,PC
5602,5.555905,3.459,3750.0,11.9323,409.941,1253.0,5867.0,3.88,1.95,12.5454,300.768857,50.507747,FP
5603,4.8292589,4.084,5930.0,13.6377,1106.76,1606.0,7035.0,4.18,1.67,12.2866,310.511981,40.302572,PC
5604,2.4707357,1.597,5560.0,11.779,343.055,1198.0,5869.0,4.1,1.53,12.5937,320.552366,13.129732,PC
5605,5.6567374,3.223,7790.0,13.5941,296.507,1156.0,5975.7,4.09,1.57,13.4171,316.686735,3.185566,PC
5606,3.0233509,2.369,17150.0,11.3795,201.365,1049.0,4881.0,4.5,0.84,12.8127,311.466288,13.840621,PC
5607,1084.2279131,3.518,12356.0,18.6491,0.0182835,102.0,5809.0,4.35,1.12,11.2922,313.489596,42.743527,APC
5608,0.6583175,0.796,3740.0,8.31454,2467.92,1963.0,5766.0,4.38,1.08,12.4411,315.219892,17.116416,PC
5609,2.4515393,3.005,7520.0,11.6029,3082.85,2075.0,7143.0,4.4,1.32,13.0008,303.89385,24.521157,FP
5610,4.7729363,3.344,4300.0,12.9614,517.385,1328.0,6269.0,3.94,1.96,12.6132,314.592827,10.404855,PC
5611,8.4915117,6.035,40640.0,87.0155,2278.83,1924.0,9365.0,4.08,4.18,10.1749,123.581899,-34.819322,FP
5612,17.2182695,7.888,4810.0,8.64247,236.125,1092.0,6330.0,4.31,1.29,13.4177,297.982441,42.754529,FP
5613,4.009823,4.015,7750.0,12.1613,1001.22,1567.0,6304.5,4.27,1.35,12.8343,311.218561,42.893255,PC
5614,6.9038328,5.483,3790.0,14.2131,426.677,1266.0,5612.0,3.71,2.31,12.1486,326.604379,25.113022,PC
5615,10.1522322,6.614,9641.0,19.4581,466.261,1294.0,6509.0,4.0,1.92,11.7685,314.865755,20.099913,APC
5616,4.3887257,3.243,5820.0,8.92241,359.493,1213.0,5561.0,4.32,1.13,12.0389,321.897222,-8.352445,PC
5617,12.5482879,3.396,49260.0,13.0082,8.90508,481.0,3923.0,4.66,0.59,14.3196,314.751697,47.54196,PC
5618,2.3682389,1.866,48700.0,10.9197,48.4913,735.0,3504.0,4.75,0.49,14.5249,325.299511,9.599053,PC
5619,4.0387941,3.537,5560.0,9.54371,850.594,1504.0,6345.0,4.31,1.31,12.7031,300.806373,25.167467,PC
5620,2.0353259,2.032,12030.0,11.6988,675.543,1420.0,5771.0,4.41,1.05,12.8978,307.122227,14.563891,PC
5621,4.3686174,2.943,3730.0,13.2129,277.556,1137.0,5393.0,3.76,2.13,12.2869,317.15771,37.74979,PC
5622,10.4137962,3.482,1948.0,8.3814,131.058,942.0,6439.3,4.12,1.97,10.1985,125.557166,-25.06947,FP
5623,15.4159906,2.127,4500.0,10.5168,18.6278,578.0,6120.0,4.12,1.56,11.499,312.86048,2.616271,PC
5624,5.0114216,4.514,4940.0,15.3662,788.546,1476.0,6152.0,3.82,2.22,13.0598,312.987123,19.566441,PC
5625,5.2079858,3.795,8550.0,16.7817,261.968,1120.0,5204.1,3.88,1.79,13.3113,319.530766,-4.447342,PC
5626,4.0252588,3.596,8980.0,13.4189,692.888,1429.0,6059.0,4.2,1.4,12.7861,320.185603,16.654795,PC
5627,6.2043746,5.957,4380.0,14.9548,911.223,1530.0,6122.0,3.71,2.49,11.429,314.494487,19.27883,APC
5628,6.1606297,2.218,10230.0,11.9381,134.424,948.0,6352.0,4.42,1.14,12.2493,313.764992,12.082556,PC
5629,3.8116176,1.997,6560.0,7.38288,157.644,987.0,5430.0,4.52,0.89,12.0025,308.078444,15.503079,PC
5630,3.7306955,3.657,6140.0,12.6264,1136.26,1617.0,6503.0,4.17,1.56,12.143,316.141663,34.34452,PC
5631,3.246565,3.478,8870.0,12.5001,1210.17,1643.0,6277.0,4.29,1.32,12.7,315.179483,17.179357,PC
5632,4.6079976,3.148,7730.0,15.6586,605.972,1382.0,6662.0,4.08,1.79,12.9153,302.637399,30.549164,PC
5633,13.9086,2.987,4760.0,37.5946,365.719,1185.0,6333.0,3.81,2.29,10.1078,118.059584,-29.714072,FP
5634,3.7984372,4.539,4500.0,11.9632,1535.28,1743.0,6289.0,3.95,1.94,11.0235,304.053952,16.450619,PC
5635,4.2447791,2.896,5800.0,9.6255,409.43,1253.0,5763.0,4.26,1.24,12.4083,317.473506,-7.415145,PC
5636,3.1003012,1.826,11350.0,18.292,383.536,1232.0,6323.0,4.09,1.67,13.0812,328.165918,2.857438,PC
5637,5.5901313,1.245,11420.0,8.79073,16.0188,557.0,4743.0,4.57,0.75,13.4538,309.31074,53.27722,PC
5638,2.5505105,1.463,14510.0,20.0973,292.554,1152.0,6190.0,4.11,1.59,12.9724,319.780293,-4.741358,PC
5639,3.0200448,1.597,10640.0,13.0636,171.551,1008.0,5585.0,4.25,1.23,12.6045,305.795833,48.419551,PC
5640,0.3781425,0.473,4760.0,9.06704,946.484,1545.0,5080.0,4.4,0.96,13.0338,314.240317,3.997017,PC
5641,21.0685273,3.007,15800.0,13.6234,10.5716,502.0,5403.0,4.36,1.06,13.3872,287.542561,42.667453,PC
5642,2.260431,2.098,2680.0,3.92152,249.273,1106.0,4452.0,4.54,0.74,11.3519,303.908842,28.659226,PC
5643,6.13049,6.11,3640.0,12.5189,940.498,1542.0,6078.0,3.86,2.08,13.1765,294.598841,51.65194,PC
5644,13.9496586,4.5415691,7901.7811915,10.5098,77.6732103,757.1598271,5801.0,4.33,1.23369,10.3979,123.733512,-31.60831,PC
5645,2.8534013,5.176,15830.0,11.4232,961.087,1551.0,3662.0,4.72,0.52,14.1736,312.075178,47.930643,FP
5646,11.0771916,4.091,1920.0,2.97165,51.7045,747.0,4738.0,4.64,0.69,11.9693,308.581132,53.008814,PC
5647,1.6540803,2.008,3460.0,15.2145,2118.23,1889.0,6453.0,3.76,2.51,11.7528,317.541024,38.239559,FP
5648,15.7866044,6.116,6960.0,11.2628,150.132,975.0,6237.4,4.27,1.33,13.0251,308.598081,37.717272,PC
5649,5.9404096,2.479,15160.0,11.945,133.684,947.0,5933.0,4.5,0.97,13.2223,303.74091,17.103875,PC
5650,3.3825012,3.422,4430.0,9.00661,967.25,1553.0,6117.0,4.22,1.38,13.0581,289.682998,42.611661,PC
5651,5.754879,6.944,1820.0,12.52,2173.06,1902.0,6742.0,3.66,2.95,12.1724,311.805966,47.323959,PC
5652,6.9341584,1.937,510.0,2.15853,96.5124,873.0,5451.0,4.54,0.87,8.5898,336.694607,18.583431,PC
5653,7.9058861,0.867,2370.0,12.3664,15.0146,548.0,6294.0,3.88,2.1,10.1223,337.695918,8.640146,APC
5654,1.8826011,1.791,290.0,1.36971,445.039,1279.0,4996.0,4.57,0.78,9.0331,321.721228,53.639816,PC
5655,7.64348,2.772,560.0,6.82171,170.804,1007.0,6258.1,3.59,2.94,9.9959,109.783542,-59.302042,FP
5656,6.440207,2.114,2480.0,10.5098,365.719,1185.0,5801.0,4.33,1.23369,10.447,332.469256,19.938063,PC
5657,3.1728284,1.777,360.0,3.27956,932.329,1539.0,6689.0,4.19,1.59,8.80558,344.175427,43.887339,PC
5658,28.1315937,4.043,5064.0,17.2116,23.9447,616.0,5513.0,3.75,2.18,9.53851,326.831427,34.850944,PC
5659,7.4702557,5.033,600.0,5.16592,306.832,1165.0,5242.0,4.33,2.12,9.77894,333.026487,26.474465,PC
5660,10.7004569,1.281,2409.0,13.1568,51.9069,747.0,6906.0,3.84,2.44,9.41809,312.029841,43.938698,PC
5661,0.5902387,1.045052,518.7240999,1.6802901,517.0065166,1216.1685093,3844.0,4.6589,0.590924,10.3224,355.467833,14.106803,PC
5662,0.9292334,0.983716,45240.8420953,10.6079914,104.4129181,815.2828522,3207.0,4.74975,0.485926,15.762,283.317267,59.817657,PC
5663,3.2520192,3.491,9420.0,12.5826,1493.68,1731.0,6756.31,4.38298,1.28,13.0091,326.477915,39.654557,PC
5664,2.3062125,1.5098977,400.6390117,2.0651033,791.3345542,1352.7258275,5816.0,4.48945,0.963996,9.5236,345.63745,24.24957,PC
5665,4.4571444,6.1089711,7175.6801891,18.031156,1747.4150659,1648.9928347,6074.0,3.85122,2.09465,10.9726,335.51292,45.457342,KP
5666,1.5136003,2.4400695,745.1393405,8.3090193,14144.8668844,2781.4385255,6017.0,3.55,2.93328,9.9071,122.068635,-35.559433,FP
5667,3.076329,3.9016058,9490.8396842,14.2287485,1519.96446,1592.4951117,6401.79,4.23563,1.4311,9.7758,343.041493,35.447178,KP
5668,1.6174932,1.076,420.0,1.36785,109.771,901.0,3900.68,4.5239,0.7,9.0392,349.216044,5.695887,PC
5669,1.9261183,1.068842,3853.8831363,4.8624405,395.0450985,1137.0548605,5383.13,4.7447,0.678984,10.9417,341.769762,29.851994,FP
5670,4.3226229,3.3699025,11939.7472843,15.1546943,705.0438271,1314.2372675,5924.0,4.21239,1.3475699,10.9644,347.492802,18.39616,KP
5671,3.9816471,3.247,15590.0,14.4616,431.951,1270.0,5771.0,4.33924,1.14,12.6108,339.474237,44.965228,PC
5672,4.2254748,4.8390265,1577.257225,7.6400361,1118.0567499,1474.8087701,5729.0,3.95931,1.75516,11.7066,324.751784,62.94426,PC
5673,3.5381039,2.441937,11844.6534836,12.0728557,591.3277978,1257.6993121,6084.0,4.45887,1.0424401,10.5332,336.147609,16.878856,APC
5674,4.0802864,5.0564338,1166.6840304,3.4227619,65.5704505,725.7662883,5758.0,4.45663,0.993436,10.1233,338.574347,33.823466,PC
5675,4.0802864,5.8572173,785.0145393,3.0017761,105.4951725,817.3873199,5940.0,4.42516,1.05723,9.50492,349.267516,31.353989,PC
5676,9.2255167,3.685,610.0,2.50867,171.745,1008.0,5940.0,4.42516,1.06,9.50492,349.267516,31.353989,PC
5677,7.9192605,2.5053873,21472.3061237,11.5285264,38.0328101,633.3727192,4302.0,4.5054,0.758608,11.5549,349.622955,24.889277,KP
5678,6.5224,2.63,844.574,8.46817,71.5773,810.0,4951.7,3.55,2.65,9.796,133.457963,-48.81268,FP
5679,3.0927595,2.2167204,29201.5223974,12.6473444,174.0310286,926.352806,4713.98,4.56492,0.750341,11.5189,348.993046,31.462751,KP
5680,3.9914012,4.2579634,8891.5603147,17.0087765,1687.7566393,1634.7344157,6528.05,4.0799,1.75165,10.9852,322.75454,30.003448,PC
5681,3.5247405,3.0561663,16077.3768199,15.6198314,758.3594451,1338.4080023,6052.0,4.34258,1.18655,7.1274,330.795022,18.884242,KP
5682,3.1643744,2.506,3842.0,6.79941,643.751,1403.0,6238.0,4.33794,1.23,12.4884,342.559971,43.659987,PC
5683,1.7267217,0.9267405,993.6410071,1.1783582,45.5930747,662.7419629,3487.0,4.85306,0.371684,10.8221,349.765951,7.915601,PC
5684,373.0381637,15.3281375,2858.622379,8.4472776,26.2251959,577.1642659,6508.0,4.18652,1.54352,10.6338,275.339308,69.370707,PC
5685,0.4378024,1.5315811,1462.5517623,1.4551234,211.8109673,972.9866029,3256.0,4.85874,0.365717,12.0575,281.676903,21.828321,FP
5686,0.4317124,0.8674164,19454.2065361,8.4942819,365.8471618,1115.4360389,3180.0,4.66041,0.58914,14.6343,298.542574,26.878936,APC
5687,0.7394818,1.247372,153.5319003,1.3097748,3360.8723448,1941.9263461,5632.0,4.45734,0.977079,9.64057,314.409442,22.192647,PC
5688,4.7267257,3.014,283.0,1.45952,333.088,1190.0,5655.0,4.50815,0.92,9.4087,291.418127,38.672312,KP
5689,3.042692,4.9822845,1640.2983771,6.1586417,14343.8465405,2791.1691551,8000.0,4.33,1.0,10.1356,123.178216,-42.93501,FP
5690,79.5839995,4.3996752,585.7148869,1.9748837,3.7628265,355.2207257,5391.0,4.61444,0.79137,9.0638,284.05925,44.518373,KP
5691,7.0142458,2.6555328,1867.3179922,2.3954787,14.7225544,499.5920759,3721.0,4.703,0.539525,11.8086,283.967767,39.062238,PC
5692,38.4787613,5.1869737,23972.8957136,12.5609376,0.4962968,214.0696563,5439.49,4.59877,0.810043,13.2147,288.902283,49.370408,KP
5693,1.0271879,0.9889992,863.0912024,1.375524,90.6681431,787.0157613,3406.0,4.82682,0.399822,12.7949,276.053314,66.935559,PC
5694,3.4130781,2.5787928,4017.8298399,5.5008027,304.4148279,1065.3350121,5410.0,4.53617,0.865985,14.0672,285.930736,39.09812,KP
5695,2.4157665,2.1700812,242.4992335,1.5356382,278.2134769,1041.6319451,4837.0,4.55481,0.774575,10.6894,238.153554,66.873296,PC
5696,38.5835889,11.0403765,1501.2063653,6.8872276,76.5626552,754.4387662,6373.72,4.05962,1.74231,11.7942,288.153973,44.068815,KP
5697,48.7130843,4.8155571,1609.7433089,2.4883067,1.7149724,291.8663524,3943.0,4.6329,0.621798,12.3932,260.979452,57.469309,PC
5698,0.8374997,1.9640812,248.9571168,2.0046235,3684.5206378,1987.0783791,5706.0,4.37,1.08974,10.4767,285.679298,50.241484,KP
5699,6.8669657,3.8812584,796.5543815,3.5242338,271.6138825,1035.3989982,6173.0,4.44273,1.07955,11.0644,126.102246,79.559644,PC
5700,0.82967,1.755,4744.55,20.1053,65023.4,4448.0,6991.1,3.83,2.65,10.4708,133.145204,-50.008798,FP
5701,700.9622566,6.2194192,456.5698347,2.2203819,17.5711392,522.1793937,5626.0,5.47131,1.00018,9.43301,238.915233,40.137034,PC
5702,7.0893162,3.3795425,127.6112321,1.6279088,318.1431068,1077.1479991,5983.0,4.29138,1.24177,8.77912,230.205817,67.167478,PC
5703,8.0276821,2.9574257,11271.5765812,11.980977,161.117342,908.6681834,5368.0,4.30215,1.12772,15.0277,289.603838,46.31491,KP
5704,28.5410557,10.6581231,1280.5898265,7.1843683,94.828344,795.8922782,6197.21,4.08307,1.64162,11.2877,295.486582,51.013524,KP
5705,7.9726644,2.5395549,3581.1493923,3.7927661,32.2210236,607.6515119,4564.61,4.68645,0.637495,13.0702,292.50342,43.083219,KP
5706,6.2468813,9.0400019,516.1273113,15.6817806,324.7805755,1082.7227478,4643.39,4.438,6.3787198,11.7971,285.672903,44.116751,KP
5707,109.0502946,7.3613043,3819.91221,12.6721874,62.0087384,715.7032239,8953.0,4.22329,1.92506,10.2403,296.106671,58.375608,PC
5708,5.655018,1.7818546,356.813695,1.5874236,67.2014321,730.2379204,4674.0,4.61121,0.704768,9.2576,263.152578,33.570556,PC
5709,9.3380252,2.8573107,1771.5047592,3.093161,22.8910424,557.8740267,4066.0,4.52539,0.723481,11.5118,292.576514,18.394928,PC
5710,6.8834027,1.92,771.0,2.87691,87.7838,852.0,6133.77,4.32058,1.23,10.4081,284.635189,40.71983,KP
5711,4.36539,2.427,1470.0,10.5098,2596.31,1988.0,9156.5,4.33,1.23369,10.2681,122.272933,-37.06186,FP
5712,0.4489589,0.7637477,674.8277016,1.015263,258.7481981,1022.913907,3419.0,4.84756,0.377509,13.1638,292.606298,68.154592,PC
5713,3.003901,3.8750477,10093.1737819,16.7208629,1512.6541471,1590.5768607,6052.0,4.1353,1.50633,14.5855,295.307525,38.881572,KP
5714,10.9048392,1.5530648,4030.7760993,1.5489482,1.8239545,296.3966212,3272.0,4.99712,0.242121,12.6396,299.614252,32.28717,PC
5715,5.8599392,4.0842391,289.4487735,2.9189614,649.7355768,1287.6680247,6149.0,4.14765,1.5092,10.593,288.688722,41.151108,KP
5716,9.8786838,1.8852042,1728.7453821,2.1083189,6.7948733,411.7798487,3759.27,4.86726,0.460619,12.1042,283.62826,48.390808,KP
5717,16.1455898,4.5431711,919.5336262,3.563467,19.5319797,536.1746979,4816.0,4.59996,0.732995,10.8515,281.482473,47.207826,KP
5718,2.5080815,1.1724398,1292.7152523,2.6163105,223.5290118,986.1732636,4715.0,4.57812,0.739515,12.1773,281.194732,47.497261,KP
5719,949.7905952,4.2222063,3029.1585847,2.8632815,0.030453,106.5435861,3500.0,4.80448,0.424371,11.8288,39.176567,78.652241,PC
5720,0.8573727,0.5478598,2045.7091221,1.2465478,42.012202,649.3272227,3098.0,5.00721,0.235048,12.2936,310.448734,49.646899,PC
5721,1.5500607,1.225,2550.0,11.5208,7523.43,2594.0,8552.3,4.18,2.04,10.4403,339.230939,37.675516,PC
5722,3.477756,1.999,1177.0,11.3342,379.541,1229.0,6221.0,3.53,3.1,9.9223,129.462346,-43.042017,PC
5723,0.586806,0.485,840.0,6.44104,2345.92,1938.0,5842.0,4.17,1.48,10.4963,336.737635,45.971999,PC
5724,2.3179699,1.496,12009.0,14.5204,172.957,1010.0,5770.0,4.438,1.33,12.598,336.690787,57.434161,PC
5725,16.2117629,5.3495584,3669.0022778,7.2826036,101.5736987,809.6830845,6119.0,4.35436,1.18343,10.5418,355.02941,32.015761,PC
5726,3.2573898,3.1400826,13770.1931364,12.3569361,554.7122128,1237.7606776,5698.38,4.40322,1.0461299,12.3396,13.000916,34.728402,KP
5727,2.5199146,3.7121363,12429.3724559,17.7001932,2121.5175266,1730.9375747,6116.0,4.11132,1.56419,11.1355,5.166954,31.989973,KP
5728,4.304829,3.5311266,7531.4221197,13.8395402,925.4934848,1406.737585,6001.0,4.12263,1.51284,11.5639,356.666714,31.155911,KP
5729,4.0236805,3.71,8925.0,14.9702,606.797,1382.0,5807.0,4.06406,1.57,11.3864,4.52396,59.766198,PC
5730,2.5079177,3.0652269,6997.4591212,14.717643,2704.955558,1839.3305452,6207.39,4.03891,1.72725,12.355,359.151972,36.212956,KP
5731,2.3322524,1.4407556,571.3138896,1.902342,267.3379607,1031.2997377,4983.53,4.65066,0.708945,10.3337,9.347123,40.905168,PC
5732,14.5465245,5.4881637,3222.8170072,12.189719,249.6501113,1013.8009423,5559.5,3.84,1.9794101,10.0651,355.09135,35.94084,PC
5733,11.1002046,2.0690778,4989.8603711,28.1216204,3860.9897074,2010.4552491,10633.0,4.08,2.5065,10.0465,115.825326,-36.496714,APC
5734,9.1099373,9.51,8817.0,13.5278,1223.52,1185.0,6511.0,4.438,1.48,12.0471,331.313408,64.098143,APC
5735,2.0319883,3.4937463,12273.0056923,17.7163979,2886.2922002,1869.4111277,6161.0,4.1171,1.56523,12.489,358.515134,37.021824,KP
5736,1.9281092,1.41745,107974.2359543,17.7947707,30.0343207,597.0685598,3264.0,4.8548,0.369847,13.7057,340.001249,60.8235,PC
5737,1.5454492,2.7821528,4280.7714918,2.4829303,40.3385544,642.7614652,3264.0,4.8548,0.369847,13.7057,340.001249,60.8235,PC
5738,9.0329611,5.906,160.0,6.86834,1057.68,1588.0,7527.0,4.33,5.64,8.629,325.228645,55.06675,FP
5739,2.7238937,1.668,400.0,11.8283,152.578,979.0,4758.0,4.33,5.53,9.3185,356.038387,26.42567,FP
5740,1.0222806,2.071,1280.0,8.97675,15853.1,3126.0,8448.0,3.98,2.46,9.645701,1.074045,42.5736,PC
5741,1.2757761,1.313,230.0,1.28307,357.418,1211.0,4540.4,4.5,0.79,8.9553,0.223191,35.752445,PC
5742,2.8406462,2.7440612,57872.8336091,24.2892126,293.4109933,1055.5743901,4389.0,4.24954,1.02903,13.8504,12.740739,68.185903,PC
5743,5.7238582,3.8545141,8682.2466029,11.6470757,434.1768781,1164.2236638,6086.0,4.31517,1.23052,11.2791,33.131092,51.778775,KP
5744,5.7998626,5.684,2387.0,11.022,806.794,1484.0,5852.0,3.64892,2.55,11.6593,8.386256,61.860766,PC
5745,16.1798603,6.495,2249.0,7.89958,131.122,942.0,5900.8,4.04,1.63,9.74179,141.107854,5.766056,CP
5746,1.7442831,2.1928372,7445.2479047,15.3898195,7630.771499,2383.7563437,8039.0,4.31943,1.6008,11.9004,38.369165,56.025708,KP
5747,2.1499907,3.1026968,25640.8126075,20.6364944,1865.4537814,1676.1615458,6340.0,4.33387,1.2630399,10.7696,31.042761,46.687851,KP
5748,7.3723906,7.8217079,347.7876879,4.8405988,1331.9212095,1540.7755679,6083.0,3.68069,2.5524099,7.98475,36.784679,32.876956,PC
5749,18.0401494,6.0379226,5645.2975375,11.1154985,143.3387586,882.4917606,6345.0,4.21827,1.4445699,10.6492,43.372328,39.260148,PC
5750,2.5761796,1.5879379,49904.2528728,12.1450869,45.3541068,661.8718403,3628.0,4.73924,0.497905,13.2297,317.900139,68.402076,PC
5751,3.9074188,2.5052202,15476.6369436,10.5098,423.8082529,1157.2097975,5780.0,4.438,1.23369,13.859,332.646204,69.774239,PC
5752,6.5234682,5.966,8360.0,19.045,872.331,1514.0,6409.0,3.93,2.04,9.74061,34.836888,40.993944,APC
5753,4.0158199,6.39,330.0,5.20076,17781.5,3217.0,6950.0,3.78,2.64,10.3755,21.805455,67.966855,FP
5754,5.8267724,4.598,810.0,4.615,744.793,1455.0,6305.0,4.11,1.62,9.3229,51.657269,40.81727,PC
5755,8.503614,1.203,1590.0,10.2441,33.4398,669.0,6255.0,3.88,2.31,10.244,355.433763,63.018844,FP
5756,1.07242,1.996,632.189,22.0397,1909.78,1841.0,5001.6,4.33,7.97,10.4029,122.257466,-30.787939,FP
5757,3.4925674,4.378,7060.0,15.7585,1792.0,1812.0,6558.7,4.33,1.8,9.8781,34.445951,53.807582,PC
5758,1094.062167,3.534,2352.0,4.39378,17.1449,566.0,5359.0,4.55,0.85,9.2063,46.061033,43.557667,PC
5759,7.7966237,1.461,2000.0,18.0417,200.285,1048.0,9434.0,3.66,3.78,10.0201,32.085966,56.409783,PC
5760,2.6452121,3.0559836,10456.8418233,12.7803657,970.5163576,1423.5425881,5596.0,4.24644,1.2406,11.8889,74.504382,48.300855,KP
5761,2.2538642,1.5107491,383.7274369,2.1962137,1142.2633882,1482.7274023,5957.0,4.39105,1.10261,9.97967,273.377336,55.206926,PC
5762,7.4826325,6.5647136,2569.9421713,11.8138164,1070.588751,1458.8996447,6128.0,3.7824,2.2911999,10.5547,60.640787,34.004137,PC
5763,3.413702,2.9160091,15800.4739836,12.9118144,530.104856,1223.7992852,5845.0,4.44554,1.01592,13.7471,72.096663,62.06265,PC
5764,2.0791159,6.8565742,15910.5825093,14.0488094,809.869842,1360.5783509,5583.0,4.46043,0.9697,14.1279,83.73088,31.076493,PC
5765,5.4928246,3.4008546,1006.1582134,5.5323212,936.5163332,1410.9076511,6235.0,4.05522,1.70647,10.3971,53.357584,59.988799,PC
5766,10.8614911,5.5511467,11069.1320347,9.5731365,79.7577939,762.1896249,5663.55,4.53693,0.895095,11.0878,66.248142,39.460602,KP
5767,3.3840629,1.578,6449.0,16.52,1009.39,1185.0,8265.0,4.33,2.12,10.4349,130.919589,-36.656997,PC
5768,5.4823596,4.955098,6502.5514222,15.2816665,1118.657778,1475.0069316,6243.0,3.98185,1.85996,11.2873,84.398599,64.981529,PC
5769,3.9200919,4.1169544,22430.0040626,22.5941886,1241.1751658,1513.8331768,6574.32,4.23875,1.47238,13.4593,62.377542,47.556648,PC
5770,4.01357,4.1381202,8561.4394866,14.9544789,886.2336482,1391.5756101,5679.0,4.07294,1.53012,12.1957,68.846509,56.868269,KP
5771,2.2118281,2.5738654,2215.4831814,10.3424055,8662.5781435,2460.5462963,7690.0,4.03855,2.12813,9.89943,70.979903,61.859336,APC
5772,7.4903271,5.800713,225.5988767,2.5277726,526.6956422,1221.8268955,6111.67,4.08398,1.61211,7.4961,56.337007,60.350917,PC
5773,12.5759948,6.529918,284.6855263,2.7981797,263.9394474,1028.0064164,6111.67,4.08398,1.61211,7.4961,56.337007,60.350917,PC
5774,0.8497194,1.3521675,69488.1410322,19.5460599,337.1057655,1092.8518572,3493.0,4.432,0.679269,14.4907,79.929125,48.135896,PC
5775,3.1420495,2.6691319,18253.753966,12.6079161,275.6027117,1039.1796205,4996.0,4.47095,0.877202,14.6332,63.241059,67.675548,PC
5776,10.327438,8.8021114,1239.1563644,8.6575486,856.7350684,1379.8484358,6402.35,3.78349,2.4084699,9.51295,64.056257,50.409606,PC
5777,2.3673676,1.045,550.0,1.78396,58.4073,770.0,4403.0,4.58,0.71,9.5951,81.402245,37.118266,PC
5778,6.3667329,2.628,778.0,2.19947,118.939,920.0,5413.7,4.55,0.85,10.2596,83.380008,55.128812,PC
5779,2.0034063,2.661,3372.0,30.4003,15162.9,3091.0,6514.0,4.03,2.27,10.2688,133.238613,-57.940623,FP
5780,3.3906311,2.344,720.0,8.3102,1156.25,1624.0,7373.8,3.56,3.54,9.86105,57.561241,50.620837,PC
5781,8.1309123,3.313,313.0,1.51687,144.968,966.0,5639.0,4.46,0.97,8.895701,87.169462,35.034111,PC
5782,8.2125432,3.166,986.0,2.76845,156.917,986.0,5936.0,4.47,1.0,9.47632,77.169833,36.416746,PC
5783,2.1142179,1.655,949.0,17.3594,4869.36,2327.0,10207.0,4.33,5.54,10.4246,83.006941,36.588677,PC
5784,15.3058859,3.463,6498.0,13.4962,70.5288,807.0,6803.6,4.12,1.75,10.409,57.248111,49.111008,PC
5785,8.2065998,3.785,417.0,4.6173,3451.52,2135.0,6061.0,4.21,1.38,9.4526,97.619224,31.880556,PC
5786,1.8330979,2.742,168.0,1.87367,2928.12,2049.0,6335.0,4.1,1.65,8.85042,135.451718,67.674993,PC
5787,87.2129046,2.986,659.0,2.89746,1.3372,299.0,6236.0,4.35,1.22,9.76711,261.817314,54.84798,PC
5788,10.6684085,2.758,464.0,2.75843,100.776,882.0,6718.0,4.32,1.37,9.67596,88.202883,70.6741,PC
5789,1.6290926,4.6315189,411.7525108,3.94559,2815.3764354,1857.8209989,5658.0,4.08591,1.5037,8.92071,291.148444,67.527964,FA
5790,2.1456324,2.1680096,1438.6746953,11.0288578,28811.4006979,3322.8508101,9389.0,3.92,2.80165,10.5259,121.009264,-26.165676,FP
5791,9.5128916,3.1254171,1191.6067436,2.7531721,48.3015382,672.3725733,4998.0,4.58615,0.767312,11.1878,118.325326,44.025016,PC
5792,5.3664457,2.2975955,8748.7436413,10.9418064,248.9480604,1013.0874521,5358.0,4.34315,1.07573,12.9311,93.042393,43.120288,PC
5793,3.691559,2.720758,16316.0231993,14.7244708,512.0234924,1213.2274319,5720.0,4.37355,1.0878299,10.7447,110.735331,67.252657,KP
5794,3.2687063,3.6398573,9692.5415934,15.0466879,1155.6463869,1487.0514371,6007.22,4.18781,1.40537,14.3999,295.025662,46.955954,KP
5795,12.1324506,1.5751733,171.2764262,1.5690907,98.4603771,803.406097,5865.0,4.44965,1.0159301,6.8456,310.421968,35.54592,PC
5796,832.9236254,8.6876381,594.2376069,1.7373781,0.4058463,203.5682958,4193.0,4.53686,0.725064,9.4287,281.037793,75.99159,PC
5797,720.5742399,6.6602076,1456.9031847,5.3917254,1.0721258,259.5261864,6665.4,4.31,1.37318,9.82897,267.86727,24.811367,PC
5798,2.2111104,2.1060279,1956.0116833,2.9944585,95.0381191,796.3320731,3761.0,4.60411,0.656735,12.3475,314.913879,40.706012,PC
5799,9.6704614,2.7220103,481.8664184,1.9849932,67.4550414,730.925903,5212.0,4.51487,0.86356,9.1641,243.216051,16.305882,PC
5800,25.0881153,2.9625773,759.8808371,2.7372395,18.9228535,531.944602,5212.0,4.51487,0.86356,9.1641,243.216051,16.305882,PC
5801,104.2892798,5.8731029,2021.5793679,7.5126605,14.4080456,496.9023128,6501.0,4.25028,1.43159,10.5083,233.497291,69.350285,PC
5802,1.1908287,1.834,2040.0,14.221,52597.1,1185.0,7471.9,4.09,2.14,10.1978,132.838846,-34.431856,APC
5803,8.0555716,3.5853172,913.8621738,3.3778836,168.8120184,919.3282171,5680.0,4.38997,1.06221,10.5912,266.604423,38.078708,PC
5804,7.8864218,4.9429378,6241.5672443,12.4048291,358.1159257,1109.4957891,5597.0,4.04717,1.56051,14.4952,295.094957,43.537565,KP
5805,3.594091,1.402,130.0,1.44317,124.415,930.0,5694.0,4.95801,1.39,8.793181,253.892198,57.227908,PC
5806,4.0802864,9.3055095,3608.2663496,6.0762071,0.7995303,241.1728841,5576.31,4.48425,0.940603,11.9363,288.848855,51.209038,KP
5807,4.3724063,1.4148388,1642.1950326,10.7278887,2515.0175544,1806.1549461,8096.0,4.28307,1.67777,11.7056,301.752501,50.34803,FP
5808,4.0802864,14.1230558,317.9766458,1.4099651,0.1156456,148.7311702,5106.0,4.62161,0.750716,8.7475,261.281796,85.115518,PC
5809,1.3888584,0.8267002,1372.5136834,0.9650619,31.5257386,604.3465776,3300.0,4.97775,0.256456,12.4106,265.370424,30.303776,PC
5810,4.0802864,2.2996357,2097.1164668,5.0218625,18.5331878,529.1847026,5819.72,4.41305,1.0546401,11.8216,284.739116,49.598445,KP
5811,9.2866733,3.2593808,713.8494352,2.6996251,93.8814469,793.897973,5511.0,4.50367,0.911823,11.3992,290.420969,37.851656,KP
5812,3.2135636,4.3141611,654.7322821,4.1549554,1364.5815362,1550.1353571,5772.0,4.04527,1.59521,11.7266,285.615449,50.135771,KP
5813,4.9699991,1.363,12601.0,21.4073,112.974,908.0,5759.0,4.3,1.19,9.836,122.339812,-39.164589,APC
5814,4.7080353,2.9079423,9658.6603561,11.5403605,363.7711103,1113.8502354,5490.0,4.3011,1.14715,14.5892,298.635648,44.170939,KP
5815,5.1855507,1.9734133,1496.7919264,2.4406793,31.8495386,605.8924433,3921.0,4.648,0.603804,11.9323,281.46145,37.235891,PC
5816,4.0802864,4.6672536,12855.6961211,5.1306856,0.674929,231.1714878,3476.0,4.81846,0.408956,12.9805,284.022658,14.12202,FP
5817,1.2710408,1.113,1115.0,7.85938,5327.83,2380.0,6004.0,4.13,1.5,10.0452,106.00101,-35.181497,PC
5818,3.0519843,2.868,892.0,12.1856,10790.5,2839.0,6251.1,3.79,2.33,9.65609,117.671104,-6.494944,FP
5819,2.1613171,1.289,529.0,1.86733,329.608,1187.0,5260.0,4.59,0.8,10.0956,100.766731,-44.251859,PC
5820,1.3154261,2.121,285.0,2.42354,11290.9,2871.0,6613.8,4.28,1.42,9.34567,141.403549,3.661936,FP
5821,1.1256838,1.773,3620.0,10.2362,5124.79,1185.0,7433.0,4.33,1.85,10.4284,119.496736,-21.013365,PC
5822,2.7297541,1.439,362.0,2.11652,200.856,1048.0,5599.3,4.37,1.08,8.7699,118.936795,-48.041772,PC
5823,5.2887576,2.284,598.0,1.80945,63.339,785.0,4610.0,4.55,0.75,9.4499,135.335989,-20.97341,PC
5824,3.6649528,3.245,3865.0,16.4945,13611.8,3009.0,7889.0,4.53,1.61,10.4989,121.526219,-44.375085,FP
5825,1.2280156,1.0677974,1316.7462021,3.2034237,1038.6284238,1447.8874391,5223.0,4.53,0.852493,11.9433,103.516164,-46.659703,PC
5826,1.3328252,2.0496174,19240.1766706,15.3206915,1924.8044588,1689.3374258,5595.4,4.4,1.0670201,10.8042,124.073681,-8.686581,CP
5827,5.3703022,2.8481989,13776.4684097,11.7099788,277.4774922,1040.9423785,5878.0,4.47546,0.986176,13.5803,75.745949,-59.970953,PC
5828,3.2422424,3.1662519,10616.2597804,13.8082328,1534.9908103,1596.416451,7069.0,4.40124,1.30309,10.6664,128.717977,-49.932522,PC
5829,6.4095555,8.4737438,2845.1432466,17.4517774,2737.1453387,1844.7784392,6316.0,3.53,3.18048,10.4146,126.585367,5.2584,PC
5830,3.1122402,2.4670483,14169.7677986,14.3844522,496.0520698,1203.6537302,6176.8,4.5,1.1207401,10.8235,123.656967,-41.156136,PC
5831,6.4240944,4.0307342,19637.6137844,14.8362261,212.2599833,973.5018496,5618.0,4.39959,1.04006,11.646,127.019217,-24.166962,APC
5832,3.7899018,3.9779406,7609.2687873,23.926255,12025.9181554,2670.8488477,7810.0,4.08,2.64206,11.8338,119.888415,-32.706065,PC
5833,3.8783341,3.6211626,7843.4867323,12.5321785,739.7659967,1330.1277094,5748.0,4.19506,1.34253,13.7453,99.683837,-49.572407,PC
5834,8.5386633,2.337,1730.0,4.04578,63.3913,786.0,5416.1,4.49,0.95,10.3622,50.131921,42.606956,PC
5835,5.6952223,1.107,1470.0,3.92346,39.9451,700.0,5416.1,4.49,0.95,10.3622,50.131921,42.606956,PC
5836,3.1471655,3.402,1440.0,5.30134,3942.66,2207.0,4869.0,4.54,0.79,10.4259,122.034347,-28.066189,PC
5837,1.2541235,1.105,23010.0,8.66923,78.6048,829.0,3642.0,4.7,0.54,13.0739,212.929098,-29.97494,PC
5838,5.8340292,1.289,11944.0,12.1719,42.4777,711.0,5698.0,4.4,1.06,11.6894,309.708254,44.791967,APC
5839,1.8859353,1.373,2197.0,7.26339,721.952,1444.0,6556.9,4.18,1.57,11.2223,332.453393,22.566069,PC
5840,4.9218915,6.715,6245.0,20.0897,1810.88,1817.0,6178.0,3.65,2.7,12.307,318.523748,35.079027,PC
5841,8.9539287,2.618,5133.0,8.74683,79.5224,831.0,5943.0,4.34,1.17,12.4185,337.147478,6.924225,PC
5842,3.5529033,1.722,17309.0,17.9469,236.183,1092.0,6389.0,4.24,1.41,13.3897,334.862835,40.676148,PC
5843,3.1256662,2.903,4065.0,10.5098,1434.05,1714.0,4940.2,4.33,1.23369,11.785,310.577995,51.186495,PC
5844,9.866312,5.285,5737.0,11.5656,283.77,1143.0,6209.0,4.08,1.64,11.5989,348.099929,22.34547,PC
5845,4.6474314,8.452,2652.0,16.1625,3924.24,2204.0,6455.0,3.48,3.44,11.8495,320.895178,38.313832,PC
5846,4.2070367,2.712,13290.0,16.5857,498.042,1316.0,6437.0,4.15,1.59,13.2225,309.204322,49.609904,PC
5847,0.9136081,1.099,1368.0,5.5813,5597.87,2409.0,7126.0,4.29,1.5,10.1939,110.881841,-37.835468,PC
5848,2.1350899,1.997,22574.0,12.6797,280.388,1140.0,4894.0,4.53,0.8,12.3983,343.883119,22.563967,PC
5849,4.2916798,3.088,9377.0,13.1247,675.152,1420.0,6725.0,4.32,1.37,11.5823,316.927293,40.450561,PC
5850,4.6107024,5.626,5689.0,15.7213,1656.67,1777.0,6391.0,3.87,2.18,11.6925,297.503626,54.153548,PC
5851,4.0833335,4.406,15664.0,19.554,1082.21,1597.0,6298.6,4.14,1.58,13.1618,349.786653,25.985949,PC
5852,2.8474853,2.303,22441.0,12.7345,260.51,1119.0,5149.0,4.53,0.84,12.3101,315.220171,39.39179,PC
5853,2.3107907,1.963,18595.0,12.0547,213.379,1064.0,4767.0,4.46,0.86,12.8119,334.899052,12.356411,PC
5854,7.1603723,4.672,9174.0,14.5353,304.256,1163.0,5767.0,4.07,1.54,12.2601,341.019058,38.516276,PC
5855,6.9191027,4.908,4926.0,11.0925,448.269,1281.0,5922.0,4.0,1.72,13.0551,318.620542,57.322991,PC
5856,4.5016419,1.897,2992.0,10.3672,237.971,1094.0,5713.2,3.89,1.89,12.2652,341.709295,31.561025,PC
5857,5.0310168,3.334,18296.0,17.1637,262.966,1121.0,5656.1,4.2,1.32,13.261,339.655529,34.80462,PC
5858,0.7784962,0.856,1670.0,9.22083,529.373,1336.0,4949.2,4.33,2.19,9.94921,142.262995,-5.375669,PC
5859,2.3927114,1.806,13405.0,14.5439,553.561,1351.0,5967.0,4.34,1.17,10.5581,339.205083,16.827194,PC
5860,2.5530138,3.109,6564.0,13.9066,1540.79,1745.0,6286.0,4.01,1.81,12.5948,316.98304,48.582298,PC
5861,18.8155978,4.153,18261.0,14.443,35.8015,681.0,5641.0,4.32,1.14,13.4411,308.802933,47.911668,PC
5862,3.6534344,3.519,24705.0,20.7632,869.445,1512.0,6364.0,4.3,1.32,11.5102,341.854293,37.691036,APC
5863,4.679209,4.261,9667.0,14.7013,1141.48,1619.0,6600.0,4.13,1.67,12.8813,335.753912,43.797709,PC
5864,3.1106751,3.129,10899.0,13.4185,891.85,1522.0,5660.5,4.27,1.22,12.0052,347.979723,33.047612,PC
5865,3.9779111,1.843,19441.0,12.2764,116.092,914.0,5494.0,4.52,0.89,12.8196,331.617901,42.082181,PC
5866,0.520403,0.995,143020.0,21.8226,155.949,984.0,3112.0,4.83,0.4,14.5158,343.651105,24.096972,PC
5867,9.7824078,3.889,3218.0,5.19023,124.326,930.0,5749.0,4.47,0.98,12.2562,321.547268,40.432339,PC
5868,10.3299557,3.666,7172.0,16.2977,170.744,1007.0,6486.0,3.97,1.97,13.1008,332.049344,46.894849,PC
5869,0.88501,1.622,820.279,6.77007,2010.85,1865.0,5362.0,3.75,2.15,9.947331,128.475094,-20.940646,FP
5870,3.4742682,2.577,9883.0,12.8496,517.706,1328.0,6121.0,4.25,1.34,13.2907,332.211802,15.096991,PC
5871,2.6607389,1.538,16613.0,16.2086,315.217,1173.0,6090.2,4.28,1.27,12.4789,347.050009,12.432919,PC
5872,4.9564809,1.617,8884.0,10.077,71.7847,810.0,5511.0,4.46,0.96,13.2516,341.759459,38.391139,PC
5873,4.0938735,4.537,16964.0,20.6029,695.416,1430.0,5489.0,4.04,1.55,12.266,329.69363,22.952813,APC
5874,6.3765906,5.303,4465.0,10.9141,436.742,1273.0,5433.0,3.91,1.8,13.1564,339.176485,34.699434,PC
5875,3.9921399,3.299,9866.0,11.9626,547.02,1347.0,5885.0,4.19,1.38,13.3616,334.444999,15.725631,PC
5876,4.5803096,4.962,6130.0,14.6817,937.58,1541.0,5770.0,3.81,2.1,13.1289,324.679182,38.853986,PC
5877,1.5801759,0.645,6187.0,9.31686,56.4235,763.0,4547.0,4.31,0.98,12.95,352.024332,23.749185,PC
5878,8.3753156,2.687,3994.0,11.1765,251.431,1109.0,6134.6,4.01,1.76,11.351,332.035863,19.506473,PC
5879,13.3562254,7.214,5815.0,8.52588,277.264,1136.0,6122.0,4.3,1.27,12.4814,310.270042,42.217648,PC
5880,4.6616079,4.007,11972.0,19.1536,1329.63,1682.0,7437.0,4.21,1.7,10.3015,133.408689,-40.543701,CP
5881,1.3094686,1.108,18418.0,13.7943,215.564,1067.0,3818.0,4.6,0.66,13.5156,340.992089,22.288893,PC
5882,1.4354814,2.174,698.0,7.06395,2365.6,1942.0,6008.0,3.77,2.27,11.5561,313.319222,48.087011,PC
5883,4.2005957,2.587,4448.0,11.3204,1013.24,1571.0,7803.0,4.26,1.67,12.1566,319.267299,33.138041,FP
5884,3.6720231,3.064,15619.0,14.495,595.319,1376.0,6158.0,4.32,1.23,12.9172,337.28967,20.53513,PC
5885,2.301919,1.614,22440.0,12.3642,129.797,940.0,4654.0,4.51,0.79,12.8213,356.545953,17.020672,PC
5886,1.6029811,0.955,5502.0,11.6345,591.525,1373.0,6049.0,4.13,1.52,11.8355,334.550873,38.578982,PC
5887,12.6885127,1.507,12512.0,16.2893,32.0654,662.0,7710.0,4.37,1.45,12.5126,319.292752,34.91756,APC
5888,0.4916402,0.453,29113.0,11.7778,109.834,901.0,3522.0,4.77,0.46,14.9131,327.043547,23.112359,FP
5889,3.0444485,0.916,30036.0,9.04276,7.01479,453.0,3413.0,4.77,0.47,14.5372,333.894406,16.285392,PC
5890,4.1846077,1.805,10662.0,11.2001,143.488,964.0,5714.9,4.35,1.12,13.2906,341.304467,5.918846,PC
5891,2.8056739,2.299,3350.0,10.5098,365.719,1185.0,5801.0,4.33,1.23369,9.9794,132.873965,-51.328222,PC
5892,40.7401072,2.833,21776.0,14.5988,3.77501,388.0,5081.0,4.48,0.88,12.4261,302.555645,53.578624,PC
5893,5.7415661,1.414,5879.0,11.2346,64.1962,788.0,6051.0,4.19,1.42,12.8566,307.688232,45.279137,PC
5894,1.8478843,2.809,11766.0,18.4423,3803.45,2187.0,7218.8,4.21,1.65,10.9837,336.085732,34.158724,PC
5895,9.9754699,3.465,26035.0,15.8848,60.6571,777.0,5472.0,4.42,1.0,12.7912,351.133548,4.604684,PC
5896,3.6948038,1.203,17237.0,10.2565,22.9867,610.0,4376.0,4.52,0.75,12.6951,341.795489,26.939935,PC
5897,4.3172876,2.178,23720.0,9.68709,29.3516,648.0,3744.0,4.63,0.63,14.2349,327.406693,35.41531,PC
5898,1.8021196,2.407,15426.0,13.3235,1374.91,1696.0,6012.0,4.4,1.1,12.128,325.981963,46.57116,PC
5899,6.7080688,4.67,4622.0,10.6429,498.329,1316.0,6174.0,4.0,1.79,11.5534,329.301045,45.822138,PC
5900,5.0809743,4.08,5709.0,14.7894,884.118,1519.0,6071.2,3.9,1.97,11.9966,340.309424,30.327893,PC
5901,17.9661374,3.791,3183.0,11.3217,90.3305,858.0,6891.0,3.93,2.2,11.5337,306.77037,46.518426,PC
5902,2.42232,2.873,5696.52,10.5098,197.858,1044.0,2838.0,4.33,1.23369,10.251,129.315369,-47.38349,FP
5903,2.709631,3.282,10819.0,14.9972,1041.16,1582.0,5838.0,4.12,1.47,12.1088,336.464302,15.856639,CP
5904,3.7473877,4.812,3898.0,12.686,1322.91,1680.0,5876.0,3.79,2.18,11.0537,349.6554,32.301651,PC
5905,6.1429164,4.475,3871.0,7.50153,592.787,1374.0,6291.9,4.25,1.38,13.0091,292.031505,49.388635,FP
5906,3.8753785,4.275,4016.0,18.0963,380.113,1230.0,4637.0,4.33,2.98,13.0745,309.85366,48.172079,PC
5907,3.5257269,3.457,4435.0,7.44411,819.047,1490.0,5638.1,4.26,1.23,13.2513,336.400015,32.524536,PC
5908,4.1877227,1.891,16840.0,13.6598,118.196,918.0,5543.0,4.39,1.05,12.1384,332.479847,19.828871,PC
5909,9.6422713,2.946,28921.0,12.931,27.248,636.0,4799.0,4.58,0.75,13.3976,325.850355,24.226309,PC
5910,3.89989,1.888,10637.0,14.6814,211.573,1062.0,6076.0,4.2,1.41,12.7145,330.320065,45.496557,PC
5911,5.8878118,1.815,9767.0,12.1166,77.0112,825.0,5925.0,4.41,1.08,12.6685,324.957244,35.683969,PC
5912,19.2445211,5.3,17453.0,20.2585,173.181,1010.0,6203.0,4.32,1.25,13.2368,329.879069,39.046295,PC
5913,7.7614672,4.156,3110.0,7.85756,405.393,1250.0,6515.0,4.25,1.43,10.1277,112.570665,-39.33963,PC
5914,2.7432173,2.595,25316.0,20.2394,682.635,1424.0,6087.0,4.29,1.27,13.0636,331.350863,27.053115,PC
5915,2.7649802,1.659,3575.0,10.4307,1119.71,1611.0,7776.0,4.2,1.78,11.8563,333.847555,46.302271,PC
5916,4.7783263,5.374,5107.0,13.2499,1511.43,1737.0,5622.0,3.84,2.0,12.8026,348.757303,13.665258,PC
5917,8.7311119,4.4,4827.0,11.1752,235.614,1091.0,6047.0,4.03,1.69,12.9591,305.049617,53.962591,PC
5918,3.6153701,2.714,14305.0,13.6892,350.5,1205.0,5516.0,4.32,1.13,11.8836,342.638433,9.443405,PC
5919,6.3720834,1.322,5659.0,12.1724,58.7935,771.0,6390.0,4.19,1.5,12.7875,356.894089,56.070682,PC
5920,1.4252334,1.673,6901.0,10.7664,1265.88,1661.0,6033.0,4.23,1.35,12.4033,355.780987,56.810046,FP
5921,5.5133822,3.601,7833.0,12.462,363.901,1216.0,5785.0,4.13,1.46,13.4144,351.921174,57.397022,PC
5922,4.7061119,3.03,2559.0,4.75935,331.92,1189.0,5660.0,4.44,1.0,12.1075,329.568097,55.805578,PC
5923,5.5867425,2.46,15688.0,13.0389,103.299,888.0,5444.0,4.4,1.02,13.2903,320.802718,53.141253,PC
5924,1.8080364,2.892,1264.0,10.5098,12760.9,2960.0,5354.5,4.33,1.23369,10.1853,114.050732,-48.063487,FP
5925,3.5595352,1.027,3006.0,5.24582,60.7503,777.0,5669.0,4.5,0.94,11.6283,6.756339,29.487271,PC
5926,3.7752321,1.465,7352.0,10.759,96.9264,874.0,5585.0,4.26,1.22,11.4105,337.043134,49.57365,PC
5927,3.563037,1.66,4185.0,7.13684,190.511,1035.0,4490.0,4.43,0.85,12.545,1.612331,37.855275,PC
5928,2.8953095,4.137,5366.0,12.6737,2522.62,1974.0,6526.0,3.97,1.98,12.6449,325.466208,50.502238,PC
5929,8.6738593,2.582,5327.0,12.6434,108.749,899.0,6446.0,4.09,1.72,12.863,354.917734,44.262228,PC
5930,3.1989808,0.785,1860.0,7.20813,133.516,947.0,6442.9,4.18,1.54,10.5489,359.665284,33.820508,PC
5931,3.6119975,4.013,11983.0,10.1678,1057.47,1588.0,5979.0,4.46,1.03,13.4836,334.179666,58.213671,PC
5932,3.7294859,3.315,7112.0,9.77695,553.409,1351.0,5719.9,4.26,1.24,12.5814,13.638808,43.848313,PC
5933,3.6166109,2.711,7012.0,14.0162,1746.66,1801.0,8143.0,4.2,1.85,11.7644,6.521798,49.599174,PC
5934,3.8311803,1.892,1170.0,5.75003,1067.42,1592.0,5366.0,4.5,0.9,10.6336,9.199556,16.097112,PC
5935,5.0987802,0.905,2254.0,3.00392,3.59572,383.0,3633.0,4.80423,0.55,10.2139,142.173446,-12.167165,CP
5936,3.1923193,1.548,5162.0,13.949,206.861,1056.0,6003.0,3.96,1.83,11.6166,22.108031,32.136961,PC
5937,2.9172231,1.243,8434.0,10.5098,63.1506,785.0,4843.0,4.33,1.23369,12.12,356.713162,36.026661,PC
5938,2.8979408,2.932,4503.0,12.4152,2931.18,1185.0,7767.0,4.33,1.97,11.4737,335.852574,55.075529,PC
5939,25.1745344,4.865,2786.0,6.78671,30.5175,654.0,5776.9,4.16,1.41,10.5505,5.599869,24.866985,PC
5940,4.0673088,2.623,10855.0,13.1156,417.756,1259.0,6333.0,4.35,1.24,12.8643,330.888658,50.567867,PC
5941,3.9089363,4.636,7390.0,15.0353,1032.67,1579.0,5800.0,3.91,1.87,13.1349,342.532851,45.253782,PC
5942,13.1471808,4.471,7691.0,9.63171,79.8277,832.0,5670.0,4.3,1.18,12.8939,343.516055,44.912913,PC
5943,9.7712443,3.956,34227.0,15.2558,104.782,891.0,5294.0,4.61,0.79,12.1134,355.540075,31.793315,FP
5944,5.2266285,5.412,6662.0,15.6275,1046.27,1584.0,6205.0,3.91,2.0,11.9806,331.838189,53.519585,PC
5945,0.747693,0.684,3434.0,6.17927,414.266,1256.0,4825.0,4.47,0.86,12.9672,339.463592,45.159958,APC
5946,3.112361,2.437419,6343.20305,18.92299,5401.1187414,2186.4556918,7850.0,4.08695,2.04956,8.1327,134.718341,-43.452796,APC
5947,7.8580085,6.999,4378.0,21.4783,908.368,1529.0,6406.0,3.46,3.5,11.707,331.562453,52.26862,APC
5948,10.3473602,2.365,7695.0,10.117,38.6952,694.0,5672.0,4.33,1.14,12.6474,10.011395,24.379676,PC
5949,3.6444426,3.296,6276.0,19.0899,1872.26,1832.0,5407.0,3.86,1.88,13.0803,349.05622,45.012568,PC
5950,2.3921761,2.792,8040.0,12.2947,1055.22,1587.0,5817.0,4.04,1.63,12.3642,333.73428,48.876577,PC
5951,7.0346299,2.565,3746.0,17.638,533.148,1338.0,8294.0,3.97,2.44,12.4954,318.857399,56.119827,PC
5952,2.0323202,2.786,8896.0,15.3325,5028.16,2345.0,8011.0,4.27,1.68,13.0454,335.039505,51.55615,PC
5953,29.5406035,3.382,13065.0,10.9471,12.4858,523.0,6315.0,4.58,0.94,12.0152,344.620982,57.4528,PC
5954,3.0365848,3.089,8184.0,17.0668,850.609,1504.0,5928.0,3.84,2.06,13.1013,315.223413,54.962464,PC
5955,5.1570194,2.42,16586.0,12.0548,50.6137,743.0,4476.1,4.38,0.89,11.702,5.111293,48.767772,PC
5956,2.4784193,1.687,3910.0,12.5391,493.403,1313.0,6115.0,4.04,1.69,13.2805,345.655117,50.104928,PC
5957,6.4025295,3.9233956,3814.9508945,9.3002413,623.0276834,1274.2263616,7056.0,4.33435,1.4072,8.5615,125.305054,-46.484296,CP
5958,19.6518502,2.525,3125.0,8.79457,27.0742,635.0,6359.0,4.15,1.56,10.7981,331.110391,49.687144,PC
5959,9.8326403,4.827,2767.0,6.80252,229.607,1084.0,5966.4,4.18,1.41,12.5316,26.657289,22.743059,PC
5960,9.4321076,3.852,7052.0,11.0911,223.365,1077.0,6704.0,4.28,1.43,12.0861,4.699535,22.354492,PC
5961,3.8553342,1.895,6624.0,4.94518,41.8646,708.0,3909.0,4.65,0.6,12.6758,355.950598,33.067236,PC
5962,1.5554236,1.916,18149.0,13.1166,711.089,1438.0,5318.0,4.39,1.01,13.2049,341.866559,52.395133,PC
5963,8.555965,1.865,12373.0,5.09342,4.00885,394.0,3376.0,4.79,0.44,13.104,0.485039,35.997774,PC
5964,3.8857292,1.928,6215.0,13.8034,248.774,1106.0,6084.0,3.99,1.79,13.0145,354.340737,47.288669,PC
5965,3.0922512,1.936,44139.0,15.731,64.8463,790.0,3661.0,4.59,0.68,14.3279,14.531835,29.985566,PC
5966,3.3338016,2.902,5100.0,15.1293,2284.74,1926.0,7894.0,4.04,2.17,11.6181,342.040487,48.548498,PC
5967,4.6071277,2.266,17579.0,10.6145,87.2497,851.0,4928.0,4.52,0.82,12.9192,2.417089,28.243677,PC
5968,7.574675,2.729,6725.0,13.3524,327.9,1185.0,6422.0,4.20608,1.49,10.1913,148.720293,-23.332118,FP
5969,4.3518774,3.284,6682.0,12.0164,673.068,1419.0,6496.3,4.15,1.61,12.6848,345.943472,49.366393,PC
5970,24.8366994,4.793,10898.0,8.57154,40.0666,700.0,6334.0,4.63,0.89,12.735,325.354929,61.441916,PC
5971,9.8538051,4.048,14768.0,13.3007,102.929,887.0,5634.0,4.35,1.11,13.0754,4.066146,49.186384,PC
5972,3.7069545,2.38,7766.0,12.7103,517.456,1328.0,6643.0,4.23,1.49,11.1585,358.489622,52.533524,PC
5973,6.6283182,4.344,5378.0,9.65916,273.774,1133.0,5528.0,4.16,1.35,12.8741,5.069168,49.465936,PC
5974,7.8209807,1.183,15145.0,14.2139,43.9112,717.0,5917.0,4.76,0.71,12.8967,4.219134,20.432785,APC
5975,3.3045926,1.322,8637.0,12.7666,145.508,967.0,6102.0,4.22,1.38,11.4715,359.188611,28.610076,APC
5976,4.1533998,3.857,6043.0,15.5058,1266.49,1661.0,6866.0,3.96,2.11,13.2587,332.675965,48.652765,PC
5977,5.7419523,2.08,7850.0,9.81505,82.5797,839.0,5396.0,4.21,1.26,13.3351,355.002821,40.682684,PC
5978,6.0749198,2.728,6328.0,10.0564,146.106,968.0,5643.0,4.13,1.43,12.483,350.434421,54.112156,PC
5979,2.7443216,3.42,10071.0,20.1852,5405.6,2388.0,8730.0,4.19,1.97,9.3371,74.552333,9.997979,CP
5980,1.1797412,3.391,7122.0,11.867,8997.74,2713.0,6393.0,4.16,1.55,12.9847,339.623242,50.524911,PC
5981,3.7812464,2.13,2521.0,4.97462,167.006,1001.0,5209.0,4.4,0.99,12.0227,17.082679,25.652576,PC
5982,5.6020298,1.893,6146.0,11.3612,89.7874,857.0,5750.6,4.14,1.44,11.0999,2.950371,27.442815,FP
5983,3.5653226,1.7,902.0,2.88847,185.407,1028.0,5715.0,4.45,1.0,10.7106,329.089206,54.466274,PC
5984,2.5553078,2.332,12879.0,15.4336,551.23,1349.0,5739.2,4.22,1.3,10.5508,343.553201,52.383764,APC
5985,3.2149937,0.7022664,1438.82974,0.9044272,7.3383538,419.7777463,3106.0,5.00517,0.236457,12.133,88.699253,80.094614,PC
5986,6.7786403,1.8963943,1146.3653641,13.8147158,2865.1981035,1865.9861388,7665.0,3.86,2.5943999,7.7085,356.621626,81.378061,PC
5987,24.0916341,5.7319566,642.5489985,4.0684282,118.3413414,841.2089244,6675.0,4.24,1.49435,9.62005,323.582256,72.757634,PC
5988,3.8528933,2.2041562,8132.2415444,18.8912058,974.4816829,1424.9944393,6306.0,4.267,1.35595,12.7841,342.410629,46.349983,PC
5989,1092.002299,5.604929,1689.5997267,3.1384101,0.0742263,133.1248776,4813.0,4.57884,0.751037,9.0449,101.492034,66.890644,PC
5990,15.5739143,2.4269262,779.9193691,2.5864246,21.461443,548.952136,4813.0,4.57884,0.751037,9.0449,101.492034,66.890644,PC
5991,4.786958,4.936,8390.0,18.0112,2320.18,1933.0,7668.6,4.13,1.91,9.6129,130.505638,3.710566,CP
5992,1076.6094165,6.7803831,626.6130191,2.7512261,0.2824759,185.93669,5848.0,4.38886,1.08752,9.51477,357.351836,36.900456,PC
5993,25.5229527,1.0444992,1179.7013925,0.9427688,1.901724,299.5067535,3376.0,4.9613,0.269427,10.1769,3.957914,13.557617,CP
5994,2.1077445,1.779,33127.0,12.0414,95.8765,871.0,3954.0,4.61,0.65,13.7607,171.596707,28.058028,PC
5995,9.2347348,0.9619972,354.6074958,1.3883495,112.6755159,830.9542977,4902.0,4.59853,0.744485,11.6807,253.697283,60.702797,PC
5996,1.5361137,1.1370302,543.7767369,2.4339573,876.5741465,1387.7681435,5317.0,4.50528,0.885814,10.4564,14.322777,37.02898,PC
5997,0.2381823,0.4763536,493.9763957,0.9617386,588.9943508,1256.4567156,3423.0,4.85554,0.369077,10.4458,331.503161,39.298828,PC
5998,7.9945503,4.7645363,484.9830269,3.4801634,311.9071042,1071.8303891,6088.0,4.27,1.30233,10.2602,359.933006,77.803731,PC
5999,6.5452014,4.1931124,356.0286213,2.5553163,462.9139946,1183.0274647,6353.0,4.29887,1.31864,10.6713,293.323467,76.921694,PC
6000,0.5570869,0.9916975,995.2172114,1.2151478,189.5973427,946.4067108,3392.0,4.84507,0.380156,12.0398,13.085379,20.938876,PC
6001,3.2376482,2.038,698.0,5.6488,2947.16,2052.0,10023.0,4.17,2.19,10.2279,140.115658,-51.660455,PC
6002,4.4010465,4.757,6903.0,19.7441,3731.9,2177.0,8489.0,4.03,2.32,9.50712,108.123114,-24.95356,CP
6003,2.3898191,2.766,210.0,2.32849,3762.79,2181.0,7707.0,4.11,1.96,7.11719,140.595793,-6.060635,PC
6004,5.4920894,2.934,3962.0,8.83359,265.101,1124.0,6090.0,4.12,1.53,10.4441,132.055241,-39.686292,PC
6005,1.4945947,2.71,280.0,2.79068,21608.7,3377.0,9532.0,4.34,1.75,9.9551,129.158047,-36.523174,PC
6006,3.0178746,2.679,193.0,0.930891,303.499,1162.0,4717.0,4.61,0.71,9.1348,139.199747,-49.300844,PC
6007,5.6928845,4.261,291.0,3.80626,908.509,1529.0,6610.0,3.79,2.47,10.1972,111.523899,-52.4632,PC
6008,5.7935723,3.395,133.0,1.50725,444.131,1278.0,6387.1,4.27,1.37,7.4829,151.627588,3.474358,PC
6009,4.1793325,3.012,102.0,1.20236,697.716,1431.0,6387.1,4.27,1.37,7.4829,151.627588,3.474358,PC
6010,2.7895524,1.969,262.0,0.986147,376.853,1227.0,5039.0,4.62,0.74,8.5953,155.597851,-28.847487,PC
6011,733.9910938,4.719,1675.0,4.8141,31.6587,660.0,5699.6,4.24,1.27,9.19706,142.17927,-14.686449,PC
6012,2.8959153,1.7993552,7042.9351957,13.8781874,1511.7126877,1590.3293135,6249.0,4.22232,1.4101501,12.2659,156.121019,-23.004169,PC
6013,4.3744614,3.0484494,3270.9828556,6.4637765,419.4378829,1154.2148636,5677.0,4.34735,1.11563,11.8134,154.271062,-25.276298,KP
6014,1.13889,2.154,5368.19,22.4869,16504.7,3157.0,7852.8,4.08,2.79,10.0267,81.92358,7.918525,FP
6015,4.228362,4.4126226,8588.7876132,14.7143973,1012.4773418,1438.6861999,6001.0,4.09439,1.56496,12.8122,155.032187,-29.276109,PC
6016,1.6041616,2.5089905,19168.72069,13.8626063,1388.9668139,1557.0147147,5780.0,4.438,1.0,13.7025,122.413793,-37.371099,PC
6017,2.5141406,2.5419014,3574.8850313,17.7772903,3909.7422133,2016.7718944,6880.0,4.08875,1.82496,10.7852,149.91844,-6.906064,APC
6018,3.052057,3.4817792,9403.0926011,13.6453428,1077.3440583,1461.1955966,5726.0,4.16246,1.38708,13.9069,180.546219,-35.548609,KP
6019,1.1109053,1.9180372,2084.1052821,12.0880982,17057.3557355,2914.725606,6498.6,3.67,2.3323801,10.4819,164.76388,-60.082938,PC
6020,6.2462252,4.2508361,13270.5292659,13.4614756,339.10135,1094.4656337,6132.0,4.38741,1.1417201,11.6337,164.34914,-29.997123,CP
6021,6.207472,1.5587404,230.9041397,0.9558514,45.9200706,663.9270852,4633.87,4.70763,0.630715,6.7213,175.256304,-44.404149,PC
6022,4.4653471,1.5691486,186.7606727,0.8856846,71.2440519,740.9807105,4633.87,4.70763,0.630715,6.7213,175.256304,-44.404149,PC
6023,7.8708661,1.6355898,190.7947353,1.0314874,33.4599699,613.4104018,4633.87,4.70763,0.630715,6.7213,175.256304,-44.404149,PC
6024,3.3733506,2.876864,16006.2646899,14.4530162,582.4111152,1252.9310248,5704.0,4.36494,1.09866,11.9905,150.46383,-55.660373,PC
6025,7.5337657,5.5843836,4697.1753086,10.611119,422.1623374,1156.0846131,5869.0,4.09453,1.52905,11.6634,176.249942,-35.640563,KP
6026,5.1681189,3.736,1759.0,13.3663,1947.87,1850.0,8254.0,3.67,3.44,10.3879,168.212865,-58.942432,FP
6027,3.4076,3.69,7500.0,12.1343,1052.9,1586.0,6174.0,4.23,1.38,9.65646,99.263061,1.76755,CP
6028,15.9865424,1.346,2436.0,6.25995,8.96921,482.0,6429.0,4.34,1.28,9.927,145.174365,-66.65449,PC
6029,1.0542548,1.271,423.0,2.77385,4181.02,2240.0,4160.1,4.37,0.87,9.9542,172.378524,-40.609425,PC
6030,12.4751631,3.937,236.0,1.56473,172.89,1010.0,6055.0,4.41,1.09,9.1848,47.031443,-70.110459,PC
6031,51.6708185,3.449,4697.0,12.8776,7.89484,466.0,7115.0,4.07,1.91,9.3478,143.84218,-65.216181,PC
6032,3.4475935,1.731,320.0,0.830466,31.3617,659.0,3548.0,4.77,0.47,9.72334,150.350107,-38.841039,PC
6033,6.8581311,5.186,2790.0,10.9703,753.001,1459.0,6605.0,3.92,2.12,10.6006,24.21772,51.631573,PC
6034,5.6289226,9.272,1850.0,8.93102,4560.18,2289.0,6683.0,3.72,2.72,12.4721,346.44125,72.410554,FP
6035,1.640758,1.326,2129.0,8.61251,747.202,1456.0,6262.0,4.16,1.52,12.6502,37.963775,28.96601,PC
6036,18.0370154,2.356,8355.0,7.85944,9.70594,491.0,5400.0,4.55,0.85,12.383,10.159796,52.654408,PC
6037,3.7077543,2.662,9913.0,11.5364,317.476,1175.0,5620.2,4.4,1.04,13.2644,32.619714,43.97503,PC
6038,8.7179608,6.3341771,2517.6392408,12.4769155,2974.9055306,1883.5972353,9165.0,4.05,2.38236,8.69437,95.827908,0.883347,CP
6039,17.6037996,3.574,882.0,2.74615,23.7402,614.0,5265.0,4.43,0.96,10.6382,327.341524,67.029549,PC
6040,5.2556421,3.434,4390.0,15.1084,191.054,1035.0,5061.0,4.33,2.26,13.0735,56.31536,32.136803,PC
6041,0.8236066,1.71,1090.0,5.5335,4901.54,2331.0,6202.0,4.06,1.69,11.627,44.089561,43.092213,PC
6042,13.3673993,3.63,10278.0,9.61997,25.0292,623.0,4831.0,4.4,0.93,13.1745,48.022366,28.46468,PC
6043,405.0756576,5.339,15337.0,9.31573,0.0601025,137.0,4831.0,4.4,0.93,13.1745,48.022366,28.46468,PC
6044,9.288704,3.019,14044.0,9.62284,34.2291,673.0,4753.0,4.57,0.75,12.4533,345.824668,60.311149,PC
6045,1106.220834,3.759,6252.0,14.786,0.0333828,119.0,6199.0,4.07,1.67,11.4381,52.225799,46.443043,PC
6046,4.2234273,4.384,7945.0,14.4033,1446.04,1717.0,6696.0,4.04,1.88,12.7859,28.291856,60.223815,PC
6047,4.2771464,3.867,6104.0,13.316,1149.87,1622.0,6707.0,4.03,1.91,12.0782,20.561956,56.778196,PC
6048,2.8577028,2.264,2695.0,7.78724,771.67,1468.0,6240.0,4.2,1.45,12.4487,12.471055,60.946038,FP
6049,4.7089027,0.942,2426.0,6.86414,18.4286,577.0,4351.7,4.41,0.85,10.9907,28.003018,50.920939,PC
6050,4.9093943,4.126976,12846.8487139,20.0869582,1605.5796873,1614.4615854,7210.5,4.11,1.69733,9.84786,90.916011,-19.04084,APC
6051,2.8976822,1.973,7602.0,20.1303,731.624,1448.0,7006.0,4.01,2.03,13.1987,354.657826,60.267245,PC
6052,7.1436336,5.668,5205.0,11.4874,837.098,1498.0,6604.0,4.01,1.92,12.8355,22.406592,46.759351,PC
6053,2.8465714,1.419,16671.0,12.8225,100.235,881.0,4802.0,4.5,0.83,13.2402,47.27712,37.076087,PC
6054,9.4852479,2.713,32417.0,12.3024,9.45481,488.0,3848.0,4.63,0.63,12.9386,46.78065,40.147174,PC
6055,3.645356,4.787,4942.0,12.1687,1002.22,1567.0,5421.0,3.95,1.7,12.9385,34.397563,36.837055,PC
6056,6.6245939,2.751,3526.0,8.74267,142.438,962.0,5874.0,4.24,1.29,12.8245,8.097282,54.21074,PC
6057,3.662222,4.253,4017.0,13.3765,1055.67,1588.0,5826.0,3.82,2.08,12.3693,14.39173,56.978183,PC
6058,2.4589458,1.553,31394.0,12.6341,46.8448,728.0,3810.0,4.63,0.62,14.6617,36.45054,42.154578,PC
6059,1.7555108,1.355,13415.0,10.7893,117.332,916.0,4249.0,4.48,0.78,13.3683,36.235853,52.415794,PC
6060,28.8005547,3.773,7292.0,12.6164,17.1246,566.0,6051.0,4.18,1.44,12.6134,329.700784,63.055112,PC
6061,2.5950747,0.7921274,665.2502774,5.9382555,5582.8100399,2204.616037,6852.0,3.91,2.24201,8.783341,105.945472,-30.726357,FP
6062,3.3528597,2.08,1762.0,3.27543,81.3622,836.0,3896.8,4.51,0.71,11.8443,37.761117,25.41329,PC
6063,6.2808216,3.366,7787.0,10.0476,186.513,1029.0,5602.0,4.31,1.15,12.9697,16.048838,60.302633,PC
6064,16.8498547,3.778,3933.0,15.5178,128.166,937.0,7823.0,4.05,2.14,12.1827,357.612316,65.815495,PC
6065,4.9570983,6.687,4860.0,15.9349,5671.62,2417.0,8120.6,3.9,2.62,13.4257,46.504292,47.461389,PC
6066,3.1777383,3.922,8754.0,19.2706,2620.94,1993.0,7233.0,4.02,2.06,13.3085,355.682379,62.468362,PC
6067,4.4532909,6.572,2866.0,13.8211,1510.03,1736.0,5613.0,3.49,2.97,12.0193,6.18687,58.468546,PC
6068,3.0057526,3.594,12169.0,17.9698,2928.62,2049.0,7581.0,4.2,1.74,12.6927,25.177088,61.00972,PC
6069,4.244335,1.969,18385.0,7.13409,19.463,585.0,3518.0,4.74,0.5,14.1332,26.193227,34.244089,PC
6070,5.8310296,0.682,2116.0,7.23053,10.4888,501.0,5617.5,4.48,0.95,10.8357,34.270304,44.586989,PC
6071,3.2964006,3.959,5999.0,16.9987,1080.06,1597.0,5883.0,3.83,2.09,11.5706,34.500986,62.763401,PC
6072,1.5521101,2.699,5430.0,208.489,5297.55,2376.0,4997.1,2.36,12.23,10.3357,113.454773,-61.292453,FP
6073,3.6360128,4.088,14704.0,18.9197,1204.47,1641.0,6358.0,4.19,1.49,13.022,15.527657,46.387227,PC
6074,2.9086778,2.887,10323.0,12.2888,536.747,1340.0,5401.0,4.27,1.18,13.0057,40.539435,53.555802,PC
6075,4.2807899,3.9,5943.0,11.9706,865.407,1511.0,6274.0,4.09,1.65,12.8545,351.297539,60.094591,PC
6076,4.071096,2.988,5872.0,13.9361,456.955,1288.0,6008.0,4.03,1.68,12.6167,32.555,32.983439,PC
6077,0.2792211,0.409,779.0,1.05678,284.211,1143.0,3358.0,4.93,0.3,10.97,330.844543,67.498677,PC
6078,3.7307609,1.587,12648.0,6.78569,87.4596,851.0,5273.1,4.96,0.52,13.3415,53.673187,37.694688,PC
6079,2.3556749,3.351,9377.0,16.7502,2508.24,1971.0,6708.0,4.1,1.75,12.1684,14.976875,49.034174,PC
6080,10.4612769,3.208,9238.0,9.72119,43.6657,716.0,5208.2,4.5,0.88,12.6978,20.689977,43.994453,PC
6081,16.672227,2.703,3851.0,11.748,43.5589,715.0,7025.0,4.18,1.68,11.0888,38.399932,49.169461,PC
6082,15.2334037,1.947,3624.0,13.7686,12.2874,521.0,5675.0,4.1,1.48,12.6447,8.484783,60.084331,PC
6083,4.503645,1.973292,12525.725237,11.197034,35.7949977,623.8430401,3267.0,4.438,1.0,13.9036,134.088088,-12.934871,FP
6084,6.8498533,1.525,33133.0,10.4676,3.94674,392.0,3522.0,4.76,0.48,13.7853,22.167982,53.686078,PC
6085,5.4454541,3.41,5731.0,7.92255,289.299,1148.0,5684.0,4.4,1.05,13.228,27.889954,43.666558,PC
6086,1.6630135,3.133,5964.0,16.7474,4598.31,2294.0,6690.3,3.97,2.04,13.3773,54.977131,34.459515,PC
6087,2.7205913,2.321,905.0,3.02214,668.663,1416.0,5784.6,4.49,0.96,11.5517,33.346292,26.544538,PC
6088,3.8363055,7.175,3861.0,18.8534,9673.97,2762.0,5982.0,3.65,2.6,11.4808,33.870091,35.357237,PC
6089,4.7924038,6.012,2562.0,11.263,1688.16,1785.0,6176.0,3.63,2.75,12.0066,5.886949,67.775723,PC
6090,39.810528,3.576,3102.0,12.8908,43.1032,713.0,8796.0,4.04,2.34,11.5821,3.403959,56.184657,PC
6091,6.8793455,1.299,16480.0,9.84834,7.99212,468.0,3993.0,4.58,0.69,13.4209,30.509108,37.891483,PC
6092,1.4491171,1.051,23384.0,10.794,48.8379,736.0,3581.0,4.65,0.6,14.2955,45.959667,40.324556,PC
6093,2.5938771,2.706,974.0,4.93408,1208.93,1642.0,6110.0,4.12,1.55,10.8179,19.790736,59.099961,PC
6094,0.49359,1.545897,246.702105,1.733849,7238.7191072,2352.530056,5872.0,4.43995,1.02918,9.1299,151.55755,3.946493,FA
6095,8.2686298,4.906,3650.0,15.9425,359.275,1212.0,6275.0,3.77,2.38,12.2164,340.83699,70.336784,PC
6096,2.7182588,1.682,12333.0,20.77,402.801,1248.0,6433.0,4.15,1.59,13.2013,12.644164,61.046232,PC
6097,9.3568116,1.117,28673.0,13.6687,8.92217,481.0,5866.0,4.89,0.61,12.7058,33.348951,36.521995,PC
6098,14.5877856,3.517,3374.0,10.1617,82.7417,840.0,6544.0,4.13,1.66,12.0913,322.717404,68.495293,FP
6099,3.5297965,3.283,11120.0,15.5125,625.677,1393.0,5846.0,4.12,1.48,13.0366,23.775141,47.751006,PC
6100,6.2378654,3.174,1802.0,4.55893,149.586,974.0,5301.0,4.41,0.99,11.6424,21.908515,51.710954,PC
6101,6.3111727,3.039,14495.0,14.8439,130.71,941.0,5531.0,4.31,1.14,13.4352,62.78581,56.194956,PC
6102,3.9332583,4.438,5042.0,14.1242,1666.08,1779.0,6699.9,4.04,1.89,11.2367,61.169664,34.186114,PC
6103,3.6894234,2.085,5484.0,16.5011,246.061,1103.0,5776.0,4.03,1.63,13.3256,82.298002,57.656327,PC
6104,2.7934699,2.8,2479.0,5.70537,746.786,1456.0,5635.0,4.27,1.21,12.2124,66.202403,53.128211,PC
6105,0.493379,1.5,194.341058,1.503946,7066.3432823,2338.3980084,5914.0,4.46485,1.00635,8.1075,146.72453,-4.29824,FA
6106,2.4766677,2.457,9727.0,11.4749,1029.38,1578.0,6197.6,4.4,1.14,13.3199,61.411126,50.053394,PC
6107,6.7510278,4.011,6350.0,13.8093,149.336,973.0,5024.0,4.33,1.67,12.982,56.411132,63.964967,PC
6108,7.4562671,1.682,3106.0,6.40887,55.5163,760.0,5822.0,4.51,0.95,11.0529,61.460788,64.254302,PC
6109,2.5048108,3.434,6195.0,12.5335,1701.78,1789.0,6080.0,4.07,1.62,12.5755,63.193935,46.761464,PC
6110,18.7541398,3.925,6338.0,11.641,59.4985,773.0,6681.2,4.31,1.37,12.0763,78.043429,53.706778,PC
6111,1.0617107,1.067,2369.0,5.85456,916.847,1533.0,5589.0,4.38,1.06,11.8275,79.724105,47.54723,PC
6112,3.7799201,3.493,16559.0,16.2502,674.743,1419.0,6121.6,4.38,1.14,11.8848,67.605011,56.394465,PC
6113,5.1941869,1.581,5955.0,10.8037,85.2496,846.0,6085.6,4.43,1.08,13.2012,77.588903,39.673657,PC
6114,5.3802465,3.538,3829.0,13.5242,538.751,1342.0,6476.4,3.97,1.98,12.566,62.800827,43.600898,PC
6115,2.4398136,3.751,4363.0,11.128,7439.71,2587.0,8184.6,4.29,1.67,13.0074,63.165074,50.15895,PC
6116,0.417921,1.843947,41644.893112,5.657227,159.3798634,906.2084598,3278.0,4.97806,0.275,14.7034,123.885413,-31.556521,FP
6117,1.9765848,1.347,3430.0,8.95604,674.183,1419.0,6799.0,4.41,1.25,11.6033,59.368818,64.321242,PC
6118,5.9419732,2.361,21804.0,12.3895,67.643,798.0,5206.0,4.56,0.81,13.4852,71.453407,57.272036,PC
6119,6.0602101,3.036,8917.0,11.0384,252.333,1110.0,6252.0,4.35,1.22,13.3133,77.761817,62.67788,PC
6120,6.583694,4.635,4902.0,19.1169,611.047,1385.0,6600.9,3.8,2.45,11.6603,86.155099,50.377688,PC
6121,25.8866192,3.737,13915.0,11.2641,14.5766,544.0,5326.0,4.6,0.8,13.2114,2.732086,78.899729,PC
6122,3.0496565,3.455,6761.0,13.7764,817.877,1489.0,5568.0,4.08,1.5,13.4756,67.575991,48.320207,PC
6123,18.893475,3.457,6252.0,10.5098,2296.08,1185.0,13896.0,4.33,1.23369,10.9113,53.29481,61.342927,PC
6124,2.1653281,2.732,18747.0,7.31275,146.971,970.0,3510.0,4.71,0.54,14.4594,75.559559,48.741856,PC
6125,1.6197991,0.95,31095.0,11.4253,31.7825,661.0,3192.0,4.92,0.31,14.5853,86.975303,41.942327,PC
6126,13.2329062,6.245,3001.0,7.5049,295.457,1155.0,6461.3,4.11,1.67,11.4974,69.250535,49.614861,PC
6127,2.8579169,3.818,529.0,10.5098,643.0972992,1284.3663569,5637.0,4.52053,1.23369,8.9454,120.787418,-38.74201,PC
6128,2.9124991,4.175,7343.0,16.4233,1711.93,1792.0,6051.0,3.94,1.89,12.0907,46.542182,57.075669,PC
6129,1.8597817,1.156,5579.0,13.3278,260.966,1119.0,5751.0,4.19,1.35,12.0402,52.613744,61.635772,PC
6130,6.5587386,2.196,1396.0,2.56709,30.3163,653.0,4337.0,4.63,0.66,11.3035,84.480806,35.294717,PC
6131,4.9613647,4.318,6047.0,14.2376,916.634,1532.0,6592.0,4.1,1.72,12.5799,82.782624,60.386769,PC
6132,4.5944948,3.482,10846.0,14.2928,424.183,1264.0,5890.0,4.24,1.3,12.7022,13.872298,73.464164,PC
6133,3.0679061,2.645,7144.0,15.0074,921.092,1534.0,6632.0,4.12,1.7,13.1429,43.041829,63.639521,PC
6134,4.7185893,5.576,3868.0,12.5103,1274.32,1664.0,6039.7,3.86,2.06,12.7346,68.709655,55.889117,PC
6135,1.6513066,0.82,1751.0,9.54979,231.366,1086.0,5887.6,4.13,1.47,12.2059,77.869302,37.923226,FP
6136,12.9589981,3.683,16753.0,11.9733,60.044,775.0,5925.0,4.52,0.94,13.4948,45.819803,59.308616,PC
6137,1.5057127,0.244,5373.0,12.1483,9.00759,482.0,4335.0,4.65,0.64,12.8552,71.496006,57.313785,PC
6138,0.493826,1.162615,310.570859,1.940277,8648.339203,2459.534554,6030.0,4.41585,1.08524,8.9225,147.86736,-4.123323,FA
6139,5.1404883,1.988,2896.0,5.66149,76.7777,824.0,5155.0,4.44,0.93,11.8123,48.459307,65.26786,PC
6140,8.9270275,2.409,2360.0,4.54883,56.8769,765.0,5492.0,4.56,0.85,10.7233,85.719553,44.670005,PC
6141,35.3712924,1.907,4376.0,13.0539,3.89814,391.0,6702.0,4.35,1.32,12.6924,78.499921,33.283238,PC
6142,1.7904917,1.223,47315.0,11.4109,31.6712,660.0,3425.0,4.78,0.46,14.4506,60.424695,60.891368,PC
6143,2.4810218,1.541,24673.0,8.87122,43.5124,715.0,3691.0,4.65,0.6,14.394,102.684596,40.872865,PC
6144,2.8895991,3.647,13586.0,18.732,1619.54,1767.0,6451.9,4.19,1.51,13.4358,105.777773,39.551429,PC
6145,6.2663565,1.359,5720.0,12.2751,52.4199,749.0,6316.0,4.36,1.22,13.0817,85.392323,79.503765,PC
6146,1.1669652,0.562,28171.0,12.7459,21.7929,601.0,3452.0,4.76,0.48,14.9787,256.321784,64.930099,PC
6147,1.3940614,0.925,9143.0,20.0134,591.468,1373.0,5402.0,4.43,0.98,13.3476,122.978937,38.346134,PC
6148,15.8034785,1.648,7000.0,14.6849,12.8934,527.0,6039.2,4.14,1.49,12.7613,113.185675,33.556826,PC
6149,2.819817,6.611278,183631.033642,22.75573,31.848458,605.8873038,3601.0,4.81887,0.441,15.2474,124.250133,-47.651954,FP
6150,5.2434358,2.19,8157.0,15.7628,164.202,997.0,6174.0,4.24,1.37,13.032,108.713692,51.045549,PC
6151,5.01345,3.437,7627.0,9.1986,278.509,1138.0,5505.9,4.36,1.07,12.9713,97.09113,35.741333,PC
6152,6.9603975,3.734,6218.0,11.906,302.518,1161.0,5837.0,4.2,1.36,12.7094,105.523795,65.286684,PC
6153,9.5315703,2.695,1095.0,2.62547,39.0679,696.0,5022.0,4.59,0.77,11.7801,141.243692,68.788313,PC
6154,13.026976,5.16,10320.0,16.5308,110.559,903.0,5817.2,4.13,1.46,12.5085,99.132997,40.369807,PC
6155,2.8140328,4.309,5247.0,12.904,5118.7,2356.0,7487.8,3.98,2.22,11.475,103.802923,45.324206,PC
6156,8.2100724,1.37,4190.0,15.5396,105.793,893.0,6427.0,3.97,1.96,11.8431,122.519401,63.826237,FP
6157,1.6707289,0.707,2758.0,17.2506,289.366,1149.0,5041.0,4.43,0.93,13.1766,280.06484,58.987508,PC
6158,3.0043128,0.714,6000.0,12.1874,61.8402,781.0,6405.0,4.41,1.17,12.1953,96.518294,39.794575,FP
6159,12.6427441,7.917,7747.0,10.8159,269.47,1128.0,5605.0,3.94,1.76,13.1843,110.774836,65.472407,PC
6160,5.0037754,3.6527902,6895.1086783,19.9303659,1720.77249,1642.6710872,6442.0,3.91,2.0878501,10.0367,99.734594,-36.64613,CP
6161,5.0358501,6.391,3956.0,15.0966,3403.81,2127.0,7455.0,3.85,2.57,12.349,123.192189,-4.247711,PC
6162,3.0199448,2.129,11319.0,10.5098,365.719,1185.0,5801.0,4.33,1.23369,12.6839,117.623101,-33.508259,PC
6163,3.4053234,1.794,4804.0,12.264,696.43,1431.0,6111.0,4.26,1.32,12.23,127.162836,2.71044,PC
6164,742.682809,5.052,11798.0,9.50064,0.0343651,119.0,5931.0,4.49,0.98,12.9298,115.527073,-13.460841,PC
6165,3.7442969,1.378,6943.0,8.95062,58.7809,771.0,5114.0,4.45,0.92,12.4628,117.137486,-22.469651,PC
6166,6.7392054,0.839,5180.0,8.73795,4.48575,405.0,4557.0,4.52,0.77,12.2657,119.257496,-20.463623,PC
6167,2.2314165,1.255,17612.0,11.7385,106.977,895.0,4956.1,4.59,0.75,13.0461,127.890276,-0.535341,PC
6168,8.9913818,6.905,3320.0,10.912,467.293,1295.0,5863.0,3.92,1.88,12.1158,107.848439,-33.070587,PC
6169,8.0924283,2.047,21701.0,11.0971,8.0575,469.0,3821.0,4.58,0.69,13.9983,120.576416,2.504711,PC
6170,1.5304279,2.951,9499.0,19.1928,4037.72,2220.0,6476.0,4.09,1.72,12.2411,106.450137,-35.256137,PC
6171,1.8934942,1.2481319,859.967259,3.2236429,1103.9907946,1470.1481868,5646.0,4.4,1.04432,9.90377,101.0717,-23.819187,APC
6172,5.1491091,4.667,8719.0,12.8079,1104.38,1606.0,6648.0,4.25,1.46,12.6159,119.337294,-18.758919,PC
6173,8.2165446,3.438,5304.0,7.33005,172.843,1010.0,6114.0,4.43,1.09,13.075,110.275132,-26.799545,PC
6174,3.9802888,1.382,4073.0,11.6985,106.678,895.0,5991.0,4.12,1.52,13.1167,121.488687,-18.383274,PC
6175,10.8310228,1.516,7728.0,11.3849,12.0417,518.0,5524.8,4.44,0.98,12.9494,122.54919,-6.802751,PC
6176,17.7607727,4.474,1391.0,4.52589,71.0596,808.0,6180.8,4.28,1.31,10.3377,127.289101,-2.11667,PC
6177,20.8380576,3.561,10875.0,10.4977,37.6029,689.0,6165.0,4.48,1.03,13.4164,104.75678,-36.361061,PC
6178,8.2330943,3.172,29859.0,10.5098,365.719,1185.0,5801.0,4.33,1.23369,13.097,110.165271,-27.661236,PC
6179,3.3458255,3.821,6065.0,14.8231,1120.52,1611.0,6089.0,4.01,1.75,11.7024,115.848264,-8.523214,PC
6180,4.6478092,3.454,9297.0,11.76,312.405,1171.0,5510.0,4.28,1.19,12.5598,118.004125,-11.412431,PC
6181,4.160454,2.572,10349.0,10.705,315.01,1173.0,5963.0,4.34,1.16,12.9149,126.602788,-23.890808,PC
6182,2.2785094,2.0371051,1678.4895299,12.474139,17338.2105076,2926.6501986,8550.0,3.93,2.62521,9.4247,104.055775,-20.052499,PC
6183,6.9615164,2.403,6492.0,10.6573,106.619,895.0,5994.0,4.2,1.37,12.4877,125.544304,-19.124285,PC
6184,3.750778,3.127,13942.0,17.4249,903.749,1527.0,6751.0,4.22,1.54,13.2808,111.153147,-25.071762,PC
6185,3.7521603,2.1,5473.0,9.01204,262.822,1121.0,5917.0,4.32,1.19,12.6968,116.266841,-22.178797,PC
6186,1.364829,1.25,4664.0,15.8394,957.887,1549.0,6392.0,4.01,1.85,13.3579,117.257761,-19.23198,PC
6187,2.0396825,2.473,4429.0,7.50494,2000.39,1863.0,6559.0,4.4,1.22,13.2535,108.199941,-32.520061,PC
6188,12.1422411,3.453,4584.0,11.7961,110.449,903.0,6716.0,4.07,1.83,11.9634,111.502316,-25.491586,PC
6189,3.8801586,3.656,8142.0,12.7189,983.22,1560.0,6371.0,4.23,1.43,13.1896,118.60995,-19.656981,PC
6190,18.372561,4.807,4311.0,8.40725,56.6794,764.0,5822.0,4.09,1.53,12.4642,109.442564,-40.886052,PC
6191,1.6763835,1.509,13272.0,17.7371,760.788,1463.0,6087.0,4.13,1.52,13.1815,93.990574,-52.480213,PC
6192,2.4257176,2.581,1855.0,8.37058,1677.9,1783.0,6658.0,4.05,1.85,12.3056,113.673153,-19.367018,PC
6193,9.653456,4.00937,43088.5649,7.281973,3.1265702,339.1460758,3359.0,4.93457,0.315,13.7006,120.69393,-23.696727,FP
6194,3.6024986,2.055,20792.0,9.87637,47.7872,732.0,3967.0,4.59,0.67,14.329,112.169668,-14.991169,PC
6195,3.5423487,1.35,3496.0,8.42588,151.261,977.0,6195.0,4.39,1.15,13.1583,118.138621,-12.108254,PC
6196,3.356169,1.434,7442.0,11.0376,144.158,965.0,5941.0,4.41,1.08,12.7819,117.89849,-21.388003,PC
6197,741.9398361,3.178,4365.0,9.70279,0.0147618,97.0,5589.0,3.99,1.68,11.3461,118.827577,4.77938,PC
6198,2.7775786,1.9,4270.0,4.50048,79.8073,832.0,3982.0,4.6,0.66,12.2757,117.328732,-11.242347,PC
6199,6.1161423,1.424,3588.0,6.70408,53.9292,754.0,5858.0,4.23,1.31,11.0464,111.563656,-44.595121,PC
6200,6.1879019,2.432,9168.0,12.4998,118.339,918.0,5925.5,4.33,1.17,12.6738,128.387144,1.706901,PC
6201,8.31001,7.754,5667.0,18.2639,1097.56,1603.0,6649.0,3.79,2.48,11.6147,112.07656,-23.270042,PC
6202,16.1268294,2.019,974.0,2.9287,7.15343,455.0,4833.0,4.56,0.77,10.4099,120.784102,-12.39842,PC
6203,2.9896663,2.168,13951.0,19.5222,640.322,1401.0,6689.6,4.15,1.67,12.2879,118.154066,-4.335076,APC
6204,1.9271328,4.5530077,585.8978628,2.3659,1087.6116431,1464.6646895,5952.0,4.33,1.25,10.194,104.922683,-24.883877,FP
6205,3.8190051,1.199,1907.0,10.8225,193.673,1039.0,6379.0,4.13,1.61,11.5876,121.017966,-17.459226,PC
6206,4.5579065,2.621,15309.0,11.1283,116.63,915.0,4977.0,4.54,0.81,12.5605,122.322337,-16.737405,PC
6207,2.8279716,2.237,14846.0,18.5153,1118.3,1611.0,6707.0,4.1,1.48,11.1007,107.833335,-35.850518,PC
6208,9.9872075,2.861,2884.0,10.2877,105.868,893.0,6453.0,4.07,1.75,11.8052,114.904386,-25.465447,PC
6209,12.2925281,5.394,10299.0,14.0235,160.207,991.0,6019.0,4.14,1.49,13.3362,107.032361,-30.595669,PC
6210,26.3926606,1.812,3447.0,8.33825,2.97563,365.0,5543.0,4.44,0.99,12.2099,136.007911,8.73414,PC
6211,4.2240015,1.605,35494.0,11.5236,15.196,550.0,3724.0,4.66,0.59,14.1224,117.693204,-2.077809,PC
6212,0.6646521,1.272,7197.0,9.44803,3611.53,2159.0,6256.0,4.55,0.97,13.346,133.25514,-13.050699,PC
6213,14.8442674,2.748,7245.0,7.05099,28.1152,641.0,5920.0,4.51,0.96,12.3239,110.170411,-33.922329,PC
6214,2.4404127,1.354,67496.0,12.1385,19.4163,584.0,3356.0,4.78,0.45,14.9728,125.930455,-5.189496,PC
6215,1.84051,4.642,2577.82,13.9166,4390.21,2267.0,5710.5,3.6,2.49,10.4091,106.767434,-36.770799,FP
6216,3.6092665,2.376,6975.0,6.6756,153.851,981.0,4823.0,4.53,0.79,12.9007,134.608621,-6.313801,PC
6217,5.495078,2.962,5504.0,10.0782,469.613,1296.0,6852.0,4.26,1.5,13.3935,117.624526,-31.73015,PC
6218,5.2477739,3.138,6694.0,8.53362,239.402,1095.0,5647.0,4.36,1.1,12.8743,114.324959,-11.73732,PC
6219,6.8688474,5.418,4404.0,12.8155,854.65,1506.0,6621.0,3.99,1.98,13.0537,109.27399,-24.136717,PC
6220,22.5012924,4.055,3758.0,5.01721,22.423,606.0,5443.0,4.51,0.9,11.0427,123.912955,-29.971955,PC
6221,10.9835772,3.26,2290.0,3.69154,63.5296,786.0,5443.0,4.51,0.9,11.0427,123.912955,-29.971955,PC
6222,0.8970378,1.5775498,2559.9455449,15.4724881,11175.71619,2622.3375309,5811.0,3.78,1.84758,10.9421,96.861635,-52.297808,PC
6223,2.2685932,2.4612308,8092.8523533,19.7806144,2058.2136559,1717.8781799,6763.0,4.23,1.33734,11.8895,135.139704,1.390137,PC
6224,41.4186335,8.1171335,5598.932235,10.7342874,1.8987535,299.3897282,6080.7,4.19,1.4143,10.4475,108.561708,33.070363,PC
6225,9.783037,3.5679483,165.7418005,2.7421695,643.1096598,1284.3725284,6200.93,3.87276,2.0913501,6.4843,80.003079,32.785433,PC
6226,5.1494363,3.67,737.0,2.76723,478.295,1302.0,5588.0,4.27,1.13,10.3823,120.405795,-48.821603,PC
6227,13.7252522,3.1694157,4945.7679342,20.3352568,312.4460654,1072.2931079,6104.0,3.96,1.86397,10.3001,57.265805,-72.947299,FP
6228,4.4044418,2.581,1649.0,4.13545,302.886,1162.0,5754.0,4.41,1.04,11.601,114.921063,-8.918969,PC
6229,4.064628,1.304,3114.0,10.5098,214.521,1185.0,6876.0,4.15,1.23369,11.139,118.67718,-4.342149,PC
6230,3.8720204,3.999,7202.0,14.8477,1287.54,1668.0,6976.0,4.1,1.83,11.9319,123.016335,2.78237,PC
6231,9.8738839,8.5309023,4750.3264569,10.7705056,191.8809402,949.2436684,6543.5,4.17,1.5187401,11.2854,130.256986,-40.584789,PC
6232,9.6742544,6.594,2923.0,11.7179,753.131,1459.0,6803.0,3.75,2.66,11.4749,133.47703,-38.997112,PC
6233,0.6593681,0.395,20252.0,13.8937,41.406,706.0,3421.0,4.69,0.55,14.2084,127.981981,-37.462652,PC
6234,1.4571902,0.568,6297.0,8.18389,112.285,906.0,5712.0,4.62,0.82,13.2722,133.233364,-31.998124,PC
6235,11.9964056,5.207,4821.0,10.8162,203.513,1052.0,6311.0,4.1,1.64,12.7401,153.890617,-14.708566,PC
6236,12.1228168,4.577,6029.0,10.5524,202.591,1051.0,6799.0,4.28,1.45,11.9468,129.997215,-36.181786,PC
6237,24.7104662,5.259,3534.0,6.84115,38.4335,693.0,5876.0,4.32,1.18,11.4274,141.219902,-39.030976,PC
6238,4.90765,3.753,810.0,13.2707,260.337,1119.0,4900.0,4.33,5.01,10.2339,83.955484,-18.649591,PC
6239,13.7333847,1.641,4741.0,9.42304,17.2584,567.0,6415.0,4.26,1.4,12.1958,146.716359,-35.206501,PC
6240,3.0758364,2.567,2346.0,5.09878,558.588,1354.0,5745.0,4.33,1.15,13.1352,107.190811,-49.821826,PC
6241,2.6808268,4.872,6451.0,14.3489,6752.98,2525.0,7349.0,4.06,2.0,13.2967,128.464035,-43.784395,PC
6242,1.0992893,1.044,6570.0,7.47037,719.668,1442.0,5636.0,4.56,0.87,13.4379,149.970848,-22.922585,PC
6243,1.6069363,2.609,4618.0,10.5098,10608.2,2827.0,8753.0,4.33,1.23369,12.198,140.422164,-29.108079,PC
6244,26.5988575,9.151,8222.0,15.707,237.562,1093.0,6685.0,4.17,1.62,12.3164,119.451527,-40.736441,PC
6245,8.1168658,5.237,7595.0,10.8668,473.148,1299.0,6381.0,4.29,1.33,12.5776,140.199949,-18.66747,PC
6246,3.6860654,3.531,6642.0,12.7501,902.856,1527.0,6206.0,4.02,1.76,12.6602,146.15031,-30.104754,PC
6247,1462.2115148,3.105,34206.0,4.5351,0.0003419,37.0,3275.0,5.01,0.23,13.0041,149.991806,-16.159794,PC
6248,2.9193825,1.507,11876.0,12.0124,213.872,1065.0,6037.0,4.43,1.06,12.3987,130.732165,-37.634354,PC
6249,2.97638,3.212,795.842,11.0372,2695.88,2007.0,6492.5,3.57,3.56,10.1347,103.00276,-18.95443,FP
6250,750.2395535,3.922,6713.0,9.68778,0.0560777,135.0,7459.0,4.36,1.43,11.8409,122.694102,-43.853401,PC
6251,6.2796518,2.26,4992.0,6.38573,71.742,810.0,5159.0,4.47,0.9,12.5284,155.555983,-14.052149,PC
6252,1483.5175058,5.424,11723.0,17.4711,0.020302,105.0,5782.0,4.06,1.58,13.1388,141.929638,-24.965029,PC
6253,5.2076995,0.887,4315.0,6.02778,17.5447,570.0,4961.0,4.57,0.78,12.4716,110.301146,-49.134858,PC
6254,18.2457829,3.64,3157.0,3.87217,18.6783,579.0,5057.0,4.58,0.78,12.0808,109.322945,-54.117193,PC
6255,17.0180939,4.558,13730.0,14.5502,49.0598,737.0,5782.0,4.26,1.26,13.4446,150.95699,-19.2825,PC
6256,10.6332248,3.436,36558.0,15.9854,26.5909,632.0,4678.0,4.5,0.81,12.8397,141.722816,-7.579251,PC
6257,14.13519,2.273,3863.0,9.82212,65.1514,791.0,6466.0,4.18,1.54,12.1185,135.766676,-29.28071,PC
6258,8.0850515,2.817,1521.0,3.89202,92.8495,864.0,5560.0,4.41,1.02,11.8187,105.597221,-50.87235,PC
6259,2.917882,1.483,1937.0,3.08813,81.6812,837.0,4593.4,4.65,0.67,12.5035,157.820359,-18.808544,PC
6260,0.9358498,1.6300841,1939.8614097,17.3496655,24855.2646174,3202.3909321,6779.0,3.83,2.43259,10.0461,102.22267,-13.527269,PC
6261,7.842208,4.914,7095.0,12.3266,527.439,1335.0,6428.0,4.18,1.53,13.1011,134.581948,-22.700934,PC
6262,7.5520411,4.338,3881.0,8.43121,306.311,1165.0,5936.0,4.07,1.58,12.3727,143.525469,-34.03832,PC
6263,731.8319734,2.747,46413.0,12.4424,0.0015866,55.0,3556.0,4.7,0.54,14.2991,145.012087,-10.977168,PC
6264,3.0667073,1.486,3497.0,3.39378,37.0044,687.0,3808.0,4.68,0.57,12.4802,112.981285,-49.134121,PC
6265,3.5327892,2.093,4509.0,10.5098,1406.91,1706.0,8706.0,4.33,1.23369,12.2137,142.372527,-54.433148,PC
6266,3.7781679,4.416,5635.0,11.6911,1317.34,1678.0,6118.0,4.0,1.77,12.973,150.719276,-46.374718,PC
6267,0.9942215,2.554,7298.0,10.5098,365.719,1185.0,5801.0,4.33,1.23369,13.1263,151.048914,-60.126229,PC
6268,2.1439841,1.793,13382.0,16.8452,968.251,1554.0,6788.0,4.29,1.44,13.1074,164.141735,-57.704427,PC
6269,22.5095172,4.509,26199.0,12.0156,14.3836,542.0,4952.0,4.5,0.84,13.0303,147.885334,-67.113047,PC
6270,9.0441543,1.196,25006.0,10.2153,1.72908,319.0,3642.0,4.68,0.57,14.6334,149.637654,-37.707584,PC
6271,0.76983,2.774,160.192,10.5098,49237.6,4149.0,8658.0,3.92,1.23369,9.7839,110.261044,-60.155475,FP
6272,4.4156851,1.091,3166.0,7.75741,143.363,964.0,5599.0,4.35,1.1,11.9865,152.56752,-40.64736,PC
6273,4.4581792,3.561,5095.0,9.08219,599.933,1378.0,5973.0,4.17,1.43,12.834,149.365272,-42.861181,PC
6274,5.0711656,6.032,5325.0,15.3998,2760.2,2019.0,7304.0,3.88,2.43,12.9544,139.172161,-44.584808,PC
6275,3.9535041,3.684,6493.0,13.6119,835.02,1497.0,6166.0,3.91,1.98,12.9435,151.611142,-47.02428,PC
6276,6.8328077,5.311,4454.0,9.18199,410.019,1253.0,5657.0,4.11,1.45,13.2222,102.292945,-76.245719,PC
6277,15.8951857,3.711,40821.0,11.9336,6.40691,443.0,3792.0,4.67,0.57,14.1994,153.470526,-63.490143,PC
6278,13.0795854,4.918,12002.0,9.66071,83.886,843.0,5555.0,4.5,0.92,13.0582,144.065386,-49.245674,PC
6279,5.267165,1.743,5142.0,6.02919,48.3829,734.0,4930.0,4.54,0.8,12.9845,160.602735,-30.249932,PC
6280,18.9926881,1.506,223710.0,10.231,0.172006,179.0,3003.0,5.05,0.21,14.3088,180.764269,-33.6655,PC
6281,5.6022404,6.027,4365.0,16.2862,1136.7,1617.0,6237.0,3.73,2.49,12.0622,139.106048,-63.641065,PC
6282,1.0697877,1.979,3990.0,10.5098,63832.9,4428.0,8576.7,4.33,1.23369,9.0185,92.105662,-11.147333,PC
6283,37.98781,4.309,7798.0,10.1109,10.8495,505.0,5983.0,4.26,1.29,12.2544,143.692557,-63.735512,PC
6284,21.5962209,4.511,9216.0,9.42089,37.4782,689.0,6012.0,4.41,1.09,12.7121,155.164204,-69.488366,PC
6285,2.5011016,1.366,4644.0,15.7428,368.009,1220.0,6421.0,3.84,2.25,13.1724,151.587915,-39.092019,PC
6286,2.4214702,1.395,20899.0,9.94252,33.5202,670.0,3642.0,4.62,0.64,14.8212,64.961341,-69.854207,PC
6287,4.0236761,5.03,6216.0,16.953,9268.26,2733.0,9833.0,4.18,2.14,11.9783,143.52393,-54.905421,PC
6288,3.8149372,4.366,6444.0,13.2182,963.383,1552.0,5709.0,3.89,1.89,13.3092,153.714224,-43.515162,PC
6289,18.8392786,4.036,6440.0,10.5098,46.6035,727.0,5972.0,4.18,1.42,13.1386,155.886327,-52.953355,PC
6290,2.6185048,1.096,3523.0,6.08823,235.909,1091.0,6478.0,4.53,1.04,12.3947,143.595647,-41.525772,PC
6291,2.1978944,1.619,3203.0,15.7016,292.313,1151.0,5147.0,4.33,2.61,12.5611,151.834712,-53.343307,PC
6292,10.397262,9.97,3143.0,13.8002,371.029,1222.0,4953.5,4.33,2.47,11.5447,162.168812,-24.719427,PC
6293,3.9846589,2.146,445.0,2.12827,647.901,1405.0,5903.0,4.44653,1.03,7.3635,149.123515,-24.099186,CP
6294,7.6016156,2.116,2969.0,19.3547,44.5994,719.0,5200.0,4.33,3.38,12.7216,137.2905,-51.073956,PC
6295,3.581253,1.874,41493.0,12.2522,31.7588,661.0,3873.0,4.66,0.58,14.9198,81.237585,-57.035477,PC
6296,4.7383479,1.935,1843.0,4.7507,453.403,1285.0,5109.0,4.48,0.89,11.3742,156.403066,-32.592827,PC
6297,7.809463,4.133,11239.0,14.0451,214.334,1065.0,5816.0,4.32,1.33,12.8603,103.402787,-64.437403,PC
6298,0.8515408,0.648,51018.0,16.072,37.4851,689.0,3254.0,4.7,0.54,14.478,135.557036,-62.647058,PC
6299,731.3548427,3.429,19143.0,15.334,0.0186537,102.0,5794.0,4.36,1.12,13.463,162.271012,-45.085546,PC
6300,14.7478214,2.355,6095.0,7.68311,16.3125,559.0,5167.0,4.41,0.96,12.6161,174.125644,-31.535144,PC
6301,5.389491,2.0,49190.0,14.3807,10.8749,505.0,3493.0,4.6,0.67,14.7698,141.611472,-59.673478,PC
6302,1484.1934287,3.05,13469.0,8.94439,0.002443,61.0,5602.0,4.63,0.8,13.2466,164.296604,-27.523698,PC
6303,7.4476397,2.266,1021.0,2.1911,32.4591,664.0,4526.0,4.56,0.73,10.8273,160.949007,-33.155027,PC
6304,0.68831,1.365,3983.64,21.715,21261.5,3364.0,6054.0,3.47323,3.13,8.5234,144.77363,-45.426185,FP
6305,5.332805,2.142,1795.0,2.92256,56.7571,764.0,4189.0,4.57,0.7,11.213,164.676291,-35.341072,PC
6306,4.416076,4.677,7620.0,16.839,537.53,1341.0,5186.0,4.33,2.32,13.2786,142.493224,-50.725186,PC
6307,5.4736892,2.699,14590.0,18.8155,217.531,1069.0,6229.4,4.17,1.5,12.4974,151.681083,-39.710775,PC
6308,2.8656356,3.523,5530.0,11.1837,6267.38,2478.0,8849.0,4.4,1.56,13.2022,156.617346,-56.545537,PC
6309,3.4542618,3.93,5344.0,10.5098,365.719,1185.0,5801.0,4.33,1.23369,12.4454,163.090977,-56.263899,PC
6310,20.8359197,3.321,2451.0,7.56184,40.967,704.0,6838.0,4.14,1.71,11.7347,132.023404,-58.758544,PC
6311,4.2380294,3.699,4699.0,6.48085,695.384,1430.0,6030.0,4.5,0.99,13.4696,144.357907,-48.275231,PC
6312,3.6477926,2.667,1747.0,3.9626,252.255,1110.0,5005.4,4.33,0.98,12.131,165.14022,-49.077328,PC
6313,5.7180689,5.215,2864.0,9.5585,860.489,1508.0,6219.0,3.99,1.83,11.9319,166.557921,-54.573252,PC
6314,2.3645949,2.442,5263.0,14.3865,3031.27,2067.0,7743.0,4.09,2.02,13.2487,152.680945,-48.27263,PC
6315,1.5275657,1.12,2830.0,2.37126,53.3454,752.0,3433.0,4.89676,0.43,12.2255,164.724551,-5.547545,PC
6316,4.5127799,3.11,7453.0,10.6956,316.305,1174.0,5643.0,4.25,1.25,13.4905,179.97778,-30.221599,PC
6317,5.8991458,4.815,275.0,1.10037,449.719,1282.0,5419.4,4.65,0.76,9.1069,157.243507,-58.794138,PC
6318,2.4018591,3.471,655.0,10.1612,25813.2,3531.0,6071.0,3.95,1.86,9.9747,198.58223,-59.692251,FP
6319,15.5523703,5.554,723.0,3.54892,861.828,1509.0,5759.0,4.31,1.18,9.2889,183.61147,-58.058789,PC
6320,3.6249482,2.294,748.0,5.1321,332.475,1189.0,4935.7,4.33,1.94,9.6235,190.158097,-48.140748,PC
6321,5.6177467,2.307,670.0,5.60938,233.759,1089.0,6315.0,3.74,2.48,9.74,187.651542,-43.953561,PC
6322,3.3779614,4.2709189,7198.7471125,14.3326751,1619.4059744,1617.9261106,6113.0,4.05769,1.6616499,12.5329,191.702821,-24.42739,KP
6323,1.4328255,2.0718518,51089.4348604,18.2238418,528.4147032,1222.8226457,4588.0,4.47637,0.817544,14.7028,163.101036,-61.446859,KP
6324,8.5473,3.5451032,2857.1912379,10.3970349,742.9187125,1331.5426262,6619.0,4.02,1.89911,12.4715,132.767883,-69.344177,PC
6325,6.1079067,5.1999868,14712.7075446,19.3044393,527.4147108,1222.2437055,5681.0,4.0558,1.56062,12.2311,84.858988,-52.933311,PC
6326,0.7888392,1.5967107,22431.9151625,16.1247129,3170.9871229,1913.8961516,5568.0,4.39267,1.0280499,11.6044,148.416767,-45.659108,KP
6327,6.9153868,6.156,5765.0,15.9616,2475.48,1965.0,6649.3,4.37,2.05,10.8597,121.454664,-41.135631,PC
6328,6.9593972,4.8553269,4826.8656037,9.3800527,341.0877558,1096.0649295,5854.0,4.438,1.33729,9.1871,207.526001,-40.835896,KP
6329,3.2706204,4.0101943,7558.7070106,13.5836554,1366.8847119,1550.7890331,5933.0,4.31,1.53146,12.4338,74.756626,-56.715996,PC
6330,3.6342494,3.683,380.0,4.36152,973.329,1556.0,5829.0,3.73,2.31,9.5605,209.162375,-61.182993,PC
6331,2.6141047,2.639,695.0,3.60255,787.265,1475.0,5650.0,4.11,1.46,10.37,241.922414,-33.249367,PC
6332,10.1298877,4.796,634.0,3.76774,371.461,1223.0,6802.0,4.05,1.9,9.4738,223.62771,-68.384542,PC
6333,12.9623248,3.564,2427.0,5.94559,69.6232,804.0,5996.0,4.2,1.39,10.1115,213.667189,-41.559703,PC
6334,12.5383316,3.084,846.0,3.44886,60.8025,777.0,6018.0,4.3,1.23,9.8987,228.503044,-45.012267,PC
6335,9.5327064,2.55,1177.0,2.39108,22.3356,605.0,4504.0,4.58,0.72,10.3012,216.133991,-52.831718,PC
6336,733.3796728,4.101,2996.0,6.17234,25.9335,628.0,5878.0,4.29,1.22,10.0778,202.157881,-62.169938,PC
6337,0.8134736,1.2306765,26619.0549693,13.1601533,680.8948699,1302.8360438,4400.0,4.64555,0.757649,11.1184,154.908187,-9.806443,KP
6338,17.2051468,1.464,1975.0,8.17561,18.2667,575.0,6470.6,4.13,1.63,9.17446,220.409244,-26.790781,APC
6339,3.1739329,1.192,1590.0,15.5264,68.2123,800.0,4999.0,4.33,3.95,10.1676,245.224446,-38.690224,PC
6340,4.0947485,5.1910541,5981.4894009,17.3607607,2355.1265087,1776.737668,5983.0,4.27,2.1987801,11.7584,220.299751,-32.363352,PC
6341,2.4053036,3.3515613,11063.0791519,19.9376761,2283.8953939,1763.1481335,5476.0,3.88771,1.84636,11.5744,212.200442,-55.712303,PC
6342,3.9854465,4.5181131,8800.6144816,16.4220671,1257.4270919,1518.7645545,5904.0,4.0,1.71105,9.5687,205.817879,-56.156449,PC
6343,0.8778729,1.008516,1704.0444879,6.173706,7881.8722822,2403.1290748,6210.0,4.18301,1.46319,11.5643,218.729436,-34.057153,PC
6344,7.5837846,2.0598226,3059.0689425,10.7098887,817.5602045,1363.7968578,6457.0,4.0,1.89487,12.0824,225.706366,-40.167615,PC
6345,4.9486116,1.3297363,6987.092161,10.6945832,219.1762514,981.3368862,5524.0,4.5045,0.912363,11.7803,219.042483,-34.496057,PC
6346,17.4368079,4.3786259,15418.7232538,18.6840757,155.7889305,901.0603895,6332.0,4.19731,1.47515,11.1102,194.684003,-58.476742,PC
6347,5.9337178,1.089,36149.0,19.9345,3.66917,385.0,3322.0,4.71,0.53,14.9074,184.800928,-46.780305,PC
6348,4.5696698,3.9536171,9861.079392,13.0582928,616.12218,1270.6807784,6122.0,4.283,1.28306,12.4399,147.4067,-33.218503,CP
6349,10.9799801,3.39,4626.0,8.3173,72.3255,812.0,5754.2,4.2,1.34,12.4071,190.438688,-45.743629,PC
6350,11.5379235,3.661,1405.0,3.827,90.3933,859.0,5835.0,4.45,1.01,10.9535,206.394609,-42.826302,PC
6351,3.6462287,3.662,6153.0,14.2198,721.653,1443.0,5707.0,3.92,1.84,13.2336,200.007062,-34.634937,PC
6352,8.1618477,2.17,4647.0,11.849,150.654,976.0,7238.0,4.25,1.59,12.5489,191.300944,-55.318965,PC
6353,13.0953097,1.925,3028.0,8.3339,21.487,599.0,6103.0,4.13,1.54,12.0407,156.512015,-56.329798,PC
6354,3.3047459,3.735,1724.0,4.70927,1949.35,1851.0,6636.0,4.35,1.3,12.351,187.583215,-59.413143,PC
6355,19.3111424,3.92,18500.0,9.91342,30.3232,653.0,5850.0,4.54,0.92,13.0093,164.927622,-58.659028,PC
6356,729.9391752,1.515,10806.0,15.2287,7.21802,456.0,5136.9,4.61,0.77,12.0263,189.630031,-41.47389,PC
6357,2.7543175,1.471,1368.0,2.11364,36.9545,686.0,3573.0,4.7,0.54,12.0438,188.132336,-37.073844,PC
6358,3.4732477,2.541,6428.0,13.0505,935.315,1540.0,7081.0,4.21,1.63,13.3562,167.212209,-54.315121,PC
6359,4.7192734,1.301,1557.0,7.15211,156.343,985.0,6521.0,4.22041,1.6,9.5359,150.152654,-34.681865,PC
6360,10.9600975,6.171,4111.0,9.91407,215.895,1067.0,5586.7,3.82,2.04,11.7921,185.624262,-32.33691,PC
6361,4.9156665,2.561,2218.0,5.59825,197.609,1044.0,5656.0,4.28,1.2,11.4291,176.397049,-50.56653,PC
6362,19.6500878,2.277,2605.0,14.4539,64.2887,788.0,8968.0,3.88,2.85,11.0608,201.899291,-46.386792,PC
6363,7.447404,1.479,6142.0,13.1669,106.276,894.0,7936.0,4.26,1.7,11.3329,154.698501,-62.793024,PC
6364,3.6850751,1.859,4456.0,10.2036,214.472,1066.0,5860.0,4.07,1.57,12.3896,149.911356,-62.975497,PC
6365,13.4364908,5.375,4735.0,9.8672,690.534,1428.0,6229.0,4.28,1.31,12.3613,170.889648,-45.647015,PC
6366,5.0953453,5.025,5956.0,12.0431,1011.51,1571.0,6269.0,3.79,2.34,12.1162,147.396642,-63.494029,PC
6367,17.0116833,3.129,9188.0,8.55494,23.9943,616.0,5668.0,4.53,0.91,12.2657,191.679388,-35.418044,PC
6368,1.7988855,1.415,38230.0,13.2509,48.1876,734.0,3458.0,4.63,0.62,14.9692,202.23874,-56.782537,PC
6369,3.0589547,3.696,12864.0,17.6594,1967.9,1855.0,6821.0,4.11,1.78,13.3831,171.473891,-53.310061,PC
6370,4.7192771,1.594,2856.0,9.68968,515.984,1327.0,5990.0,4.00966,1.42,10.245,150.153861,-34.681446,PC
6371,7.0911739,5.635,8187.0,14.5208,1526.19,1741.0,5924.0,4.2,1.37,13.4995,186.345676,-44.04327,PC
6372,5.7881587,6.879,1372.0,11.6578,1170.98,1629.0,5668.0,4.33,3.74,11.983,154.896239,-57.071089,PC
6373,9.5098954,1.448,6596.0,16.5009,50.8044,743.0,5478.0,4.31,1.14,12.8316,190.637818,-34.090596,PC
6374,8.4325164,1.731,8796.0,9.45527,26.3135,630.0,5300.0,4.41,0.98,12.925,203.604407,-49.291192,PC
6375,2.67581,2.288,9116.0,15.7041,709.373,1437.0,6171.0,4.07,1.66,12.9822,205.607979,-29.800642,PC
6376,7.5138657,2.121,1104.0,3.23033,42.4479,711.0,5139.0,4.48,0.89,10.9743,143.94571,-60.083478,PC
6377,26.1622122,3.631,6329.0,10.1227,44.9857,721.0,6139.0,4.39,1.14,10.5353,166.728463,-54.738876,PC
6378,0.9097915,1.044,3698.0,6.92737,1085.74,1599.0,5822.0,4.39,1.09,12.9505,190.978266,-33.265959,PC
6379,10.8089555,2.71,6392.0,11.7906,95.8499,871.0,6876.0,4.27,1.49,12.9661,184.349287,-46.173632,PC
6380,2.2059167,0.9395169,2594.7383621,1.0369208,9.6425737,449.4361398,3087.0,5.07767,0.202097,11.9686,205.923928,-40.041874,PC
6381,9.2896818,5.272,6770.0,12.124,315.859,1174.0,6055.0,4.22795,1.42,10.99,166.429628,-5.079485,KP
6382,3.8030207,2.537,2103.0,4.18884,221.979,1075.0,5035.0,4.35,1.01,11.0686,187.441996,-69.651839,PC
6383,32.5444769,1.661,101822.0,11.9952,0.130568,167.0,3230.0,4.84,0.38,14.6483,101.568127,-62.347402,PC
6384,1.5840089,1.134,1137.0,5.90757,296.761,1156.0,5188.0,3.91,1.72,12.0139,174.171991,-71.183844,PC
6385,5.015806,5.154,4470.0,14.6529,2429.4,1955.0,7155.0,3.89,2.37,12.9595,204.212654,-55.270452,PC
6386,3.917482,2.619,8397.0,13.4773,511.088,1324.0,6466.0,4.18,1.54,12.1967,220.652699,-25.55393,PC
6387,12.2981251,3.98,14968.0,9.70951,95.5652,871.0,5614.0,4.55,0.87,13.4442,230.389105,-66.264426,PC
6388,2.5354002,1.744,11001.0,15.299,529.415,1336.0,5526.0,4.17,1.34,13.2738,215.116596,-44.354316,PC
6389,11.1860909,5.989,4416.0,10.3662,353.841,1208.0,6520.0,4.11,1.69,12.2525,167.584824,-69.344992,PC
6390,7.3144752,1.481,19146.0,13.336,17.6496,571.0,5137.0,4.39,0.99,12.8314,218.944637,-32.719293,PC
6391,12.9414603,3.75,13164.0,10.6791,58.6863,771.0,5832.0,4.45,1.01,13.2079,217.985495,-54.400652,PC
6392,4.0860569,4.4736394,7130.4577629,12.9107218,1434.7704147,1569.6952815,6580.0,4.0663,1.47741,11.248,158.22503,-34.989907,KP
6393,3.1651539,3.416,8746.0,14.2867,1222.01,1647.0,6396.0,4.15,1.57,11.1708,224.571478,-49.275979,PC
6394,6.5568726,2.755,8511.0,12.6672,160.545,991.0,6139.0,4.23,1.36,12.1404,229.883712,-73.522601,PC
6395,2.3207203,1.797,12787.0,14.0426,135.481,950.0,4390.0,4.12,1.2,11.7332,229.294897,-33.969293,PC
6396,2.5001306,1.61,16650.0,17.7461,570.926,1361.0,6158.0,4.2,1.42,13.4146,237.006147,-66.810824,PC
6397,25.0709977,2.379,12286.0,11.9941,13.367,532.0,5624.0,4.49,0.94,12.5738,81.700204,-65.289713,PC
6398,3.5911377,1.623,13850.0,11.6235,184.928,1027.0,6094.0,4.5,0.99,12.0846,230.134223,-45.54122,PC
6399,1.1235117,1.039,48991.0,12.5587,66.6916,796.0,3505.0,4.67,0.58,14.9482,220.664082,-79.454095,PC
6400,4.315664,6.135,3530.0,8.30372,2834.56,2032.0,6707.0,4.2,1.56,12.0669,195.799598,-64.822103,PC
6401,35.7883368,8.45,2049.0,9.5733,76.4013,713.0,6218.9,3.96,1.9,11.2822,84.885928,-59.005736,PC
6402,1.6930171,2.759,10940.0,16.2172,2086.88,1882.0,6010.0,4.05,1.64,12.6705,163.506946,-70.892253,PC
6403,1.0016,1.238,298.778,2.39729,2192.47,1906.0,6380.0,4.438,1.26,8.2046,160.180141,-31.927233,FP
6404,3.8647617,4.038,7591.0,13.7097,1263.12,1660.0,6119.0,3.98,1.83,13.2261,207.195682,-53.575927,PC
6405,4.2807848,2.073,2031.0,2.8386,60.9199,778.0,4354.0,4.59,0.69,12.8143,88.963569,-65.507496,PC
6406,37.8575614,7.424,5180.0,7.35774,32.4592,664.0,5980.0,4.34,1.17,13.3296,96.949049,-54.279518,PC
6407,3.1791661,2.844,16245.0,12.9563,1190.1,1636.0,6452.0,4.43,1.16,13.0339,207.421621,-57.150013,PC
6408,10.3031578,3.44,3072.0,11.0446,132.955,946.0,6387.0,3.94,2.01,10.8833,198.888298,-61.443076,PC
6409,5.4863844,4.339,8862.0,14.247,719.754,1442.0,6498.0,4.15,1.61,12.9268,221.805701,-68.521148,PC
6410,1.2864856,1.328,104433.0,14.0003,46.706,728.0,3172.0,4.79,0.45,14.6186,231.025033,-39.909393,PC
6411,4.8934688,3.157,9659.0,15.84,975.759,1557.0,6332.0,4.15,1.56,12.8709,179.587735,-68.716999,PC
6412,18.184189,3.696,9343.0,9.90639,20.0861,589.0,5265.0,4.32,1.09,12.0836,225.83705,-35.230579,PC
6413,4.3664669,2.004,26747.0,9.52505,20.3906,592.0,3598.0,4.66,0.59,14.2251,223.135822,-38.861661,PC
6414,2.6005302,1.8846125,2301.4830733,2.8658273,48.4211083,672.7883009,3719.0,4.76941,0.512361,11.7602,160.065852,-8.511083,PC
6415,4.6991466,2.5200473,2413.7221174,3.9416204,22.0001313,552.3648923,3719.0,4.76941,0.512361,11.7602,160.065852,-8.511083,PC
6416,7.1024749,2.7542652,1317.715762,1.9895244,12.6834573,481.3147406,3719.0,4.76941,0.512361,11.7602,160.065852,-8.511083,PC
6417,7.7103227,4.406,6083.0,8.52513,410.215,1253.0,6617.0,4.42,1.2,13.1227,210.847138,-51.927424,PC
6418,3.4714821,3.245,9502.0,13.2477,1049.57,1585.0,6604.0,4.28,1.41,12.716,206.35273,-57.331284,PC
6419,5.8778295,3.392,1326.0,11.2784,316.166,1174.0,5965.0,3.43,3.34,11.5555,221.42572,-65.8513,PC
6420,6.5479496,2.331,988.0,2.28629,98.978,878.0,4853.5,4.61,0.73,12.1821,63.937745,-62.725017,PC
6421,23.136755,7.179,2514.0,9.05398,245.088,1102.0,7723.0,4.08,2.04,11.2405,166.596115,-66.703343,PC
6422,8.6243051,5.584,9216.0,16.2074,3083.68,2076.0,7944.0,4.39,1.47,12.363,211.969321,-60.620203,PC
6423,3.5171227,2.327,4327.0,14.6605,541.267,1343.0,6386.0,3.88,2.16,12.3531,209.796777,-54.762928,PC
6424,2.231293,1.796,16216.0,15.38,621.755,1391.0,6356.0,4.38,1.19,13.4658,199.577115,-59.758683,PC
6425,4.140097,2.896,40878.0,16.9028,206.767,1056.0,5359.0,4.57,0.82,13.4986,222.562817,-49.596217,PC
6426,8.0136668,4.056,7657.0,11.825,191.471,1036.0,5831.0,4.17,1.4,12.4865,232.605222,-67.938798,PC
6427,4.7359232,7.0819612,2338.8745559,13.5752589,468.2559879,1186.425806,5370.0,3.72765,2.7871499,7.3212,161.706905,-9.399365,KP
6428,16.9356875,3.256,2618.0,3.59731,26.8131,633.0,4758.0,4.62,0.71,12.392,102.540676,-63.465599,PC
6429,1.9647786,1.586,60692.0,15.9566,39.1755,696.0,3314.0,4.62,0.64,14.85,206.54904,-53.357187,PC
6430,3.3421583,1.284,14573.0,16.3017,132.245,944.0,6022.0,4.15,1.46,13.0934,219.53997,-27.418351,PC
6431,4.8332515,4.323,5964.0,14.6312,907.188,1528.0,6431.0,3.9,2.11,12.7886,216.321837,-51.818041,PC
6432,42.7305626,5.591,2711.0,4.03815,10.2931,499.0,5247.0,4.56,0.83,12.5687,85.08377,-60.917584,PC
6433,3.9526862,2.439,720.0,1.51477,138.187,955.0,4536.1,4.33,0.55,10.4263,280.505862,17.310927,PC
6434,17.7505864,5.578,1395.0,4.72963,165.508,999.0,6967.0,4.34,1.38,9.56062,280.882334,20.560674,PC
6435,3.9963994,3.9,530.0,3.44228,809.419,1485.0,5684.0,4.08,1.52,9.65566,1.21215,42.868196,PC
6436,20.86399,5.624,1040.0,3.8434,75.5957,821.0,6153.0,4.35,1.2,9.99685,5.462265,42.77064,PC
6437,5.9867942,0.904,1170.0,10.5818,194.213,1040.0,6336.4,4.26,1.37,9.7664,9.208188,24.267798,PC
6438,14.066109,3.4744355,16514.0482965,21.5662738,153.0394528,897.0581591,6157.0,4.20407,1.47641,9.1116,155.637125,-40.516347,FP
6439,20.3286729,6.298,10142.0,14.1524,119.352,920.0,6500.6,4.32,1.37,10.0252,338.805332,54.773557,PC
6440,5.0569858,3.589,793.0,4.79388,448.021,1281.0,5818.9,3.95,1.8,9.60892,15.78859,35.389041,PC
6441,3.8388774,2.391,350.0,1.94873,370.484,1222.0,5745.0,4.44,1.01,9.1993,2.214012,33.878756,PC
6442,4.0802864,2.623,1000.0,2.4364,60.1386,775.0,4859.0,4.59,0.75,9.1129,4.182463,20.856765,PC
6443,9.5160627,1.832,487.0,17.807,23.0984,610.0,4481.6,4.33,8.18,10.1032,99.411971,-57.087293,PC
6444,6.8672313,2.858,732.0,2.31017,123.542,928.0,5564.0,4.51,0.91,10.1763,278.028578,-67.664501,PC
6445,12.9587054,3.598,1007.0,2.49711,61.6019,780.0,5564.0,4.51,0.91,10.1763,278.028578,-67.664501,PC
6446,0.8219599,2.147,17968.0,10.5098,884.027,1519.0,3866.3,4.33,1.23369,10.318,228.840425,-70.532562,FA
6447,4.0610981,1.964,558.0,2.57627,306.57,1165.0,6193.0,4.38,1.16,8.5861,264.966891,-50.574825,PC
6448,5.6494351,5.214,200.0,3.74551,730.055,1448.0,5764.0,4.33,2.95,8.641,278.680624,-65.95319,PC
6449,7.3120981,1.428,1655.0,3.45268,58.7812,771.0,5159.0,4.57,0.8,10.2443,278.41157,-35.348041,PC
6450,7.4760687,1.6231452,1519.2394847,14.5444225,1663.7504041,1628.8901348,6680.0,4.20036,2.3351099,8.8252,124.110352,-46.429818,APC
6451,2.9851466,3.7582248,12690.1645025,17.0006083,1525.0112189,1593.8153648,6116.0,4.15621,1.48347,12.0054,314.381155,-86.61053,PC
6452,10.5789534,2.8444195,1530.5878174,3.0009044,45.8125278,663.5380216,5164.0,4.61221,0.765045,11.7085,190.769321,61.601738,PC
6453,0.2939493,0.5422359,746.4231884,0.9372852,363.4366793,1113.594144,3359.0,4.89202,0.33188,10.8861,84.856001,74.767411,PC
6454,4.0802864,7.1157207,3065.8159708,5.6562862,1.7268018,292.3683615,6487.0,4.438,1.0,10.594,142.031271,78.944752,PC
6455,4.0802864,18.1537085,1602.3801725,9.531746,2.946782,334.1617606,6534.0,3.84827,2.2886801,8.03278,143.137378,69.729484,PC
6456,735.797917,5.9484218,479.47449,2.7674128,0.6531366,229.2824174,5972.63,4.28725,1.24541,8.89177,103.906879,42.042931,PC
6457,4.0802864,16.657231,789.17357,4.5545799,8.5317587,435.8924938,6477.0,4.16898,1.56674,8.43041,325.003248,69.086612,PC
6458,4.0802864,6.6621453,5126.8337118,8.6506071,72.9167674,745.2922434,5952.0,4.32279,1.19221,12.122,339.35783,-53.31905,PC
6459,718.652003,14.6548943,479.4666113,3.447372,0.8549995,245.2512392,6002.0,4.1943,1.3949,8.3408,356.628534,-48.958006,PC
6460,731.9966539,2.892543,16102.9689949,10.6774533,9.8437073,451.7617145,4722.0,4.55866,0.756773,12.0742,170.276336,-26.066616,PC
6461,1.6289322,0.809276,2512.1192447,1.2145664,20.9593189,545.7126746,3202.0,4.86375,0.226407,10.8372,153.70907,-47.154936,KP
6462,4.0802864,22.9026501,2389.5186523,9.3912424,2.1568906,309.0841804,7271.0,4.15114,1.7819099,8.8855,137.046678,-50.613758,PC
6463,4.0802864,2.4755873,1566.5840348,3.1919762,16.5103821,514.1135268,4713.0,4.49053,0.815268,10.3852,327.638875,-26.556512,PC
6464,4.0802864,6.6644694,1352.2809088,6.3590858,1.8314743,296.7016455,8450.0,4.31188,1.67454,9.61487,330.55306,47.090352,PC
6465,19.7468103,7.1658967,276.3656087,2.6201221,125.152068,853.059369,6439.2,4.25521,1.4073499,7.2861,172.258188,63.573608,PC
6466,4.0802864,5.1715272,12885.3671957,11.6792669,15.6664583,507.4140128,3907.0,4.59828,0.663933,12.6973,8.334322,59.109923,PC
6467,4.0802864,5.4653921,1323.0928698,6.1245707,1.5465501,284.4204055,6608.0,4.32886,1.3326,9.40853,101.546921,78.50475,PC
6468,22.696053,5.168,377.0,2.09929,51.2692,745.0,5988.0,4.28183,1.26,7.848,14.901911,-1.326372,PC
6469,5.4496736,0.203,917.0,8.32098,2.08998,334.0,6760.0,4.21,1.57,10.4679,290.471912,-46.874959,PC
6470,3.4268387,1.288,844.0,2.12571,94.0962,867.0,4794.0,4.55,0.77,8.8688,283.536275,-36.65686,PC
6471,2.3170053,1.122279,1719.0971731,4.4811227,739.5821823,1330.0450754,5542.0,4.438,1.0432,10.7742,286.14225,-55.347336,PC
6472,4.3787302,3.827504,30199.2684097,21.696241,644.3692254,1285.0009455,6159.0,4.37691,1.22606,11.3425,154.191741,-42.559071,APC
6473,4.3816966,5.601621,2801.3182472,10.8739335,2221.0308758,1750.8881304,6875.0,4.01141,1.99491,10.6264,285.449882,-50.06171,PC
6474,3.7783401,2.82963,24582.4117134,13.8305377,269.1657299,1033.0579657,5443.0,4.54284,0.863922,12.0491,305.872437,-44.0587,KP
6475,4.243624,3.8869543,2634.0168857,5.7584838,283.2736399,1046.3362951,5372.0,4.438,1.0,11.3648,286.539132,-40.61341,PC
6476,3.8579439,2.7950689,23562.922045,12.9426697,198.6237242,957.4751908,5009.0,4.49886,0.849464,15.331,2.879651,-70.986935,PC
6477,2.7085007,2.0412467,23166.3735883,13.0499493,289.8480618,1052.355196,4848.0,4.47567,0.851167,13.6702,320.826158,-80.766966,PC
6478,10.7715898,4.2203793,947.4340655,4.1568836,156.3812767,901.9156818,6055.0,4.38226,1.1335599,10.2692,285.106706,-50.235512,PC
6479,4.1661265,3.7000327,15441.3606576,14.5365629,533.3427629,1225.6637768,5883.0,4.34,1.15599,10.2748,284.548382,-47.003307,KP
6480,3.4414188,3.0026348,7380.9342568,12.4943419,1100.0792751,1468.8442425,5965.0,4.16451,1.43051,12.3872,302.038459,-76.13625,PC
6481,4.9594992,1.2463603,2778.737264,4.6274347,143.5315288,882.7883176,4900.0,4.45095,0.881258,10.6834,288.371215,-61.059097,PC
6482,4.1287427,2.7601938,12670.8512175,12.0296829,352.7366563,1105.3056703,5377.0,4.34978,1.06754,12.7602,327.447985,-70.455057,PC
6483,3.9451359,2.424,841.0,2.51666,286.87,1146.0,5581.9,4.13,0.99,10.1755,158.900701,-5.181374,PC
6484,761.7092276,7.6296016,545.0105734,2.5578976,0.378931,200.1058511,5599.17,4.37676,1.06775,10.2969,90.445562,-63.050467,PC
6485,904.5347981,22.1692458,603.0604952,2.7306626,0.7593093,238.0808322,5599.17,4.37676,1.06775,10.2969,90.445562,-63.050467,PC
6486,4.0802864,15.1057104,183.6559789,2.9487289,3.1729151,340.3959342,6649.0,3.92964,2.1245999,8.6235,82.716614,-54.898137,PC
6487,4.0802864,10.7778244,3281.1685561,8.3655782,182.3533064,937.2342699,6047.0,4.21587,1.36681,11.1163,312.694044,-81.272398,PC
6488,2.9932591,4.7371329,3363.9691586,11.8414052,2649.7622197,1829.8752178,6106.0,3.91186,1.9654,10.3313,315.423021,-10.408225,PC
6489,3.9759251,2.4026632,31337.4687251,13.4485221,129.0515238,859.627962,4693.0,4.54081,0.769415,13.7846,215.094092,41.278673,PC
6490,4.0802864,8.6668849,2315.4424358,7.637469,85.9385351,776.545194,6118.81,4.11275,1.56229,10.3541,129.572022,-23.550217,PC
6491,3.6859958,5.1972226,12982.7214564,23.322957,2647.6896261,1829.5172894,6731.3,3.99257,1.99719,10.9988,44.114507,48.008994,FP
6493,4.0802864,12.9674227,6318.0730583,12.8973379,1.2346997,268.850026,6613.0,4.23,1.4927,7.7897,197.317124,-60.308435,PC
6494,4.0802864,3.6676275,1168.7878058,2.6737151,12.1813864,476.4791808,4677.0,4.56264,0.750312,10.4795,193.398197,-23.119791,PC
6495,5.322002,3.193,955.0,3.84201,150.91,976.0,4716.0,4.56,0.75,10.4012,317.069584,-63.2505,PC
6496,0.579398,1.64214,1324.07712,5.759676,4535.9180848,2093.0810718,5688.0,4.48774,0.950534,11.1557,163.9091,-42.84928,FP
6497,15.5177539,1.2572404,3717.3165127,9.4825825,186.3932704,942.3827039,6314.93,4.18108,1.49694,12.2301,95.725639,-66.273142,PC
6498,10.0185489,2.5722957,1963.3425043,12.8618915,703.2456498,1313.3984915,6697.0,4.21,2.0266299,11.3908,113.362847,-62.485985,PC
6499,2.1875325,5.9019432,755.9204255,2.9503809,200.4161053,959.6279841,4454.0,4.59483,0.698505,12.9757,80.323733,-66.833206,PC
6500,49.6147804,15.9422092,101.7605846,2.6828269,72.7730676,744.9247779,5494.7,3.63775,2.46205,8.4379,96.071638,-53.575693,PC
6501,2.8607384,1.8963897,928.4712689,10.5098,642.271264,1283.9537275,5780.0,4.438,1.23369,10.746,123.998559,-59.327035,PC
6502,6.8275101,3.2903924,1559.4770206,5.0896772,201.3753096,960.7741393,5780.0,4.438,1.0,10.746,123.998559,-59.327035,PC
6503,8.4457042,1.6861879,3848.7179165,21.1100738,1720.4138176,1642.5854822,6392.0,3.5,2.8927801,10.2734,220.003903,-52.910049,PC
6504,7.5757446,1.8699103,3661.6696028,12.6097244,1238.973852,1513.1615068,8044.0,4.17155,1.89254,8.239,214.272868,-55.521705,PC
6505,3.8356406,3.2525606,1204.1029883,5.6455817,1226.3971781,1509.3068226,6088.34,4.09655,1.58202,12.3332,109.763471,-58.115526,PC
6506,4.2290789,1.3613303,2875.468714,1.730395,8.8955138,440.4661198,3264.0,4.90343,0.320782,12.8676,69.144564,-81.292943,PC
6507,2.3477336,1.8624266,182.9434914,1.0903541,215.4979378,977.1934094,4799.0,4.66766,0.678033,8.8392,167.608218,-29.414302,PC
6508,10.1970284,4.694,16111.0,23.8452,869.85,1512.0,7949.0,4.21106,1.82,9.1379,166.888906,-40.206918,APC
6509,2.067123,1.9263234,394.2384169,1.5139896,381.7544649,1127.3682012,5113.3,4.77,0.758633,9.7367,118.916232,-43.356714,PC
6510,10.3469945,2.5934713,1601.254739,1.0318727,2.106641,307.2680329,3278.0,4.97813,0.256167,13.0055,138.38301,-69.304692,FP
6511,1.8987896,1.926234,98.2034719,2.2042465,5729.7476128,2218.9811995,6016.28,3.81004,2.17401,7.71299,154.949388,-28.96236,PC
6512,2.1538049,1.6541007,137.9312313,0.8814471,331.6009868,1088.3628347,4944.24,4.58767,0.757603,7.0276,179.792354,-20.355606,PC
6513,4.7674421,1.321031,4898.6218606,1.0365063,1.3529409,275.0676104,2824.0,5.24293,0.125969,14.5913,90.934682,-81.457413,PC
6514,2.8618782,2.2839791,2450.9899956,3.9033641,220.0858555,982.3534679,4743.0,4.51969,0.793587,11.649,159.157968,-64.798231,PC
6515,4.718569,1.1450785,1734.8673947,1.0102426,4.6540316,374.6080294,3190.0,5.01971,0.226654,11.7735,111.657082,-30.55218,PC
6516,0.4707476,0.5009607,5060.8335277,1.852907,105.0615662,816.5461157,3254.0,5.0301,0.219973,13.9087,164.325075,-4.674414,PC
6517,2.9531953,3.8891232,3301.5719672,10.3382703,1856.6401112,1674.178197,5483.2,4.3,1.68056,11.529,357.366601,-78.932968,PC
6518,2.1764875,3.4403723,8114.6829556,14.184839,2054.7956073,1717.1645208,5646.0,4.05052,1.56233,12.2247,314.575438,-35.796622,KP
6519,3.6335735,1.7809077,8659.568993,5.0924146,33.4742849,613.4759993,3765.0,4.75169,0.544068,11.6739,167.990863,-39.328115,CP
6520,4.1470359,2.3197694,12886.987991,8.6285404,90.5320647,786.7202987,4247.0,4.47839,0.775548,13.7813,6.613593,-56.34428,KP
6521,4.6086414,3.5610971,27081.6985753,17.9837961,373.2657632,1121.0482082,5693.0,4.37269,1.08355,13.6732,337.48912,-31.929085,PC
6522,3.961427,2.6178819,15857.285303,9.3127792,164.6903284,913.6645474,5221.0,4.64701,0.741696,13.6157,42.467198,-62.723587,PC
6523,3.4846894,3.0557979,14997.2031146,12.7391518,494.1859641,1202.520119,5728.0,4.42477,1.02553,13.8564,46.987523,-66.111186,PC
6524,42.8614655,7.635,908.0,4.13549,24.431,619.0,5703.4,4.04,1.61,10.4225,19.06757,-79.893899,PC
6525,2.1476974,1.669,136.0,10.5098,365.719,1185.0,5801.0,4.33,1.23369,9.755,95.61935,-63.697716,PC
6526,14.2456603,3.403,1084.0,3.68209,180.487,1021.0,4760.0,4.57,0.76,8.9988,343.572379,-43.010229,KP
6527,15.3471548,3.703,946.0,2.53444,48.0518,733.0,5791.0,4.53,0.92,10.1172,342.732459,-29.809107,PC
6528,24.9636551,5.444,461.0,4.53167,58.006,768.0,6388.0,3.71291,2.61,9.608,109.777497,-55.837843,PC
6529,7.8374554,4.754,188.0,2.26966,467.43,1295.0,6289.7,3.99,1.86,9.0529,45.310382,-75.203308,PC
6530,3.8638303,2.992,109.0,1.80822,795.693,1479.0,6289.7,3.99,1.86,9.0529,45.310382,-75.203308,PC
6531,10.5426254,6.2145259,16789.8076116,22.0104106,437.1833461,1166.233875,6114.0,4.28439,1.65817,11.955,168.998428,-36.459406,FP
6532,4.3934744,3.0547623,11541.7099365,10.511208,270.8235342,1034.6449679,5349.0,4.4,0.977886,12.8021,12.358885,-53.914944,PC
6533,1.631858,1.8201336,17812.0219789,11.400179,489.1342881,1199.4351627,4778.0,4.51281,0.805143,14.3604,355.911751,-11.272631,PC
6534,1.3003394,1.341,38320.0,12.0407,99.5651,880.0,3658.0,4.67,0.58,14.2548,274.39888,-53.01713,PC
6535,3.2529571,4.813,6055.0,15.5894,3031.39,2067.0,6623.0,3.89,2.21,12.8086,248.404924,-56.556132,PC
6536,4.6068687,3.286,15647.0,12.7334,379.623,1229.0,5917.0,4.4,1.08,13.0013,262.96928,-48.371167,PC
6537,3.3357969,1.39,5024.0,11.1895,304.514,1163.0,6517.0,4.21,1.5,12.533,271.142485,-58.014464,PC
6538,2.9879341,2.501,14088.0,11.6667,346.683,1202.0,5315.0,4.43,0.96,13.3991,275.653906,-41.476441,PC
6539,2.8475582,2.979,12974.0,16.2689,1724.51,1795.0,6372.0,4.28,1.36,13.0057,255.458652,-56.815904,PC
6540,3.6234424,4.383,3332.0,9.13018,1323.23,1680.0,5815.0,3.88,1.95,12.0409,275.279781,-45.469851,PC
6541,4.6588405,1.429,12845.0,10.0709,37.2212,688.0,4768.0,4.49,0.83,12.5258,278.145792,-44.717706,PC
6542,1.9771658,1.1104153,13877.3059698,5.2706003,40.7227689,644.2865637,3467.0,4.87946,0.421944,11.8764,164.586559,-36.858109,CP
6543,3.3505941,3.542,8973.0,11.4279,723.955,1445.0,5579.0,4.17,1.35,13.3912,258.410562,-55.729405,PC
6544,5.0061978,3.521,6438.0,12.4847,1188.71,1635.0,6713.0,4.21,1.55,12.792,230.412408,-67.206546,PC
6545,8.1678648,4.797,4097.0,10.7664,297.977,1157.0,5859.0,3.98,1.74,13.2152,267.730983,-61.614393,PC
6546,5.9097139,5.732,8420.0,18.7334,1061.42,1590.0,6508.0,3.9,2.14,12.2914,242.81722,-67.000306,PC
6547,0.8674623,1.457,5547.0,12.8076,3424.09,2131.0,6470.0,4.09,1.72,13.2719,277.412003,-62.201806,PC
6548,5.2452852,5.117,5568.0,11.9863,793.304,1478.0,5928.0,3.9,1.93,12.9951,255.105601,-69.617872,PC
6549,1.20306,1.028,14933.0,12.8325,196.591,1043.0,4204.0,4.29,0.97,13.2738,260.693723,-56.817609,PC
6550,0.7025922,0.733,1740.0,5.49838,1003.46,1567.0,5875.0,4.27,1.24,12.2566,273.029327,-72.877347,PC
6551,4.5932835,3.185,7417.0,11.9834,420.855,1261.0,5988.0,4.18,1.41,13.1351,252.568079,-56.083838,PC
6552,8.6121286,4.155,4777.0,12.0872,620.245,1390.0,7929.0,4.16,1.89,12.0574,236.891954,-67.506647,PC
6553,4.1779929,4.144,12544.0,15.3075,663.252,1413.0,5620.0,4.18582,1.35,9.62959,160.558765,-3.834999,KP
6554,2.5950111,2.524,28870.0,10.8614,131.825,943.0,3875.0,4.62,0.64,14.4757,244.02137,-60.038009,PC
6555,2.9419791,3.363,14460.0,15.3905,2295.26,1928.0,7277.0,4.35,1.42,12.6752,257.381418,-47.403434,PC
6556,11.3648628,4.025,4113.0,9.30846,140.925,959.0,6128.0,4.15,1.51,11.1938,273.034601,-44.243404,PC
6557,1.0169814,2.353,7976.0,12.1981,3568.91,2153.0,5616.0,4.12,1.43,13.2441,255.225724,-70.53015,PC
6558,1.9943104,3.316,10353.0,17.6537,5032.19,2346.0,7247.0,4.19,1.69,13.1408,259.290405,-48.763415,PC
6559,5.7585993,2.737,13636.0,11.2259,90.7886,859.0,5090.0,4.38,0.99,13.0852,269.585917,-51.797559,PC
6560,4.9354155,4.672,12554.0,16.6116,985.669,1560.0,6500.0,4.14,1.63,13.4559,278.470062,-40.168552,PC
6561,3.5193417,5.025,6522.0,14.4544,4716.78,2308.0,5620.0,4.08,1.51,13.3397,275.664375,-44.379884,PC
6562,12.6136992,2.533,2172.0,2.58082,6.2521,440.0,3719.0,4.69,0.56,11.7958,186.289501,-86.887548,PC
6563,1.318678,1.758,11891.0,10.1378,1295.34,1671.0,5764.0,4.46,0.99,13.2337,274.022452,-37.153165,PC
6564,2.1503007,1.9774726,9260.8973045,14.1253056,1201.7050633,1501.6517354,5430.0,4.41381,1.23206,13.4629,171.205976,-18.617278,PC
6565,5.2820398,2.762,12532.0,9.84673,151.287,977.0,5415.0,4.37,1.05,13.1542,243.165316,-67.3391,PC
6566,4.3430254,4.425,11142.0,13.5998,2176.55,1902.0,6594.0,4.25,1.47,12.3837,251.015114,-47.714009,PC
6567,5.1778752,1.718,29835.0,11.9282,10.2294,498.0,3599.0,4.6,0.66,14.5665,262.187918,-57.912799,PC
6568,2.4519381,2.834,11446.0,17.3192,2027.97,1869.0,7085.0,4.19,1.67,13.2539,265.323637,-49.163899,PC
6569,2.8562935,3.785,22525.0,18.1559,1721.84,1794.0,6383.0,4.31,1.32,12.9573,265.710722,-41.179089,FP
6570,2.7967251,1.626,5786.0,19.3726,724.258,1445.0,7566.0,3.85,2.61,12.1662,251.037059,-58.984634,PC
6571,2.2104947,2.925,7893.0,13.6352,944.765,1544.0,5421.0,4.01,1.58,12.6801,262.40787,-76.58679,PC
6572,2.3519086,1.43,16808.0,18.0511,287.189,1146.0,6026.0,4.22,1.37,12.8821,276.290046,-43.906257,PC
6573,4.8741147,2.049,4613.0,14.8251,161.07,992.0,6085.0,3.84,2.11,12.4154,276.191236,-60.784523,PC
6574,5.6858804,4.185,10855.0,13.193,303.245,1162.0,5492.0,4.12,1.41,12.976,259.595573,-62.931814,PC
6575,11.2365977,2.292,9414.0,13.0203,37.6345,690.0,6446.0,4.37882,1.29,9.271401,144.119359,-50.463093,CP
6576,14.6768874,2.617,15152.0,9.65258,14.0749,539.0,5230.0,4.62,0.77,13.33,289.721012,-64.249499,PC
6577,6.8552506,3.525,4540.0,11.7073,390.089,1238.0,6847.0,4.02,1.96,11.5315,288.737557,-42.702604,PC
6578,3.940549,3.78,3700.0,7.73812,566.891,1359.0,5493.0,4.07,1.5,12.3102,304.820752,-64.974169,PC
6579,3.272056,3.3,7709.0,10.5823,729.82,1448.0,5668.0,4.15,1.39,13.136,307.11341,-45.96744,PC
6580,4.5833112,2.275,4988.0,9.62957,211.784,1062.0,5853.0,4.18,1.39,12.5912,295.743404,-44.759727,PC
6581,0.5940157,1.035,4094.0,7.9118,2266.94,1922.0,5663.0,4.31,1.17,13.4902,306.501073,-48.920419,PC
6582,1.9519092,1.056,31413.0,10.4769,26.7043,633.0,3498.0,4.69,0.55,14.1345,321.814728,-68.739364,PC
6583,3.3615701,4.502,6992.0,16.5271,1734.68,1797.0,6258.0,3.97,1.9,11.9656,290.594959,-31.383219,PC
6584,3.9718475,1.09,5487.0,8.29625,73.227,814.0,6064.0,4.39,1.12,12.7488,300.936671,-55.367879,PC
6585,1.3504913,1.586,9835.0,8.65039,467.938,1295.0,4858.0,4.51,0.82,12.7308,282.205124,-75.431953,PC
6586,11.3298459,4.4750093,821.128478,3.4134506,100.7059307,807.9481883,5624.0,4.39124,1.057,10.9162,109.330734,-55.597929,PC
6587,13.4570562,4.073,11282.0,10.2486,68.9842,802.0,5771.0,4.3,1.06,13.0863,324.480301,-66.436672,PC
6588,2.7638775,1.559,7451.0,11.9271,392.882,1240.0,6155.0,4.25,1.35,13.0965,290.671642,-62.022859,PC
6589,1.7278017,2.771,17825.0,17.158,2610.88,1991.0,6460.0,4.27,1.38,13.2542,287.701332,-36.51561,PC
6590,6.0368213,1.984,108361.0,13.3128,6.47065,444.0,3445.0,4.82,0.41,14.5979,309.345795,-38.723632,PC
6591,3.1539313,4.023,14772.0,15.5528,1995.19,1861.0,6610.0,4.12,1.7,13.1622,283.270016,-38.399466,PC
6592,16.2501976,7.487,2930.0,8.04744,221.883,1075.0,6177.0,4.12,1.58,11.9955,306.530071,-55.540066,PC
6593,2.7142282,3.44,23021.0,17.7291,1203.77,1640.0,6063.0,4.37,1.15,13.3278,282.733386,-37.534617,PC
6594,2.9588636,3.438,8605.0,16.201,1385.73,1699.0,6405.0,4.07,1.74,11.8193,288.702162,-54.242515,PC
6595,24.092358,3.907,14405.0,12.4646,13.3603,532.0,5388.0,4.36,1.06,13.1004,290.972257,-54.149068,PC
6596,4.2221583,2.921,7098.0,7.93123,307.857,1166.0,5589.8,4.42,1.02,12.6442,308.198717,-44.663326,PC
6597,11.1755425,5.482,7873.0,17.5706,294.91,1154.0,6655.0,3.9,1.91,9.99028,155.436002,-17.224364,APC
6598,6.1030299,3.689,13335.0,16.3974,296.944,1156.0,6057.0,4.2,1.41,12.6118,304.401827,-47.09656,PC
6599,18.8224069,1.76,13388.0,12.5063,6.33598,441.0,5661.0,4.36,1.1,12.9998,299.543066,-53.872432,PC
6600,7.9605908,3.236,6040.0,5.94344,70.4881,807.0,5081.5,4.51,0.85,12.3197,308.340789,-29.441613,PC
6601,6.5516113,0.786,6717.0,7.01051,7.09349,454.0,4841.8,4.6,0.73,12.4415,323.04039,-77.426902,PC
6602,7.3099457,6.439,4484.0,12.4526,906.064,1528.0,6391.0,3.79,2.38,12.227,296.355554,-34.534399,PC
6603,2.1250402,2.897,8318.0,12.6314,979.454,1558.0,5355.0,4.05,1.51,13.2392,291.688916,-36.831352,PC
6604,3.7871416,3.257,6722.0,8.91723,491.943,1312.0,5594.0,4.28,1.19,13.1197,289.900026,-35.809407,PC
6605,0.9898852,1.352,4914.0,11.4457,1044.17,1583.0,5339.0,3.96,1.66,13.1505,304.395069,-28.821369,PC
6606,22.3751134,11.966,6829.0,12.8125,335.493,1192.0,6477.7,4.24,1.47,10.2912,330.958061,-72.44083,PC
6607,0.664786,0.66,1215.0,5.36785,1137.76,1618.0,6333.0,4.28,1.35,11.7301,312.696269,-58.943302,PC
6608,0.433569,0.9778227,741.9430791,4.8760213,26682.4947351,3259.6904316,5967.0,3.9495,1.7628,8.98207,179.163601,-12.377519,APC
6609,4.1518071,2.653,1556.0,10.2109,596.999,1377.0,6702.0,3.72,2.71,11.6114,287.258761,-41.100082,PC
6610,1.2245052,1.091,24584.0,19.6011,302.765,1162.0,4337.4,4.58,0.7,12.0887,308.185081,-44.581239,PC
6611,1.1079142,1.106,36019.0,12.7389,177.728,1017.0,3969.0,4.66,0.59,14.8107,312.131066,-36.432345,PC
6612,3.3522572,1.934,6919.0,10.9307,277.825,1137.0,5951.0,4.19,1.39,12.3544,305.027554,-48.129533,PC
6613,3.7724643,2.099,8796.0,13.0104,277.764,1137.0,6170.0,4.23,1.38,12.0533,306.582801,-48.984798,PC
6614,1.040425,0.979,9568.0,11.6289,729.867,1448.0,4750.0,4.45,0.86,13.2735,292.384076,-34.096927,PC
6615,23.2490769,3.914,48641.0,15.7473,8.55956,476.0,4849.0,4.65,0.69,11.3272,355.545706,-47.913029,APC
6616,6.6210878,2.297,13071.0,9.48332,43.2116,714.0,4790.0,4.53,0.79,13.3396,323.284714,-29.117607,PC
6617,3.0449187,2.988,19894.0,20.761,699.098,1432.0,6026.0,4.22,1.36,12.3079,21.604688,-79.610747,PC
6618,2.6855972,1.744,31004.0,11.0734,49.8683,740.0,3822.0,4.64,0.62,14.3972,316.174214,-26.507097,PC
6619,15.7784931,3.3857406,6805.627558,18.2872401,342.2459459,1096.9941906,7447.0,3.79,1.6898,10.6845,117.894946,-60.41239,PC
6620,11.3498282,4.564,10625.0,12.2742,127.543,936.0,6009.0,4.34,1.18,13.29,340.362308,-38.413111,PC
6621,1.1602698,0.489,18692.0,18.336,29.2942,648.0,3692.0,4.57,0.7,14.3355,322.118531,-37.649275,PC
6622,12.6357243,3.717,8255.0,13.1329,71.1152,809.0,5951.0,4.17,1.41,12.5372,314.373719,-35.639977,PC
6623,2.3557153,1.866,740.0,1.98374,290.953,1150.0,4851.0,4.62,0.72,12.0721,114.419661,-58.061848,PC
6624,0.7941828,0.905,2393.0,8.86489,3545.12,2149.0,6397.0,4.16,1.55,11.417,320.412201,-34.459075,PC
6625,17.9217736,4.309,44474.0,16.7867,20.1338,590.0,5144.1,4.46,0.76,13.169,36.351144,-65.055381,PC
6626,10.9267866,6.548,9304.0,13.7902,252.912,1110.0,5792.8,4.3,1.46,13.0109,332.424127,-36.96281,PC
6627,3.1998039,1.816,3672.0,6.9761,192.578,1037.0,5430.0,4.3,1.15,13.2874,353.477124,-47.499264,PC
6628,10.1956949,1.526,3293.0,7.45333,22.0861,603.0,5791.0,4.29,1.21,11.5508,10.135045,-56.549045,PC
6629,8.5467163,3.813,2387.0,6.73372,144.761,966.0,5557.6,4.03,1.58,11.4741,1.99379,-68.226643,PC
6630,6.8392388,4.176,1213.0,3.74186,234.46,1090.0,5085.0,3.92,1.08,9.2231,167.88543,-22.07278,CP
6631,2.014214,1.854,971.0,2.55092,419.804,1261.0,5039.0,4.54,0.82,12.8958,89.516875,-56.346708,PC
6632,3.535713,2.148,3116.0,4.58576,191.782,1036.0,5222.0,4.52,0.86,12.5638,328.51748,-38.377419,KP
6633,2.7492112,1.866,26414.0,10.486,51.9039,747.0,3794.0,4.65,0.6,14.3703,21.823385,-77.941125,PC
6634,2.8411187,1.993,1915.0,5.54834,333.622,1190.0,5517.0,4.27,1.19,12.3104,40.756305,-70.514284,PC
6635,5.407469,2.87,13091.0,12.0272,143.073,963.0,5417.0,4.39,1.03,12.5602,328.529799,-41.845726,PC
6636,16.4547455,4.517,2186.0,4.11474,60.353,776.0,5826.0,4.47,0.98,11.5321,327.237993,-40.086569,PC
6637,6.4375108,2.572,730.0,2.10567,99.2729,879.0,5203.0,4.65,0.74,12.1851,70.371711,-60.407556,PC
6638,4.4738444,6.406,2985.0,11.2091,854.858,1506.0,4943.1,4.33,2.53,12.1331,322.622051,-26.773971,PC
6639,3.4894537,2.134,8533.0,11.1177,236.353,1092.0,5415.7,4.4,1.19,12.7844,334.487496,-38.032716,PC
6640,23.842,5.577,12487.0,17.1852,65.8313,793.0,5923.2,4.33,1.45,12.714,358.85855,-54.494961,PC
6641,3.4058883,2.364,16590.0,16.8846,485.219,1307.0,6302.0,4.30907,1.27,11.4553,169.43886,-19.054778,KP
6642,1.8778647,1.5178899,15157.0212857,13.2226172,763.2845047,1340.5757561,5100.0,4.4,0.927664,11.4907,313.624861,-29.527891,PC
6643,57.1050077,5.271,3388.0,5.93946,13.1521,530.0,5816.0,4.49,0.97,10.7052,16.276924,8.444581,PC
6644,5.1392756,2.426,862.0,2.17365,41.3052,706.0,4014.0,4.53,0.71,12.449,355.128863,-11.021495,PC
6645,8.2616616,2.862,1343.0,3.30997,66.2634,794.0,5281.0,4.53,0.86,11.5018,348.949031,-10.849739,KP
6646,6.3392677,3.02,1739.0,3.91968,120.002,922.0,5289.0,4.46,0.93,12.1093,352.713934,-11.077356,KP
6647,0.2803246,0.868,507.0,1.64829,3967.92,2211.0,4477.0,4.56,0.72,10.0298,350.917046,-1.189183,KP
6648,9.100412,2.181,1085.0,2.59387,28.6373,644.0,5013.7,4.58,0.77,9.3742,353.954352,0.444704,KP
6649,0.9494413,1.392,136.0,1.37109,2124.15,1185.0,5872.1,4.33,1.19,7.13,348.161066,2.685589,PC
6650,1.5109447,0.6401499,10693.4881603,1.2038917,98.1930529,802.8602204,5780.0,5.27596,0.114827,13.8529,346.626392,-5.043462,KP
6651,2.9944742,3.0998781,3499.7547124,8.6826968,1209.668769,1504.13344,5756.0,4.13367,1.44085,12.5377,24.192615,12.693358,PC
6652,19.8507621,2.249,1766.0,8.778562,48.5274864,673.1575152,9488.0,4.07548,2.35947,9.8532,150.433636,-59.850029,PC
6653,8.9000334,1.8542477,22163.2825659,15.1261771,144.377004,884.085476,5854.0,4.45956,1.0044,13.8694,19.461998,0.341952,PC
6654,13.9285074,3.9986123,13364.3594607,9.5784743,36.5645594,627.1693637,5103.41,4.52801,0.836141,12.8988,0.08468,5.044388,PC
6655,5.3920955,4.2434029,15466.3588483,18.2452387,534.3923671,1226.2663506,5752.18,4.14674,1.41933,11.5955,20.636935,13.352227,PC
6656,5.4977872,4.9400249,6357.7268879,14.0381026,974.2594349,1424.9131835,6281.0,4.05316,1.72746,11.1862,15.45314,9.798544,PC
6657,3.8068712,2.2690911,17898.9103154,8.6543461,52.8941941,687.8151709,3913.0,4.6113,0.647921,14.1277,352.232735,-14.210227,PC
6658,4.7443604,1.139,9002.0,7.57257,26.7153,633.0,5420.1,4.5,0.75,12.6204,341.160439,-18.9358,PC
6659,3.334884,2.559,12501.0,10.5691,394.819,1241.0,5771.0,4.51,0.93,12.8903,354.890085,-27.654129,PC
6660,1.3939452,0.922,5131.0,8.87293,947.874,1545.0,6140.0,4.42,1.09,13.1315,91.200646,-60.194076,PC
6661,7.5954765,2.533,45085.0,13.1172,11.0748,508.0,3768.0,4.68,0.57,13.6193,24.418283,-54.80939,PC
6662,1825.048364,3.62,2576.0,12.7111,0.0187275,103.0,6290.0,3.89,2.09,9.9309,352.949174,-17.448458,FP
6663,11.6332127,5.081,3480.0,10.264,126.951,935.0,5287.7,3.88,1.73,9.9623,163.032312,0.493167,KP
6664,6.0803777,2.486,1366.0,3.36588,43.6784,716.0,4275.7,4.37,0.89,10.508,352.157167,-23.270494,PC
6665,12.0101118,2.82,1204.0,2.28751,11.5571,513.0,4073.0,4.59,0.67,12.4722,90.396537,-58.470732,PC
6666,16.7382238,3.529,15139.0,9.09208,11.3359,511.0,4551.0,4.6,0.7,12.4031,34.403355,-52.867758,PC
6667,10.636983,5.378,2913.0,8.16912,301.85,1161.0,6297.0,4.1,1.65,12.5478,53.776203,-57.621974,PC
6668,2.7663479,1.212,2476.0,6.35856,416.97,1258.0,6413.0,4.4,1.19,13.1113,77.014975,-65.049061,PC
6669,26.3333899,2.783,8665.0,9.07333,5.51975,427.0,5309.0,4.46,0.93,12.1227,33.933641,-49.443527,PC
6670,0.6541517,0.823,35193.0,15.3922,159.123,989.0,3657.0,4.58,0.69,14.9737,355.409997,-28.336727,PC
6671,10.0512067,1.763,22227.0,5.57868,2.59874,353.0,3428.0,4.84,0.38,14.504,8.810668,-55.889296,PC
6672,3.3024845,1.465,1241.0,1.73871,26.3567,631.0,3634.0,4.75,0.49,11.8272,1.512156,-58.935221,PC
6673,9.6804752,3.922,10071.0,11.5702,100.27,881.0,5622.0,4.31,1.16,12.6565,21.648785,-63.96451,PC
6674,3.5137767,1.6884834,329.7309914,3.1403258,1686.8265023,1634.5091402,6279.8,4.26,1.59007,9.9362,111.601066,-54.452065,PC
6675,0.6183488,0.587,5306.0,10.2266,538.344,1341.0,5272.0,4.23,1.2,12.9887,342.792364,-6.779791,PC
6676,3.7942532,3.769,6913.0,11.3603,713.321,1439.0,5753.6,4.04,1.6,12.3945,4.043933,3.137181,PC
6677,8.2241876,3.501,8621.0,11.9576,117.339,916.0,5669.2,4.21,1.31,11.8423,3.539406,7.115538,PC
6678,7.8407154,2.891,5326.0,9.86579,100.923,883.0,5703.0,4.21,1.31,13.0613,31.091545,4.33968,PC
6679,15.5106583,4.356,5014.0,6.93651,48.5457,735.0,5472.0,4.37,1.06,12.6092,51.570524,23.000347,PC
6680,2.4465664,1.753,2778.0,4.74384,114.336,910.0,4185.5,4.37,0.88,12.7937,0.935669,11.332234,PC
6681,8.0179256,1.018,8684.0,9.29428,8.84387,480.0,5356.0,4.46,0.94,12.5227,21.602425,4.317341,PC
6682,3.6810755,2.49,8544.0,8.85628,259.808,1118.0,5465.0,4.46,0.95,13.0507,0.318198,12.040073,PC
6683,3.4106422,4.174,4984.0,11.8996,804.639,1483.0,5222.0,3.83,1.89,12.8562,3.276119,7.660267,PC
6684,763.9701133,3.659,28404.0,8.20454,0.0022765,60.0,3671.0,4.71,0.53,14.2212,49.593526,24.277814,PC
6685,36.2995129,4.4333923,1322.2472746,2.2115007,3.169782,340.3118696,4253.9,4.57,0.617519,9.8445,137.672815,-45.098845,PC
6686,6.6968572,3.398,589.0,3.89953,323.688,1181.0,6466.5,4.05,1.8,10.1341,104.11559,20.420768,PC
6687,12.4652143,3.635,1127.0,2.51956,67.0792,797.0,5647.1,4.55,0.88,8.9496,48.936836,18.484536,PC
6688,11.0248821,2.917,1943.0,2.46843,48.3251,734.0,3798.0,4.77,0.46,12.3252,70.149378,25.009813,KP
6689,18.8204255,2.4015591,983.8549658,3.5747237,32.1751474,607.4351032,5450.0,4.5378,0.868947,8.6781,121.454994,20.803931,PC
6690,2.668957,2.7508738,17029.8720026,16.1018337,1087.3617796,1464.5805607,5983.3,4.3234,1.19683,12.1616,116.578612,30.776661,FP
6691,3.5245689,3.150024,20956.9478296,17.3489851,795.9648554,1354.7002867,6203.0,4.37189,1.17724,13.1378,105.009764,11.045477,PC
6692,15.1771428,4.556,538.0,2.80249,115.579,913.0,6200.0,4.25,1.36,9.089871,147.221565,8.974037,PC
6693,33.5920255,6.385,3352.0,9.88421,134.883,949.0,5468.0,4.5,0.91,11.6575,164.189386,9.673946,KP
6694,2.0990836,2.343,501.0,4.13797,5728.08,2423.0,8853.0,4.18,2.0,10.1063,106.486751,11.772439,FP
6695,13.5853161,5.271,850.0,3.82513,156.928,986.0,5854.0,4.15,1.43,10.4398,163.02506,10.794672,PC
6696,6.8787507,2.599,359.0,3.45801,266.78,1125.0,6636.0,3.99,1.98,8.5885,110.194274,-55.379531,FP
6697,14.9166631,3.709,659.0,1.92053,81.9483,838.0,5434.0,4.6,0.81,10.2919,117.070656,30.184445,PC
6698,1.9769396,3.021,11495.0,15.8982,2535.55,1976.0,6440.5,4.12,1.65,12.7034,56.22842,45.507976,PC
6699,0.5661079,1.3796479,1527.0122818,7.764994,12859.6200896,2715.9813548,5517.0,3.99,1.65107,12.7726,254.242045,-68.709846,FP
6700,4.0802864,3.9569972,1196.0597801,3.8324012,108.6208553,823.3757159,5657.0,4.35534,1.09993,8.9797,310.2917,3.638297,CP
6701,14.4217699,2.3406411,2348.45658,9.4489967,299.9460099,1061.4035157,6026.94,3.92106,1.91917,11.4834,193.008793,26.673951,PC
6702,11.6515287,4.1130736,15415.73003,11.0647635,60.177006,710.3581928,5335.0,4.50186,0.891247,12.4434,207.488369,66.773769,PC
6703,4.8003341,1.9999398,6286.5016158,5.5672157,84.5628503,773.4186722,4664.59,4.60279,0.71163,12.7451,183.608978,5.29803,PC
6704,6.5883481,5.3652099,5547.4045934,9.5170822,153.6630881,897.9706432,6186.7,4.31682,1.24901,12.1938,184.083837,39.149853,PC
6705,19.9253903,7.1580751,4510.2840364,10.8355197,143.5992933,882.8924951,6213.0,4.11609,1.58437,10.6594,12.9724,57.364237,PC
6706,10.5465818,3.4172956,26790.7015542,18.8533824,127.8592096,857.6355078,5726.0,4.37006,1.0922101,13.2247,199.484552,16.418007,PC
6707,1.66402,3.397,7964.45,7.65443,8754.73,2694.0,4841.3,4.71,0.78,10.7014,147.005591,-48.320751,FP
6708,4.0802864,8.8064896,1970.1779923,6.5779189,0.6679202,230.5689844,5964.0,4.27302,1.26252,11.0866,139.231123,-20.676234,PC
6709,8.3106603,1.6506686,9717.1934198,8.109016,92.061739,790.0226507,5675.0,4.63371,0.802301,13.4184,185.205942,53.160817,PC
6710,17.8961832,5.8302347,6620.0097774,11.0501866,91.586263,789.0006014,5767.33,4.22267,1.30053,13.0658,178.369356,47.971471,PC
6711,4.0802864,13.4131846,1002.2730453,8.5614402,358.9407373,1110.1340849,6140.0,3.70561,2.5072899,8.18933,2.892723,4.767212,PC
6712,3.3706303,1.5183944,166589.9107386,9.3830336,6.6189834,409.0887836,3133.0,5.02671,0.222121,14.9046,173.469142,12.451091,PC
6713,7.0469744,2.519,830.0,3.84589,224.322,1185.0,5940.0,4.33,1.2,10.4505,344.835029,52.066799,PC
6714,19.7426904,5.0706841,1007.1165257,3.3470405,56.4862251,699.2063884,5985.0,4.44957,1.03501,10.6939,358.005905,-9.349538,PC
6715,8.330174,3.776804,8477.6052879,13.52336,286.3765268,1049.1899067,5858.0,4.3,1.3273,13.5242,339.077592,-46.312801,PC
6716,18.1070683,3.4544369,1920.6396242,3.3584758,8.0547175,429.6673243,4024.0,4.5752,0.677805,10.5941,333.155846,-24.209535,PC
6717,2.8625937,2.6639389,150.7007612,1.1780056,465.8154756,1184.8768866,5503.0,4.48743,0.930478,9.3703,326.381404,-51.564785,PC
6718,3.64376,3.38,3632.91,10.5098,2107.88,1887.0,5463.2,4.39,1.23369,10.298,149.225807,-33.799397,FP
6719,13.9223368,3.0897341,551.9568212,1.7196615,19.1604588,533.6066406,4468.0,4.54813,0.737084,11.5872,76.81876,-73.245857,PC
6720,3.2727859,1.703415,450.9235482,1.4541092,121.4028186,846.5974227,4550.0,4.62037,0.68788,10.61,9.866558,-80.569321,PC
6721,36.4358589,9.2522534,384.0441817,2.8743721,58.2895066,704.7212129,6597.0,4.28305,1.40426,5.6801,102.504272,-60.248678,PC
6722,4.9676784,0.926966,540.7934769,3.8407588,1216.4339161,1506.2320337,6971.2,4.22817,1.57506,8.7302,352.756421,-19.489929,PC
6723,16.8267434,2.4103679,1999.9128429,2.9646311,7.2034173,417.8345932,3944.0,4.62692,0.628984,11.4353,312.359236,-57.480062,PC
6724,1083.5575987,8.3500813,2930.0714108,13.8558129,1.6153271,287.5311275,6002.0,3.68023,2.52105,10.4547,300.559621,-39.506572,PC
6725,3.4770171,2.5101218,19986.4253524,11.8571021,253.0737249,1017.2589369,5225.91,4.53759,0.84127,13.6336,129.178395,19.173801,PC
6726,3.3795099,2.7055281,18575.2343451,10.862172,235.0109316,998.6004687,5203.0,4.57695,0.799465,13.8213,245.55467,63.71758,PC
6727,3.7120776,3.0734816,1532.3995669,5.11821,637.0950531,1281.3589533,5501.09,4.19961,1.29268,11.2167,95.689686,36.598103,PC
6728,4.4284676,2.4495032,11582.5189831,7.976213,45.5373857,662.5394963,3893.0,4.58525,0.680198,14.0865,104.871326,51.045827,PC
6729,6.9055862,3.2073505,1105.8311128,4.752734,232.4514475,995.8703751,5846.0,4.4,1.07907,10.234,99.953812,-42.045199,FP
6730,2.514016,3.3867298,13192.2168247,14.2727857,812.8711387,1361.8371447,5585.0,4.34946,1.10185,13.7111,271.511307,78.061627,PC
6731,16.2516893,8.327,183.0,2.623,422.355,1262.0,6696.0,3.89,2.24,8.96016,43.350899,83.51062,PC
6732,7.63779,2.251,318.0,2.22751,85.4903,847.0,5924.0,4.24,1.31,8.5627,83.14519,36.112303,PC
6733,0.5843146,0.555,1043.0,5.71748,2879.92,2040.0,6870.8,4.28,1.46,10.4371,74.086436,38.669537,PC
6734,9.3079811,3.235,6907.0,18.225,404.641,1249.0,6076.4,4.41,1.1,11.926,108.653871,21.40386,PC
6735,2.4915545,1.2,667.0,5.46811,1164.51,1627.0,8013.0,4.13,1.98,10.5681,78.332435,31.375829,PC
6736,3.9155539,3.72,12003.0,16.5322,887.712,1520.0,6285.0,4.11,1.62,12.8463,108.382077,9.639457,PC
6737,9.7716812,5.281,4411.0,9.12933,370.095,1221.0,6518.8,4.23,1.47,13.2757,80.701607,12.289196,PC
6738,14.2308461,5.835,4278.0,9.75869,149.441,974.0,5787.9,3.96,1.77,12.292,64.969737,10.469385,PC
6739,0.7603078,0.363,5657.0,14.9311,118.365,918.0,4069.0,4.53,0.72,12.3552,75.408317,22.890447,PC
6740,1.03604,1.855,250.0,3.52761,21307.5,3365.0,9622.0,3.95,2.74,9.0188,118.004229,10.249288,FA
6741,3.6688102,2.151,8447.0,9.85973,265.932,1125.0,5821.5,4.36,1.12,13.3268,95.862582,25.543291,PC
6742,25.714253,6.373,33131.0,15.8297,45.1202,722.0,5677.8,4.58,0.86,12.1157,65.839526,24.897315,PC
6743,5.0989519,2.118,4236.0,7.74162,198.038,1045.0,6305.0,4.34,1.24,12.7166,88.252551,19.288231,PC
6744,6.7274903,2.944,15103.0,11.3939,127.411,935.0,5221.4,4.44,0.94,12.7155,147.084395,8.055486,PC
6745,91.9283414,4.343,7033.0,9.22033,2.09153,335.0,6118.4,4.39,1.13,12.24,88.686624,17.212515,PC
6746,5.9785287,2.481,59578.0,13.9371,15.6338,553.0,3674.0,4.66,0.59,14.8966,101.98876,22.935209,PC
6747,8.2864221,5.859,3916.0,9.77567,368.205,1220.0,5643.0,3.95,1.76,12.1756,87.32422,28.369198,PC
6748,4.3427321,1.23,7461.0,13.7163,53.9765,755.0,5737.3,4.35,1.12,13.0985,120.69024,21.659686,PC
6749,3.8978437,3.523,14344.0,13.8047,785.026,1474.0,6280.0,4.34,1.24,13.3511,92.343212,23.791831,PC
6750,719.5740937,2.942,19525.0,10.9394,0.0051995,74.0,4854.0,4.55,0.78,12.7026,175.578807,-0.699336,PC
6751,4.0802864,4.029,9640.0,17.7255,365.719,1185.0,4654.2,4.59,0.72,11.2248,124.274902,8.248819,FA
6752,7.2218817,2.116,8080.0,13.5058,188.768,1032.0,6172.8,4.39,1.15,12.9171,111.764498,26.928341,PC
6753,2.2183625,2.773,4409.0,11.9385,1682.8,1784.0,6307.0,3.98,1.89,12.8582,98.840643,15.183422,PC
6754,8.9533044,5.747,6349.0,11.7455,530.449,1336.0,5808.0,4.12,1.46,13.1823,158.158632,12.678595,PC
6755,9.765482,5.01,2552.0,12.1312,281.81,1141.0,5887.0,3.73,2.35,11.7123,177.760407,-0.674683,PC
6756,2.8398671,3.091,8268.0,13.7553,964.812,1552.0,5954.0,4.13,1.48,12.8359,84.179464,23.902345,PC
6757,1.763034,1.849,21098.0,9.55649,165.366,999.0,3958.0,4.59,0.67,14.4404,114.871325,9.236081,PC
6758,10.298566,2.022,4219.0,4.00839,9.32109,486.0,4201.6,4.61,0.67,12.2709,117.990508,18.126386,PC
6759,1.3809769,1.229,927.0,5.73354,1739.39,1799.0,7445.4,4.3,1.53,11.8356,93.240035,11.99264,PC
6760,4.8789974,6.112,4762.0,15.3642,2600.12,1989.0,6473.0,3.78,2.46,13.1593,88.44156,18.478748,PC
6761,1.9207699,1.448,8247.0,13.6773,868.038,1512.0,6039.4,4.2,1.38,13.3117,89.372227,17.772453,PC
6762,48.0511988,4.3070574,14503.3604877,12.8456117,12.5271592,479.8250298,5354.96,4.45894,1.0417,11.2595,77.383578,-64.026083,FP
6763,0.3052608,0.309,1620.0,2.03448,196.562,1043.0,3338.0,4.85,0.37,12.5437,111.870696,11.466281,PC
6764,2.9371797,4.009,6422.0,15.95,2484.67,1966.0,6610.0,3.91,2.17,13.4258,83.554033,26.679569,PC
6765,11.2320736,2.549,5174.0,7.84543,136.426,952.0,6234.0,4.47,1.06,10.9542,90.951009,19.213328,PC
6766,5.6906792,5.548,3155.0,15.1551,1362.1,1692.0,6749.0,3.63,3.03,12.3361,106.522483,10.732296,PC
6767,12.3027503,3.596,1304.0,2.60986,46.2908,726.0,5181.1,4.62,0.76,10.7077,111.928044,9.96955,PC
6768,14.8547783,5.931,8228.0,11.426,180.979,1021.0,6397.0,4.26,1.39,12.9455,104.101096,19.321622,PC
6769,13.2272686,1.676,11013.0,12.0458,11.0108,507.0,5648.0,4.33,1.13,13.0434,124.713379,20.052456,PC
6770,6.5202038,4.73,9263.0,16.0234,618.612,1389.0,6628.0,4.13,1.68,11.9687,105.364062,16.369192,PC
6771,5.4911822,0.523,4727.0,11.618,10.7412,504.0,6250.0,4.29,1.3,12.4004,97.003535,12.613957,APC
6772,3.2232502,3.185,7301.0,11.4574,1730.82,1796.0,7164.1,4.33,1.44,13.4456,93.036822,20.577124,PC
6773,21.3764237,4.7666334,786.0019744,2.6824173,23.8245444,563.4766198,5591.0,4.38111,0.811463,10.749,73.138235,-64.928868,PC
6774,2.0478359,1.559,40591.0,12.2554,71.7485,810.0,3854.0,4.63,0.63,14.9577,110.741054,22.48931,PC
6775,3.7279887,3.303,13982.0,18.1003,859.131,1508.0,6514.0,4.17,1.58,13.3694,94.245362,24.803014,PC
6776,5.1391542,0.633,6171.0,10.2495,26.3552,631.0,5974.6,4.48,1.0,12.2479,92.092038,33.732462,FP
6777,0.8204734,1.171,2903.0,8.70762,1962.4,1854.0,5956.8,4.1,1.55,12.9312,114.586421,19.531926,APC
6778,4.0207557,2.017,1556.0,3.74825,124.569,930.0,5019.9,4.41,0.95,11.4374,168.324059,-2.787764,PC
6779,5.1185703,6.274,2687.0,11.7972,2080.26,1881.0,6547.8,3.76,2.55,12.1032,92.934009,25.038945,PC
6780,12.3900547,5.787,6904.0,9.88852,327.708,1185.0,6824.2,4.36,1.33,13.4137,93.081227,13.953313,PC
6781,160.6760208,9.5344918,959.8285715,3.2160534,2.4672264,319.6480066,5389.7,4.29499,1.02412,10.8865,75.793998,-66.358346,PC
6782,5.9815745,2.5574444,41908.6246041,13.6663996,46.0989705,664.5727909,4403.0,4.6285,0.667127,14.034,271.178306,70.430348,PC
6783,3.1381914,2.7306785,15708.9640285,12.7099203,418.5038868,1153.5717806,5210.0,4.37321,1.0165401,14.3021,291.191388,64.618252,PC
6784,0.8602406,0.5124345,719.5357708,0.9718795,112.3971391,830.4405814,3450.0,4.89044,0.33819,10.4276,68.178987,-39.790874,CP
6785,3.6942604,1.1278521,832.8225921,1.0428407,16.1019503,510.9040793,3450.0,4.89044,0.33819,10.4276,68.178987,-39.790874,CP
6786,4.9652069,0.9361524,633.0580849,0.8566925,10.8558882,462.9521337,3450.0,4.89044,0.33819,10.4276,68.178987,-39.790874,CP
6787,1.3059494,1.086804,8517.9333335,7.489346,532.682437,1225.2842303,5107.3,4.33,0.732116,12.6862,326.64701,-31.006241,PC
6788,17.2367433,5.529651,946.1500622,3.9264923,83.13956,770.1435456,5911.15,4.33608,1.1687,11.0921,30.218314,12.583289,PC
6789,21.9903619,3.8732381,1122.3021089,4.6034655,56.4700581,699.156353,5294.0,4.14669,1.33417,11.2235,55.255931,13.519187,KP
6790,8.8349261,6.2442811,6132.2553437,9.0595904,41.4198706,647.0263001,3303.0,3.84689,1.1499799,12.8131,63.928339,29.166542,PC
6791,4.7645838,0.9332304,855.7217275,3.1594083,288.0706551,1050.7381592,5432.25,4.37517,1.0462199,10.0394,45.860656,17.808283,PC
6792,5.9693397,3.441038,105.5424205,1.3473608,334.6170929,1090.8292631,6007.0,4.37729,1.12993,6.3103,103.678273,24.245141,PC
6793,28.0693949,6.0393818,154.3008171,1.6221344,42.4755605,651.1102456,6007.0,4.37729,1.12993,6.3103,103.678273,24.245141,PC
6794,2.1659522,1.5926216,431.2815173,2.9108183,1867.8804075,1676.7063776,6194.54,4.28076,1.30635,10.6839,61.131862,16.216647,PC
6795,4.7335575,3.2089234,930.2503519,5.3852666,850.4828102,1377.3240616,5496.0,3.93163,1.75896,11.6736,123.381848,16.419516,KP
6796,2.3475051,2.8281222,1972.3718293,5.4152906,1270.9181315,1522.8220038,5924.0,4.31001,1.20432,12.0086,289.332853,38.348899,PC
6797,1.5142292,1.7190416,5271.4558635,11.6042711,4024.5979419,2031.4230444,6616.0,4.2907,1.39196,12.367,308.160533,40.778443,PC
6798,4.5565614,2.7966471,5389.4106193,11.372041,926.3925066,1407.0790858,6616.0,4.2907,1.39196,12.367,308.160533,40.778443,PC
6799,8.6078603,3.6798697,555.0621766,2.6206141,117.5495324,839.7982707,5447.0,4.39971,0.968149,9.3553,69.704221,-36.681326,APC
6800,11.714447,3.5131822,12763.9935022,11.53374,53.7953827,690.7263119,5165.0,4.48308,0.885629,13.9354,295.49671,42.537932,KP
6801,4.1866989,6.5543918,2199.8936304,13.6762774,3868.6055276,2011.4459246,6309.0,3.62105,2.85361,8.49335,168.416829,51.177452,PC
6802,5.4809114,4.908,2237.0,8.44272,736.085,1451.0,5907.0,3.99,1.72,10.388,204.439616,48.246384,PC
6803,31.6527509,3.72,940.0,3.1745,17.5796,570.0,5626.0,4.44,1.0,8.7622,352.291773,66.099275,PC
6804,7.7517707,3.975,4381.0,7.24338,201.798,1050.0,5741.0,4.24,1.27,11.5622,133.99297,-14.358967,PC
6805,2.1449013,3.043,6115.0,10.5098,365.719,1185.0,5801.0,4.33,1.23369,11.9453,163.574892,-36.271069,APC
6806,1.7346044,1.084,1007.0,4.46251,627.153,1427.0,6850.0,4.26,1.49,9.9853,144.074277,-40.626972,PC
6807,5.0957983,1.772,714.0,1.92318,28.5068,643.0,4197.0,4.56,0.7,11.4398,71.110002,16.518582,KP
6808,9.1258136,3.173012,169.7218223,0.9704787,42.107688,649.6958588,4747.13,4.56794,0.750709,7.5621,299.638248,-54.937423,PC
6809,8.754708,3.4644403,1527.6748939,3.5438108,117.8260362,840.2916858,5888.0,4.57,0.889347,11.584,52.888852,22.434819,KP
6810,15.0867738,2.1250291,1911.9221796,2.0905859,3.5705631,350.5935542,3570.0,4.83196,0.471842,12.1293,87.739087,-76.61961,PC
6811,4.0802864,2.85547,409.3413481,2.416155,35.6346136,623.1430608,6186.0,4.37093,1.17357,7.9859,38.206634,5.209801,PC
6812,425.4506963,2.9472616,4753.2829943,2.0762333,0.2314879,176.9097782,3261.0,4.92925,0.296806,11.6627,121.059967,11.266937,PC
6813,59.8473992,4.3696664,11392.7507656,11.7556773,0.4688342,211.0447631,5765.3,4.38,1.09215,11.3281,54.274323,19.499595,PC
6814,31.1571613,5.9839922,336.5990841,2.6946338,62.3345745,716.6415747,6317.08,4.2542,1.3783,9.57157,38.742213,9.845805,PC
6815,4.0802864,5.1289452,3407.8486864,3.5506895,0.0279229,104.2581018,3683.0,4.72407,0.515263,12.7079,94.206431,24.595834,KP
6816,748.7146251,6.6689152,1655.3509066,3.4308988,0.1991332,170.3749226,5235.0,4.5339,0.844852,8.3323,108.993831,18.691658,PC
6817,1.2117417,1.046,33487.0,12.6463,63.3975,786.0,3521.0,4.6,0.66,14.7975,75.876995,35.183943,PC
6818,4.6017382,2.615,17212.0,17.8729,290.348,1150.0,6233.0,4.25,1.37,12.9994,72.630009,43.065498,PC
6819,13.414031,4.578,6670.0,8.766,81.9067,838.0,5614.0,4.31,1.16,13.1421,90.244747,62.693985,PC
6820,1.4956727,1.965,3708.0,6.10516,658.968,1411.0,4812.0,4.28,1.06,11.9409,76.241952,43.258963,PC
6821,14.8011934,3.42,345.0,2.44796,55.7499,761.0,6138.6,4.07,1.42,9.8106,83.38224,-62.109022,PC
6822,33.6336133,5.352,384.0,2.30517,27.3212,636.0,6138.6,4.07,1.42,9.8106,83.38224,-62.109022,PC
6823,672.6366236,7.4883769,423.1260918,2.9749826,1.0263046,256.7076521,6138.6,4.07,1.41864,9.8106,83.38224,-62.109022,PC
6824,1.5829358,1.64,11242.0,8.45955,945.563,1544.0,6047.9,4.68,0.81,13.4815,89.836331,35.278155,PC
6825,0.9902419,1.405,16490.0,15.3849,1227.07,1648.0,5643.0,4.25,1.25,13.4136,91.995028,46.117884,PC
6826,15.1389808,2.71,1596.0,4.03127,67.4078,798.0,4448.2,4.6,0.7,10.7962,70.715328,51.527177,PC
6827,0.3695622,0.446,2001.0,4.9835,1668.78,1780.0,5661.0,4.5,0.94,12.2414,78.466062,68.467793,PC
6828,1.8819016,1.162,5107.0,7.09086,128.796,938.0,4704.0,4.36,0.95,13.2387,97.425171,65.731761,PC
6829,9.9444971,3.171,3078.0,11.3375,147.904,971.0,6576.0,3.93,2.1,11.2722,284.14342,33.502922,PC
6830,0.9602835,1.497,3132.0,6.0323,2118.57,1890.0,5708.0,4.38,1.08,12.9691,285.826291,34.882431,PC
6831,16.179367,3.903,10730.0,10.3462,35.5088,680.0,5576.0,4.37,1.07,12.6255,282.269154,25.693224,PC
6832,27.035894,3.477,3817.0,6.01419,18.0249,574.0,4225.0,4.62,0.66,12.6338,287.702777,78.732191,PC
6833,11.3689753,5.492,5979.0,9.89847,206.513,1056.0,6076.0,4.26,1.31,12.4889,111.171233,58.549323,PC
6834,16.051106,1.3968229,2768.5212418,2.5869212,2.7275631,327.7656616,3482.0,4.438,0.419457,10.9102,97.095717,-65.578615,CP
6835,37.4236838,3.3650101,737.5519387,1.3296571,0.8822386,247.1816698,3482.0,4.438,0.419457,10.9102,97.095717,-65.578615,CP
6836,9.977273,2.2583631,459.8525479,0.9617288,5.1416079,384.055942,3482.0,4.438,0.419457,10.9102,97.095717,-65.578615,CP
6837,27.8096898,2.9558823,406.8232517,0.9491858,1.3107501,272.8976058,3482.0,4.438,0.419457,10.9102,97.095717,-65.578615,CP
6838,2.7897577,3.375,3360.0,15.2527,1126.92,1614.0,5794.0,3.52,2.92,12.5322,206.086781,85.112826,PC
6839,16.3475547,1.873,46329.0,13.2139,1.37516,301.0,3662.0,4.61,0.65,14.5962,275.44055,28.467918,PC
6840,4.9792822,4.331,4376.0,12.0483,1039.87,1582.0,6677.0,3.95,2.07,12.866,280.461822,26.937022,PC
6841,0.7331156,0.559,45524.0,13.8557,48.0269,733.0,3326.0,4.77,0.46,14.2717,136.631085,70.886829,PC
6842,9.8162989,5.37,2369.0,9.90817,250.587,1108.0,5755.9,3.77,2.18,12.5926,282.64336,40.601236,PC
6843,8.1420107,1.89,5380.0,8.96217,54.4532,756.0,6089.0,4.28938,1.27,12.8725,164.988266,64.643718,PC
6844,51.9120896,4.975,15569.0,9.69324,5.28684,422.0,5437.0,4.55,0.86,12.8066,310.040594,62.280407,PC
6845,1.5342604,3.271,1768.0,6.09992,15822.4,3124.0,8194.0,4.28,1.7,12.695,315.213643,48.803268,PC
6846,0.8406912,1.489,2554.0,4.77919,1679.35,1783.0,5170.0,4.42,0.95,12.9055,216.988253,79.450396,PC
6847,2.3206673,0.969,2935.0,4.047,42.4124,710.0,4231.0,4.61,0.67,12.9341,299.513133,55.651029,PC
6848,13.697384,4.783848,1061.94658,4.211945,96.8938034,800.1911623,5837.0,4.37713,1.10089,10.966,64.52165,-53.80127,FP
6849,4.1976032,1.971,10045.0,11.3523,149.237,973.0,5617.0,4.29,1.18,13.0287,304.36076,58.427382,PC
6850,19.394038,4.082,10061.0,10.5887,25.3617,625.0,5493.0,4.35,1.08,12.9664,319.57696,41.398944,PC
6851,4.0197822,3.18,5109.0,9.47332,653.222,1408.0,6208.0,4.21,1.42,13.3792,309.116634,50.597122,PC
6852,4.2451891,2.663,5546.0,7.66981,221.068,1074.0,5358.0,4.37,1.05,12.6968,311.769968,37.26488,PC
6853,0.7406805,0.598,2428.0,6.53553,854.861,1506.0,6204.8,4.44,1.08,12.5233,288.016564,44.496438,PC
6854,7.0687489,0.515,50423.0,14.0241,0.313028,208.0,3368.0,4.77,0.47,14.3528,178.176278,48.352211,PC
6855,1.598803,2.438,14208.0,15.4905,11433.8,2880.0,9488.0,4.58,1.32,13.3901,307.898168,39.796755,PC
6856,5.0826878,5.11,7327.0,19.0027,1426.43,1712.0,6743.0,3.83,2.42,13.1719,299.074389,44.432298,PC
6857,20.3158735,5.276,39235.0,17.8657,37.1984,688.0,5725.0,4.53,0.91,12.9092,221.073871,77.946044,PC
6858,48.2590904,6.299,6743.0,7.87933,13.5351,534.0,5936.0,4.61,0.85,12.7199,273.788901,50.862739,PC
6859,3.568141,1.4556337,906.9993541,2.0483578,49.3636227,676.0386184,4015.0,4.61505,0.577735,11.8371,56.174949,-65.198339,PC
6860,3.1642475,1.115,2330.0,10.4341,296.494,1156.0,6975.0,4.01,2.02,11.3226,300.366236,54.927126,PC
6861,49.5355004,8.483,5687.0,10.5617,27.5628,638.0,6173.0,4.26,1.33,12.2564,304.209848,56.590341,PC
6862,2.8583729,1.236,11829.0,16.0985,259.61,1118.0,5537.0,4.27,1.19,12.9085,320.914125,37.759522,PC
6863,2.3404152,2.522,11265.0,13.0087,1539.65,1745.0,6686.0,4.34,1.33,13.1587,312.781068,34.440642,PC
6864,1.9639208,1.467,30553.0,12.0421,74.4726,818.0,3914.3,4.52,0.71,14.0905,168.703812,53.511708,PC
6865,66.9954225,2.024,5477.0,11.7213,1.51166,308.0,6078.0,4.14,1.51,11.3683,266.122221,62.555116,PC
6866,65.5580424,4.167,6381.0,5.53264,0.95388,275.0,4340.0,4.54,0.74,13.0172,266.836955,65.632257,PC
6867,4.2885021,1.427,4402.0,11.61,97.7022,875.0,5937.5,3.99,1.75,13.0105,284.738548,47.169508,PC
6868,2.4596079,2.168,2195.0,4.09395,448.314,1281.0,5340.0,4.48,0.92,12.9405,287.160637,57.377572,PC
6869,1.9271521,1.201,58745.0,13.364,29.2163,647.0,3516.0,4.7,0.55,14.8347,183.519002,48.359133,PC
6870,8.6729683,2.9598885,724.6732153,2.28271,114.2649808,833.8694004,5384.0,4.54758,0.91,10.2036,57.999823,-59.882442,PC
6871,22.5683342,4.217154,890.0280317,2.479501,31.9254837,606.2533077,5384.0,4.54758,0.852304,10.2036,57.999823,-59.882442,PC
6872,2.5604522,1.312,427.0,1.63806,102.168,885.0,4679.0,4.54,0.77,9.6396,334.163501,52.924493,PC
6873,1.7911016,1.3192751,12254.9439752,7.0726104,114.7997816,834.843394,3718.0,4.62057,0.636647,14.367,186.012762,42.684124,PC
6874,3.8142936,1.346,510.0,1.23497,84.1685,843.0,3625.0,4.7833,0.5,10.1428,91.089986,-55.311538,CP
6875,47.0193803,5.7022984,1272.0666424,3.1225317,8.6424554,437.2995565,5249.18,4.68369,0.877877,11.4994,106.477148,-72.558765,PC
6876,719.0381327,5.4244096,4851.4092337,16.6333557,0.8538315,245.1674374,5709.6,3.53,1.4981,8.3643,74.752657,-49.736179,PC
6877,52.7993058,6.11948,541.2696023,2.3982714,10.9718358,464.183367,5409.22,4.46229,1.02101,10.0906,98.729589,-67.537274,PC
6878,17.4757465,4.6911418,163.268484,1.4862817,47.9221101,671.0482261,5409.22,4.46229,1.02101,10.0906,98.729589,-67.537274,PC
6879,1.996071,5.910879,352.76672,1.947951,1372.564389,1552.397488,6636.0,4.60452,0.975121,10.8623,82.764859,-70.357179,FP
6880,32.3766006,3.8827521,52579.8740908,3.6771515,4854.6878282,2128.9236019,50000.0,5.80276,0.147,13.987,65.655386,-54.147179,APC
6881,777.0516742,4.3877266,7211.9264886,1.3396102,70.1244992,738.052393,50000.0,5.80276,0.147,13.987,65.655386,-54.147179,PC
6882,216.24584,1.0703729,5045.1950681,18.5681404,312.4351835,1072.2837713,7053.0,4.22463,1.59688,8.488401,124.748703,-65.278089,FP
6883,18.3841827,3.6024351,1060.8710116,2.1764029,10.4112225,458.1368039,4356.0,4.60471,0.681407,11.7481,62.516131,-61.942668,PC
6884,35.9427986,2.6194093,1154.5959555,2.4536151,4.2587124,366.3863856,4356.0,4.60471,0.681407,11.7481,62.516131,-61.942668,PC
6885,9.531366,1.673,916.0,2.24794,19.4095,584.0,4504.0,4.58833,0.72,9.9059,92.936106,-65.825839,CP
6886,51.6991421,4.371,1339.0,2.45531,2.70562,357.0,4504.0,4.58833,0.72,9.9059,92.936106,-65.825839,CP
6887,53.746482,5.592988,1557.541816,3.263156,3.3582641,345.2617451,4504.0,4.58833,0.842645,9.9059,92.936106,-65.825839,FA
6888,84.83869,5.194,1020.0,2.03857,1.21501,292.0,4504.0,4.58833,0.72,9.9059,92.936106,-65.825839,CP
6889,35.9995671,4.3809867,1120.0893433,2.5392584,3.7788245,355.5976887,4316.7,4.60858,0.651075,10.6925,102.021376,-65.624257,PC
6890,1.8715139,1.0161996,255.3647328,1.1134808,194.7581685,952.7822768,4316.7,4.60858,0.651075,10.6925,102.021376,-65.624257,PC
6891,4.3239398,1.372,900.0,1.48051,16.8196,564.0,3782.0,4.438,0.47,11.5436,92.392417,-53.822988,PC
6892,10.1775253,2.0928209,953.678712,1.5538939,7.5929377,423.3720746,3782.0,4.438,0.473141,11.5436,92.392417,-53.822988,PC
6893,19.2879717,2.0923185,4598.4816256,1.5946643,0.7212864,235.0426567,3075.0,4.438,0.229824,13.5308,113.852328,-73.577409,CP
6894,0.83707,2.497,2745.5,2.98849,2645.93,1998.0,3776.0,4.72,0.52,12.4268,136.238912,-18.502674,FP
6895,0.53079,1.238,1113.07,10.5098,977.343,1557.0,3788.4,4.87,1.23369,11.4407,147.970536,2.116647,FP
6896,12.8650769,3.979,1070.0,1.90058,40.6428,703.0,5031.0,4.33,0.81,11.4845,94.167445,-62.648403,FA
6897,4.109953,4.641,434.0,1.81345,1091.8,1601.0,5653.0,4.46,0.97,9.0349,128.144178,-36.346818,FP
6898,3.16043,1.922,203.33,2.38866,616.95,1388.0,6482.3,4.21,1.52,8.8154,118.037196,-37.799016,FP
6899,12.2877358,4.445,315.0,2.09232,127.181,935.0,6008.62,4.21807,1.3,10.1805,63.199385,-64.347805,PC
6900,15.3004892,3.1952319,1265.2897827,2.3968761,17.0816408,518.5040418,4082.0,4.63162,0.660762,11.9755,62.379568,-62.850656,PC
6901,1.4178596,1.452,204.0,1.10894,452.395,1284.0,4907.96,4.57809,0.76,10.0686,103.243335,-70.641686,PC
6902,3.21264,0.6006982,510.1236296,2.0575829,327.7849685,1085.2180486,5330.0,4.51,0.88283,9.7333,112.555258,-58.53966,PC
6903,0.9889446,1.681,979.0,7.2993,33896.0,1185.0,6173.3,4.22,1.5,10.2658,133.964876,-20.274779,FP
6904,0.46132,1.32,220.0,1.89253,13156.0,2983.0,6629.0,4.41,1.21,10.1007,113.88333,-36.386962,FP
6905,4.7244442,0.999,1480.0,1.97562,6.29202,441.0,3653.0,4.74,0.5,11.0002,130.736931,-2.498585,PC
6906,0.7499711,1.0576059,441.8866633,1.0797147,241.1610487,1005.0705332,3653.0,4.74,0.497204,11.0002,130.736931,-2.498585,PC
6907,1.60245,0.312,890.0,4.69411,55.2437,759.0,5648.0,4.33,0.98,10.5656,146.891712,-7.33087,FA
6908,4.0802864,2.9940024,1351.8684487,4.6946202,6.3171718,404.3434586,6023.2,4.05,1.23299,10.5568,176.035412,-9.948864,PC
6909,3.0876297,2.2386246,40411.8142459,13.9011294,95.8571812,798.0423026,4105.0,4.438,0.69386,14.9181,149.823667,-27.392817,CP
6910,0.3219233,0.199,204.0,2.66076,469.443,1296.0,3518.0,4.82492,0.46,8.031941,146.121464,-45.779016,CP
6911,0.7683904,1.0241242,903.9933214,1.1406447,112.6409067,830.8904817,3329.0,4.94957,0.374139,10.5848,154.644903,-11.717801,CP
6912,12.2534308,1.369949,3729.6347091,2.2967944,2.8062634,330.1048127,3329.0,4.94957,0.374139,10.5848,154.644903,-11.717801,CP
6913,4.8847937,2.51,478.0,1.94753,223.094,1076.0,5969.0,4.5172,0.94,8.8411,159.409318,-40.888259,CP
6914,4.7535388,1.0905965,225793.1060958,12.1863496,2.6086289,324.1326821,3010.0,5.10976,0.20128,15.173,160.889636,-44.621815,PC
6915,2.593694,3.054429,526.784827,2.980736,4.3241755,367.7863249,5316.6,3.88,1.28725,9.5215,94.754704,-63.864708,FP
6916,4.9899176,1.3819654,18931.4105812,2.9858436,2.2410792,312.0570889,2940.0,5.14315,0.17143,13.5571,165.690484,-16.406444,CP
6917,0.9479945,0.564663,4200.52889,1.1926392,20.5198379,542.829237,2940.0,5.14315,0.17143,13.5571,165.690484,-16.406444,CP
6918,1.7318529,1.6919639,36359.4301748,12.0299493,86.6365464,778.1172307,3394.0,4.9186,0.615219,14.7599,171.014792,-19.556959,CP
6919,3.4405974,2.486,8450.0,9.04642,379.53,1229.0,5324.0,4.43563,0.94,12.7474,94.535471,-57.558727,PC
6920,9.0150283,1.5474455,4828.3944779,10.4628284,188.1798046,944.63276,6083.61,4.3203,1.1584001,11.6049,104.991003,-57.618675,PC
6921,2.131225,3.006,479.0,1.98371,3661.38,2167.0,5776.0,4.40631,0.97,9.529,152.118034,-50.307503,PC
6922,7.5768334,2.073,289.0,0.867887,26.1371,629.0,3766.0,4.75957,0.53,7.66874,140.399376,-60.281169,PC
6923,0.963081,2.378514,244.261214,2.727644,23744.773941,3166.006188,8688.0,4.32187,1.68698,8.6333,140.056794,-53.119685,FP
6924,2.2284671,1.5708912,15402.4299594,10.9560053,378.6482626,1125.0679205,5156.0,4.46838,0.824288,14.3858,156.572646,-23.508063,PC
6925,4.3176859,1.822,11283.0,13.3926,229.962,1084.0,5700.0,4.50578,1.11,9.7566,165.399368,-23.860946,KP
6926,1.0791105,2.541,570.0,2.28894,5145.59,2359.0,5741.0,4.47122,0.97,10.5488,147.757437,-55.318299,APC
6927,10.980302,1.597,8560.0,9.67383,24.3873,619.0,5614.9,4.47,0.96,11.3786,99.620795,-67.64895,PC
6928,1.6827896,3.0183509,8077.8824916,14.8004637,4170.1035015,2049.5402806,6271.0,4.08214,1.56803,10.349,185.324682,-52.840816,KP
6929,2.0219583,2.681,10040.0,20.1548,3208.41,2096.0,7000.0,4.13412,1.94,10.3182,196.043793,-35.549529,KP
6930,0.63554,1.257326,51164.635251,14.372489,233.5126927,997.0050832,3602.0,4.8169,0.442,13.9372,187.781988,-23.773715,APC
6931,0.8378445,1.768,20450.0,15.1164,2569.0,1983.0,5600.0,4.43826,1.02,13.3898,173.95742,-29.156064,KP
6932,4.7228146,2.1894174,22675.3812671,12.1376504,111.2989974,828.404716,4803.0,4.64154,0.793235,12.4806,174.009869,-29.543364,KP
6933,5.7481344,2.6720121,12292.0460655,13.2374347,345.7199266,1099.7674271,5900.0,4.52994,1.12783,11.3743,176.299052,-42.063958,KP
6934,0.555255,1.622036,23416.400387,18.630967,5682.436709,2214.386379,5591.0,4.38111,1.06168,14.3042,178.074448,-47.583414,APC
6935,3.8639768,2.0935118,7570.2839947,12.6541539,733.3241992,1327.2225556,6214.0,4.26729,1.22623,12.2397,189.297113,-42.413637,PC
6936,2.5404679,2.154,572.0,2.15331,622.47,1391.0,6003.0,4.47356,0.99,9.4628,190.036564,-44.312078,CP
6937,6.7418796,1.3710857,450.5420649,2.1138482,193.8322952,951.6478794,6003.0,4.47356,0.986649,9.4628,190.036564,-44.312078,KP
6938,1.2392528,1.1492706,2777.3856259,2.8667121,111.0562907,827.9527263,3614.0,4.81257,0.507628,12.5554,192.103738,-45.470471,PC
6939,17.4682298,3.491,926.0,2.17884,24.3644,618.0,5499.0,4.39962,0.76,9.0498,187.994843,-35.554452,PC
6940,13.2735511,6.7060029,21062.1535755,19.0558857,117.9936529,889.1052168,6072.0,4.29177,1.26126,9.957501,189.76217,-31.992266,APC
6941,4.2135662,2.904,6400.0,12.9663,504.781,1320.0,6107.0,4.11585,1.53,11.6713,169.909474,-39.46208,APC
6942,12.3396368,6.2659032,13386.1311036,28.8331721,1153.2432472,1486.2777613,7852.0,4.20409,2.29741,10.6171,169.414385,-44.017088,APC
6943,10.5557332,2.8163532,1505.7221535,2.7774832,16.7317515,515.8282237,4368.0,4.56706,0.68476,10.9217,179.262998,-38.104794,PC
6944,1.8320863,1.4230143,374.0999309,1.361695,172.821611,924.7391872,4368.0,4.56706,0.68476,10.9217,179.262998,-38.104794,PC
6945,3.4716808,1.3816978,30624.6434599,8.027234,17.001217,517.8926558,3399.0,4.91468,0.426785,13.6615,166.074742,-47.821496,PC
6946,5.6057748,3.0213897,701.1882316,2.4097088,182.934999,937.9808032,5767.0,4.34736,0.906761,9.5275,194.468098,-39.758061,CP
6947,12.2772444,3.8398889,869.4629182,2.8635085,64.3195695,722.2799042,5767.0,4.34736,0.906761,9.5275,194.468098,-39.758061,CP
6948,5.6316663,6.5350826,13883.4017678,33.6448759,2898.4431043,1871.3755219,6632.0,4.20607,2.78212,11.1689,174.302837,-38.307191,APC
6949,0.861484,1.293669,286.708078,2.512038,10152.6149389,2560.143025,5724.7,3.82,1.45505,9.647,78.165188,-53.743438,FA
6950,3.4464529,2.462599,16320.7911726,12.5399052,489.9461001,1199.9325263,5870.0,4.4,0.913091,11.5122,175.52524,-23.354845,KP
6951,3.764873,2.759996,22257.118447,13.95182,357.0122872,1108.6399909,5703.0,4.51085,0.92,11.2175,195.359758,-27.522227,KP
6952,11.5294381,4.881,25630.0,18.7142,149.636,974.0,5956.0,4.31259,1.15,12.2864,198.635626,-24.14419,APC
6953,4.9816784,2.733,18110.0,10.7801,137.118,953.0,5315.0,4.51737,0.79,11.3728,192.981203,-42.073617,KP
6954,4.6370479,4.8238322,7765.9973286,15.3045465,1342.573266,1543.8469649,6438.0,4.10962,1.68054,12.3335,193.55246,-46.587716,KP
6955,2.3260077,0.9960868,3279.7891318,1.3960869,14.8966002,501.0620836,3231.0,4.438,0.241857,12.0874,164.11389,-72.985174,PC
6956,11.0163421,3.5235771,6918.5557902,6.9124465,47.7085311,670.2992922,5184.0,4.57383,0.815374,10.8815,190.191401,-21.872782,PC
6957,744.2007603,4.3105796,4290.7780126,5.3137751,0.173404,164.5828313,5184.0,4.57383,0.815374,10.8815,190.191401,-21.872782,PC
6958,4.971298,3.283,12130.0,12.1956,238.875,1095.0,5510.0,4.44137,1.09,11.5037,190.151956,-19.284353,KP
6959,4.4656343,3.512518,17333.7557231,14.6467763,471.601595,1188.5393528,6070.0,4.4201,1.09036,11.3473,203.758195,-17.503496,KP
6960,12.4458741,11.5424587,7049.3777392,21.0847933,308.6584229,1069.0284982,6746.0,4.41572,1.5288,9.5369,164.799978,-59.23397,FP
6961,15.6653204,2.972,1351.0,2.02611,14.4076,542.0,3806.0,4.73575,0.53,9.73597,178.577997,-37.553357,CP
6962,8.2466307,2.4592174,1086.2620211,1.8754315,11.9974447,474.6701689,3806.0,4.73575,0.533024,9.73597,178.577997,-37.553357,CP
6963,8.3008553,4.7925921,2645.1663434,8.4465728,468.7714392,1186.7521726,7199.0,4.3586,1.6028301,9.3712,183.118731,-49.00774,PC
6964,4.6336155,3.557,7660.0,15.2453,734.672,1450.0,6780.0,4.08247,1.68,8.69009,199.33385,-15.273705,CP
6965,0.7839149,1.6423921,918.1396434,10.5098,3608.5342786,1976.7532357,5780.0,4.438,1.23369,8.2158,159.933006,-48.996687,PC
6966,3.0524018,2.483,22270.0,13.7594,344.149,1199.0,5545.0,4.52787,0.88,10.7875,190.618803,-30.639818,KP
6967,1.3541351,1.894,20360.0,14.0693,667.122,1415.0,5227.0,4.47443,0.93,12.7492,176.738826,-22.56301,KP
6968,8.0239811,1.7082731,4010.0577601,2.5926653,5.3901675,388.6156751,3331.0,4.94964,0.406516,12.2875,183.920361,-18.910338,PC
6969,8.1125147,2.0330298,1224.9160656,2.3812033,32.9624198,611.1172195,4498.94,4.5,0.668361,9.9222,172.155637,-54.784223,PC
6970,2.7970316,2.185,481.0,1.84303,413.894,1256.0,5849.0,4.5297,0.9,8.7537,159.341221,-63.655692,CP
6971,18.626388,15.6904223,424.9274807,1.1783902,4.2857737,366.9670386,3783.0,4.438,0.561301,11.5026,88.33729,-65.6335,PC
6972,12.6693786,4.818,321.0,2.30678,562.492,1356.0,5853.8,4.22099,1.31,9.8192,100.104215,-63.339108,PC
6973,38.5537648,6.071,329.0,2.14038,20.9962,596.0,5853.8,4.22099,1.31,9.8192,100.104215,-63.339108,PC
6974,2.1263242,2.17,150.0,1.54125,1647.7,1774.0,6623.0,4.38359,1.32,9.4799,87.116029,-56.004119,PC
6975,6.4871557,2.1325588,109.7416666,2.6869026,284.777013,1047.7218043,4997.0,3.45154,2.56864,9.0255,113.695288,-61.240068,PC
6976,5.4469907,1.5712123,833.9082374,1.0772467,9.5473068,448.321915,3471.0,4.87707,0.37114,11.9802,115.270225,-71.303764,PC
6977,12.9706028,2.1262587,1185.3884788,1.2844057,3.0024527,335.7289502,3471.0,4.87707,0.37114,11.9802,115.270225,-71.303764,PC
6978,8.0433669,2.5355214,705.165484,1.0165103,5.6777014,393.6977078,3471.0,4.87707,0.37114,11.9802,115.270225,-71.303764,PC
6979,199.5779073,11.8968751,1766.6170108,6.9936043,7.5757108,423.1317323,6988.0,4.25649,1.4608001,8.9914,123.39778,-64.090901,PC
6980,41.0175174,8.2090013,229.2846536,2.4013155,62.4617543,717.0068321,6988.0,4.25649,1.4608001,8.9914,123.39778,-64.090901,PC
6981,4.0802864,17.3550472,1628.2500301,6.4367306,6.7526693,411.1389473,6988.0,4.25649,1.4608001,8.9914,123.39778,-64.090901,PC
6982,139.3048512,12.1948293,5057.6776282,10.4668171,10.6694651,460.9516893,6572.0,4.35381,1.42962,10.7525,118.434757,-69.701736,PC
6983,928.0455814,11.576689,6356.9944677,12.0672714,3.6827047,353.3145101,6572.0,4.35381,1.42962,10.7525,118.434757,-69.701736,PC
6984,15.6477055,1.336067,1515.1689468,3.2193276,30.6368863,600.0409721,5107.98,4.5443,0.835807,11.7345,71.245764,-67.98105,FP
6985,54.6616036,2.388,2020.0,4.04767,1.20276,291.0,5379.0,4.50461,0.8,10.8578,107.133952,-68.368778,FP
6986,52.3966595,8.447927,447.0921422,3.5051171,40.8266585,644.6970882,6270.01,4.07467,1.59084,10.0176,106.664922,-71.446827,PC
6987,8.7609906,0.9094562,479.6082016,2.9253441,288.3684545,1051.00961,6168.88,4.24191,1.3109699,10.2477,100.970374,-55.639,PC
6988,0.8086308,3.0190282,889.7191222,3.0352964,3462.2277004,1956.4045142,5780.0,4.438,1.0,10.721,83.986551,-67.459594,FA
6989,1.8007935,1.1863073,622.5482076,1.1904014,66.876621,729.3539345,3704.0,4.77431,0.473702,11.7144,108.563086,-74.603095,PC
6990,4.1400062,1.0309175,740.3454035,1.3230408,22.0406756,552.6192071,3704.0,4.77431,0.473702,11.7144,108.563086,-74.603095,PC
6991,2.7309449,1.1118337,456.1893836,1.0182347,38.383299,634.8269047,3704.0,4.77431,0.473702,11.7144,108.563086,-74.603095,PC
6992,95.2394529,1.6665621,5756.3197747,10.5098,5.9969925,399.1196642,4270.0,4.57808,1.23369,11.908,97.820494,-58.320438,APC
6993,5.5451661,2.2293365,439.0185686,1.9448048,199.6326492,958.6887743,5643.0,4.48066,0.915519,10.5868,98.469125,-52.460296,PC
6994,0.9657303,3.4341219,997.3701416,3.2694344,2732.4246089,1843.9825061,5780.0,4.138,1.0,12.3323,79.765915,-69.637926,APC
6995,0.7757012,1.2815624,38.7087646,0.8620247,8186.2919627,2426.0042479,6283.39,4.438,1.3560899,7.5412,102.221691,-73.299335,PC
6996,3.693916,1.7264201,74.807186,0.6501353,186.8668956,942.9807829,5235.78,4.438,0.74982,7.5209,97.985715,-68.7118,PC
6997,15.3050693,3.872,770.0,10.4166,340.827,1197.0,5370.0,3.32339,4.16,9.3309,125.645029,-19.254613,FP
6998,2.8376065,3.689,190.0,10.5098,1636.0680921,1622.0718717,5988.0,4.30679,1.23369,10.714,91.519783,-69.420238,PC
6999,4.1177649,1.212675,1948.1405783,1.276147,8.9265383,440.8496683,3376.0,4.438,0.281129,13.1018,61.135799,-62.989132,PC
7000,21.9165403,3.504906,1246.1139585,2.2820256,5.8871769,397.2798347,4130.0,4.438,0.631609,11.9763,63.416059,-76.098013,PC
7001,5.2702297,2.1191884,541.6992677,2.0235741,70.6622604,739.4633109,4662.0,4.56787,0.693074,11.3042,75.915921,-66.654923,PC
7002,9.7394089,3.5625788,641.7240822,2.2696307,60.3880789,710.9802766,5216.0,4.52613,0.833198,10.0659,133.74855,-44.28863,PC
7003,183.458919,10.764682,645.283132,3.379417,7.0550173,415.665778,5804.3,3.89,1.30725,10.3046,82.979518,-60.476724,APC
7004,28.3058244,4.9291748,332.2190328,2.6009967,55.5377103,696.2524595,5704.59,4.09162,1.40065,10.5173,62.854009,-69.474879,PC
7005,90.849271,9.9324566,341.1809799,2.7061237,11.7307862,472.0103583,5704.59,4.09162,1.40065,10.5173,62.854009,-69.474879,PC
7006,25.1760133,4.418,12570.0,14.2012,24.1525,617.0,6025.9,4.3,1.24,10.9339,88.030314,-32.925074,PC
7007,13.8665912,6.491,7930.0,14.3875,271.767,1131.0,6707.0,4.2,1.57,10.9582,89.235658,-49.006949,PC
7008,83.8962434,13.0330846,1217.6723245,7.2168832,29.5832748,594.8141775,5823.7,3.77,2.04354,9.8467,72.69401,-60.905461,CP
7009,7.21048,2.671,250.094,3.7188,124.246,930.0,5920.4,3.91,2.14,8.9944,99.714619,-53.107598,FP
7010,11.1972769,3.061,1301.0,2.62397,33.9923,672.0,4953.9,4.59,0.76,9.36,155.871938,-43.834925,PC
7011,734.4987702,2.529,1004.0,2.1838,9.04438,483.0,4953.9,4.59,0.76,9.36,155.871938,-43.834925,PC
7012,1.55747,2.714,3127.94,3.80336,5034.13,2346.0,4146.6,4.6,0.62,11.143,116.010481,-36.996503,FP
7013,1.10223,2.598,1015.0,7.4694027,199185.0,5885.0,8747.0,4.08022,2.23767,11.3029,74.286788,-66.390334,FP
7014,3.118536,2.043274,12242.731322,11.857124,481.9169727,1194.9859664,5700.0,4.49158,0.95,10.6481,214.683011,-20.275437,KP
7015,16.2546802,4.74,4950.0,9.68176,63.815,787.0,5846.0,4.41665,1.32,11.7528,192.189568,-47.613679,KP
7016,3.752062,3.680056,9500.430305,14.937131,1237.7366286,1512.7836094,6300.0,4.16979,1.48,10.4445,208.928011,-32.159712,KP
7017,13.823303,1.365217,2556.532346,2.806009,4.5470053,372.4355382,3669.0,4.78896,0.477,11.1825,209.615851,-23.277572,FA
7018,7.133518,3.006,18210.0,10.9689,50.841,743.0,4775.0,4.60305,0.79,11.1116,217.6092,-46.159516,KP
7019,1.0115336,1.6201453,640.6892788,2.3332033,871.7333843,1385.8482225,4775.0,4.60305,0.789877,11.1116,217.6092,-46.159516,CP
7020,13.5337577,3.7353318,2235.4975539,6.6218742,167.1947463,917.1183989,6309.0,4.23525,1.30032,9.9623,218.658293,-40.739863,PC
7021,1.3929721,1.0799517,1576.0776119,2.9539057,411.5001611,1148.7148937,4452.0,4.49909,0.729635,10.0732,222.16547,-57.588867,CP
7022,3.1853186,2.2396998,4917.3378908,5.422035,211.6178316,972.7647273,4944.0,4.50243,0.781959,12.4284,208.856746,-21.207859,KP
7023,11.5509742,3.571,10842.0,11.0252,56.355,763.0,5625.0,4.49092,1.06,10.491,203.106019,-42.475273,KP
7024,1.2282444,1.698,7550.0,13.055,4792.2,2317.0,5848.0,4.33233,1.27,11.5746,98.893269,-79.715754,APC
7025,5.3220505,3.8815964,6562.7794806,17.1038087,995.3724127,1432.5709808,6030.0,4.09435,1.95757,9.47199,210.193571,-30.583608,KP
7026,3.2877916,2.3400995,1779.1851978,4.2854014,350.7238882,1103.7255252,5636.0,4.3723,0.948885,10.5623,224.208391,-37.042983,PC
7027,15.0405221,2.2981691,17981.6903217,23.0692974,79.8057547,762.3041811,5900.0,4.36304,1.0431,10.9303,129.756861,-74.763114,PC
7028,1.561734,3.237635,5700.836312,14.531805,1867.5691976,1676.6365337,5808.0,4.33972,1.14478,8.8098,229.033411,-38.87541,APC
7029,1.9160221,1.405,2430.0,10.8261,339.505,1195.0,5623.0,4.37483,2.09,11.7611,84.081627,-54.191199,FP
7030,1.041889,1.2737667,465.3854112,1.389031,270.068174,1033.9227741,3965.0,4.68337,0.603336,10.1461,145.645472,-62.475886,CP
7031,2.6755523,3.065,13990.0,16.4542,963.813,1552.0,6783.0,4.24271,1.34,10.7036,195.828164,-49.639773,KP
7032,4.7920082,1.2383742,2076.1746903,4.1979554,229.2257007,992.3973063,6012.0,4.76675,0.882828,10.849,192.057325,-56.894318,PC
7033,8.5954792,2.47,1140.0,2.64032,40.8229,704.0,4476.0,4.58156,0.69,8.6486,225.079883,-24.454202,CP
7034,3.8167262,1.602,580.0,1.69257,40.9119,704.0,4476.0,4.58156,0.69,8.6486,225.079883,-24.454202,CP
7035,8.3249172,1.406,4535.0,7.0011,40.8042,704.0,6513.0,4.53694,1.01,9.9322,157.037281,-64.505211,CP
7036,7.6246687,1.402,830.0,9.52202,93.0099,865.0,7313.0,4.14443,2.63,8.7823,203.166643,-38.845947,FP
7037,2.4855806,3.0016362,19630.5671979,36.5091254,4135.3642287,2045.2584294,6933.0,4.25089,1.59944,14.1491,166.979879,-61.14625,KP
7038,3.7993182,2.302,7590.0,8.54839,225.371,1079.0,5318.0,4.43686,0.97,13.0546,198.132842,-45.590574,KP
7039,3.4934316,1.453,14230.0,11.4663,116.196,914.0,5153.0,4.46892,0.9,12.5528,94.942993,-53.226707,PC
7040,2.7863813,1.8415464,11628.7594512,12.0024836,483.4407911,1195.9294829,5376.0,4.42496,1.00073,12.6264,91.937566,-73.391862,PC
7041,4.2986477,3.027,15230.0,14.188,326.892,1184.0,5715.0,4.34342,1.12,12.472,207.907675,-23.78124,KP
7042,8.9066251,1.9618338,2178.8336338,7.1574108,325.1651305,1083.0431039,5829.6,4.1,1.51595,11.7952,19.461136,0.346971,FP
7043,7.06181,5.853,22745.5,24.7848,721.751,1443.0,5818.3,4.4,1.49,11.7582,24.172722,-31.670795,FP
7044,14.20489,4.924,8761.57,12.4595,386.596,1235.0,6316.3,4.3,1.21,11.766,26.376875,-51.296821,FP
7045,3.2063346,3.122,4410.0,20.2776,2254.62,1919.0,5286.9,4.33,2.29,12.0594,43.875521,-53.665545,PC
7046,9.77742,6.713,6740.0,35.6978,480.928,1304.0,4513.0,4.33,2.87,11.6818,24.216097,-39.142583,FP
7047,0.76566,1.452,1410.0,3.54139,2314.06,1932.0,5311.0,4.47,0.92,11.5485,28.715796,-29.421709,CP
7048,10.32103,3.283,58957.4,34.1767,218.123,1070.0,5863.5,4.38,1.28,11.3488,9.765924,-17.221806,APC
7049,0.6296,0.309,790.0,3.39154,193.701,1039.0,5485.0,4.64,0.77,10.9994,7.387843,-10.468279,PC
7050,4.9466474,3.307819,2522.5069863,8.7623721,816.4902208,1363.3504205,5574.0,3.95,1.73496,10.9495,24.740265,-7.280979,PC
7051,6.8646554,4.725,5090.0,17.29,1640.28,1772.0,5937.0,4.19,1.38,10.7598,32.914289,-37.892988,PC
7052,5.850943,2.675,1030.0,4.80002,208.275,1058.0,5928.0,4.19,1.38,10.717,28.078089,-43.047613,APC
7053,1.8301156,1.018,1110.0,4.46184,515.147,1327.0,6671.0,4.41,1.22,10.6541,15.543042,-2.144574,PC
7054,5.4014,1.442,1225.99,16.7216,41.9773,709.0,5179.9,4.33,4.34,10.3244,14.094894,-14.788329,APC
7055,3.9080236,3.292,8100.0,15.1385,744.132,1455.0,6143.0,4.08,1.63,10.2676,25.871364,-14.149185,KP
7056,3.2797282,3.5187009,11048.1826083,13.8117581,913.776443,1402.2638527,5857.0,4.24,1.29747,10.6444,60.199826,-54.592918,CP
7057,5.1543182,0.89,2430.0,9.89441,68.1636,800.0,4971.0,4.59,0.76,11.9587,97.144014,-61.150325,PC
7058,6.4535152,2.202,11200.0,19.7517,240.342,1096.0,5906.0,4.07,1.58,11.6704,43.546163,-41.514421,PC
7059,6.7391601,2.537,3040.0,30.8876,5656.73,2416.0,10341.0,3.8,3.39,8.3502,119.533518,-60.780499,FP
7060,3.3102159,2.7252649,5092.4594143,10.5098,528.7060422,1222.9911603,5801.0,4.33,1.23369,8.9904,124.300024,-65.65708,PC
7061,0.5251306,1.4255092,178.8243417,1.1546621,4078.0671726,2038.13686,5867.0,4.5948,0.850302,9.954701,93.729429,-49.756087,PC
7062,0.5206687,0.5708161,626.6355136,1.0047438,241.8916543,1005.8308938,3460.0,4.438,0.39861,11.4966,81.443395,-51.357031,PC
7063,0.7455787,0.4901724,784.6891758,3.402474,4518.5746486,2091.077432,5181.0,4.14486,1.19844,9.7976,62.454351,-26.022091,APC
7064,22.338916,3.412233,605.545389,18.449977,1556.9001967,1602.082745,4866.0,2.50648,7.56825,9.0099,77.546589,-57.586679,FA
7065,15.4043559,4.6196909,280.4049006,2.2181421,100.9160042,808.3692058,5777.36,4.30388,1.23499,10.4283,119.014208,-64.941154,PC
7066,0.556109,1.096708,172.860189,1.609049,8967.4525288,2481.9156706,5670.45,4.16644,1.18329,10.7109,108.568016,-74.970528,FP
7067,26.477129,4.930494,403.243511,2.525663,52.9949427,688.1424609,5908.0,4.28153,1.24169,8.9043,53.178982,-51.788532,FA
7068,22.0379547,2.5061632,1208.1077142,2.335104,4.0755023,362.3806799,3927.0,4.6966,0.611136,10.7791,63.31929,-50.944261,PC
7069,14.362738,3.2043798,541.9770506,1.6866314,24.1363405,565.3112203,4939.0,4.58489,0.732189,9.7607,74.737626,-50.627415,PC
7070,2.2395609,0.998,1110.0,2.71834,80.151,833.0,4872.54,4.68951,0.76,11.8348,74.868182,-55.92906,PC
7071,4.9727601,0.681897,1012.7477419,2.3994418,103.8792697,814.2391338,4872.54,4.68951,0.75636,11.8348,74.868182,-55.92906,PC
7072,5.9312051,2.0577033,916.3053141,1.6882354,17.0189659,518.0277696,3797.0,4.74005,0.5204,12.1249,56.736636,-63.336878,PC
7073,5.9049399,3.797,225.0,2.01304,661.809,1413.0,6437.0,4.2473,1.42,8.7542,96.069345,-46.93762,PC
7074,11.020153,3.638535,1076.926754,2.343228,23.8243065,563.4752132,4407.0,4.56293,0.719466,11.3877,78.037215,-37.708481,PC
7075,29.4829022,2.3634407,2066.5043819,2.7733274,3.0151313,336.0828164,3955.0,4.68874,0.603739,11.534,84.109334,-24.244444,PC
7076,6.014943,1.511369,4777.7735467,12.4147576,1280.6000161,1525.7139788,7836.0,4.14,1.59435,10.6237,99.11511,-50.297401,APC
7077,3.9773904,2.82,1134.0,5.03874,460.733,1290.0,5518.3,3.93,1.77,10.8239,76.761786,-51.766957,FA
7078,6.58454,3.395,5500.94,10.5098,1274.11,1664.0,8829.0,3.91,1.23369,9.5254,98.123772,-3.54484,FP
7079,6.3872524,2.608,3510.0,5.0445,73.9967,817.0,4935.0,4.52,0.82,9.2563,94.164473,-13.987337,PC
7080,2.5735943,2.4810064,739.6008283,2.7779229,301.8661097,1063.0980928,4935.0,4.52,0.816999,9.2563,94.164473,-13.987337,PC
7081,14.3318853,1.596,990.0,2.87022,9.971,495.0,4935.0,4.52,0.82,9.2563,94.164473,-13.987337,PC
7082,0.56708,1.253,980.0,29.9735,3660.0,2166.0,5274.0,4.33,9.78,9.792,104.479884,5.748028,FP
7083,2.3552639,1.033,912.0,8.10129,698.522,1432.0,7069.0,3.88,2.37,9.73965,89.16524,14.785575,FP
7084,10.0588733,3.6798142,4704.7169156,7.1889009,112.7817071,831.1500122,5651.0,4.43,1.01477,9.3722,103.369061,-6.507835,PC
7085,2.7809,1.803,2990.0,56.3202,26869.1,3566.0,11246.0,4.33,5.45,9.9534,93.921031,11.832621,FP
7086,2.56876,2.767,360.521,17.6099,357.805,1211.0,4312.9,4.33,8.43,10.1775,98.26778,-10.870679,APC
7087,20.4276727,5.1878327,2988.5020776,19.9576585,1594.302814,1611.6192743,8844.0,3.76,3.25795,8.26522,101.693856,-6.144778,FP
7088,5.77114,2.791,1931.81,10.9488,408.749,1252.0,7173.0,4.03,2.26,8.16507,94.545308,15.952049,APC
7089,3.96643,2.025,828.371,5.99981,376.453,1227.0,6565.2,4.09,1.9,9.52621,96.666044,13.29938,FP
7090,1.83485,2.673,1200.0,5.90327,3996.1,2215.0,6466.0,4.11,1.68,10.8457,106.649775,-53.546434,FP
7091,3.2022978,3.51,41820.0,34.5557,1640.28,1185.0,6600.0,4.17,1.67,10.936,100.36319,-12.285043,APC
7092,4.99915,5.256,684.271,2.28122,386.241,1235.0,4696.0,4.33,0.79,11.0427,93.122299,-16.792043,FP
7093,10.6265837,5.415,7530.0,12.0335,571.007,1361.0,7723.0,4.43,1.35,10.9739,86.738228,-11.23534,CP
7094,5.6148305,3.829,2300.0,9.62058,3420.14,2130.0,9856.0,4.01,2.59,11.4847,103.678583,-7.131316,PC
7095,4.3439549,6.2241757,1436.9443811,22.4556215,25005.6590163,3207.2242409,9900.0,3.68,3.82895,9.1672,96.793934,-4.7801,FP
7096,0.76189,1.904,190.0,1.50503,6450.77,2496.0,5998.0,4.39,1.11,8.7973,94.205654,-2.92914,FP
7097,3.52985,1.907,560.0,3.20773,489.2,1310.0,6627.0,4.31,1.37,9.08959,89.15458,10.551759,FA
7098,1.29277,2.413,330.0,2.84487,3925.31,2205.0,6128.0,4.08,1.62,9.11269,98.59774,8.413625,FP
7099,4.0802864,7.352,6000.0,19.7649,5400.0,2388.0,5652.0,4.32,2.74,10.5672,104.480707,-9.924849,FP
7100,12.8461782,2.883,8860.0,11.6129,42.801,712.0,5591.0,4.30695,1.19,11.5865,104.492446,-71.523106,PC
7101,4.8494108,5.2266368,1341.9401258,2.7650341,56.8561171,700.3482517,3861.0,4.71767,0.680711,11.9085,245.905129,-31.373574,PC
7102,3.2308423,0.9282699,2427.4314638,11.144364,1292.7015226,1529.3057261,7062.0,4.49596,1.38436,9.6877,261.062847,-50.386051,PC
7103,18.2592672,1.27,1530.0,9.78698,5.49651,426.0,7142.0,4.15713,2.3,8.957,259.49578,-45.883555,APC
7104,7.2766004,4.626,2440.0,11.5799,591.917,1374.0,6266.0,4.27,2.21,11.7874,57.489027,-72.793731,PC
7105,10.8772679,2.9077024,1869.5042404,2.5560389,8.3168714,433.1215033,3992.0,4.61929,0.532439,10.846,89.371273,-83.129726,CP
7106,83.9996067,5.0810306,1974.6338282,2.3775455,0.0858098,138.0396785,3992.0,4.61929,0.532439,10.846,89.371273,-83.129726,CP
7107,3.7395716,2.0436597,15256.9023477,13.9317353,353.3142325,1105.7578537,5565.0,4.46277,1.00018,10.5721,227.658675,-71.361632,CP
7108,1.6647837,1.162,1200.0,5.04687,737.927,1452.0,5954.53,3.68582,1.42,8.5097,239.825514,-49.366664,PC
7109,4.5849129,5.2493974,2101.0682794,9.6158851,1729.6714348,1644.7907422,6272.0,3.8399,2.0597899,9.9444,262.183407,-62.840383,PC
7110,3.1837789,2.3252968,850.2084133,3.1080163,519.52682,1217.6479521,5500.0,4.99,1.0523601,10.6513,53.159427,-81.250745,CP
7111,3.9043855,3.525,255.0,1.80937,836.633,1498.0,6059.06,4.29,1.31,7.0514,251.362526,-71.839588,FP
7112,2.0290882,0.6939812,978.0627035,0.9291472,22.0716059,552.8129815,3194.0,4.96718,0.287497,10.1508,290.23794,-82.559788,CP
7113,8.5841826,1.951,8020.0,16.6337,129.678,940.0,5963.0,4.438,1.45,7.9771,262.335243,-38.645969,APC
7114,4.6780703,1.491,1400.0,1.81115,13.6654,535.0,3566.0,4.83519,0.43,10.4904,229.328567,-80.473345,PC
7115,11.0993596,3.169,1191.0,2.61336,99.3533,879.0,4948.0,4.60394,0.73,9.6181,234.572324,-80.803427,CP
7116,2.3374921,2.279,760.0,4.00659,975.016,1556.0,5963.4,3.65,1.54,10.2413,48.726093,-44.961855,FP
7117,2.3250156,1.775,1130.0,10.7275,2083.06,1882.0,5753.0,3.83,2.05,11.2486,68.803771,-51.396562,FP
7118,29.17362,8.075,5558.85,15.4676,167.644,1002.0,5493.2,3.92,1.89,11.2532,105.956649,-60.297493,FP
7119,26.4126517,3.0511383,5967.2243425,24.163132,256.8541056,1021.0367587,6070.0,3.65,2.62866,11.2459,49.816476,-59.400109,PC
7120,1.1140067,3.072,410.0,6.34675,6504.41,2501.0,5614.0,3.5,2.94,11.2716,71.799228,-68.985641,FP
7121,20.0272683,2.5788348,17467.8615167,24.3073059,53.3787916,689.385166,5811.1,4.33,1.137,11.1835,93.413565,-62.219723,APC
7122,19.2998,3.17,1864.78,10.5098,16.9727,565.0,3818.0,4.33,1.23369,11.191,110.312488,-73.453234,FP
7123,5.1287186,1.895,620.0,3.13438,136.113,951.0,6055.5,4.38,1.14,11.2559,99.674204,-56.22054,PC
7124,9.46516,3.951,10952.3,10.5098,83.6782,842.0,4120.0,4.33,1.23369,11.499,110.890427,-79.504188,FP
7125,3.2734671,1.7581445,964.8222534,4.6127136,921.2494596,1405.122089,6049.0,4.3,1.2461,11.0264,50.036337,-45.061851,FP
7126,12.1272702,2.0368113,19172.4644881,20.3161792,85.7681608,776.1600297,5682.0,4.45,0.993827,11.3593,79.656888,-55.888562,PC
7127,13.17741,2.75,1750.0,49.318,44.0738,717.0,5027.7,4.33,10.05,11.3377,113.047662,-68.012289,FP
7128,1.8001564,1.2253337,1634.3340906,5.1987259,1065.7120349,1457.2354144,5658.4,4.33,1.0,10.5926,48.378728,-32.00557,PC
7129,2.5852,1.963,290.0,4.66502,1150.76,1622.0,6639.0,3.73,2.66,9.2691,89.730768,-79.743374,FP
7130,30.57908,6.297,12972.8,14.1152,81.7492,837.0,5848.0,4.35,1.13,11.4124,112.599235,-71.595463,FP
7131,5.830149,2.618,1310.0,2.70505,59.7261,774.0,4451.0,4.57,0.72,11.4337,45.907166,-39.930776,PC
7132,4.90038,3.506,240.0,6.56819,736.282,1451.0,6504.0,3.32,4.18,8.1605,54.308702,-44.472006,PC
7133,3.2452094,2.722,7370.0,20.6894,600.388,1379.0,5928.0,4.33,2.31,11.5458,57.336855,-47.91819,PC
7134,19.3103369,3.6896987,1327.7189958,2.6258476,12.0241384,474.933978,4444.0,4.55,0.734073,10.7378,95.940941,-54.578024,PC
7135,7.9856481,2.729,460.0,1.70724,34.6569,675.0,4444.0,4.55,0.73,10.7378,95.940941,-54.578024,PC
7136,88.9350637,8.3086197,4026.4400749,12.6517291,18.0301689,525.5568469,5546.9,3.93,1.78672,10.6361,92.305335,-55.403754,PC
7137,3.781737,2.192,18960.0,12.4301,116.842,915.0,4833.0,4.51712,0.87,12.708,75.350678,-56.141416,PC
7138,2.232659,2.538335,19244.414726,15.959056,328.2137194,1085.5727477,4814.0,4.51946,0.804149,12.7918,96.248202,-59.804574,FP
7139,7.936533,1.8486897,6995.7727314,7.76368,164.7586619,913.7593073,4320.0,4.57232,0.85,12.6327,111.036157,-78.442588,PC
7140,0.27664,0.72,15669.3,24.4651,15418.8,3104.0,5341.6,4.09,1.78,10.855,58.896845,-2.505949,FP
7141,8.8073507,4.264,1700.0,4.0916,220.735,1073.0,5981.0,4.49,0.99,10.8479,63.032344,-12.118836,PC
7142,7.6107227,4.249,6400.0,12.4861,297.144,1156.0,6159.5,4.14,1.53,10.9335,63.786841,-7.315748,PC
7143,0.7394592,0.6477766,1712.780226,4.1812297,3900.6510876,2015.5984963,5100.2,4.33,1.0,11.0057,77.403593,-5.67097,APC
7144,8.5145626,3.78,3260.0,6.95626,166.575,1000.0,5920.0,4.32,1.18,10.9968,78.300525,6.545915,PC
7145,4.32765,3.181,1480.0,3.52025,261.858,1120.0,4945.0,4.43,0.91,11.0462,76.649617,-20.245613,CP
7146,12.35611,5.963,8020.0,13.4341,366.445,1218.0,6794.0,4.28,1.45,11.0412,74.555144,8.980825,PC
7147,6.04548,3.476,3460.0,19.4971,597.693,1377.0,7011.0,3.51,3.6,11.3818,63.811095,14.944839,FP
7148,0.9298045,1.203,720.0,4.60146,4136.65,2234.0,7019.0,4.19,1.65,11.1224,80.455333,-36.673792,PC
7149,6.1253092,1.992,39400.0,22.9909,60.67,777.0,5008.3,4.33,1.05,10.8732,92.833906,-51.466622,FP
7150,7.31523,1.832,8225.0,17.8813,187.784,1031.0,6251.5,4.0,1.79,10.642,78.318822,4.809898,APC
7151,12.7009,3.208,2482.58,10.5402,270.518,1129.0,6092.9,3.65,1.92,10.5068,75.531735,-22.711864,APC
7152,1.3228701,1.589,720.0,2.50355,910.45,1530.0,5136.1,4.33,0.84,10.2892,79.101853,-15.512686,FP
7153,1.14288,1.699,2270.0,7.08364,3104.56,2079.0,6706.0,4.23,1.51,10.2098,70.375099,14.815533,FA
7154,2.96845,3.707,17064.8,20.1857,969.61,1554.0,5761.5,4.35,1.4,10.0938,67.551337,5.298825,FP
7155,1.79011,1.372,430.0,7.38823,1262.31,1660.0,7110.0,3.9,2.33,10.0716,61.77946,-13.766859,PC
7156,2.96844,3.663,13028.0,19.3343,981.423,1559.0,5772.0,4.1,1.54,9.87405,67.552495,5.298431,FP
7157,3.68497,4.536,2070.0,9.05543,1260.27,1659.0,5756.0,3.88,1.93,9.77919,61.941059,-25.208803,CP
7158,1.63715,1.618,830.0,4.97601,856.185,1506.0,5888.8,3.99,1.72,9.70467,76.081839,-20.731341,FP
7159,17.95473,3.139,5962.04,14.9952,225.794,1079.0,6029.5,4.22,1.77,9.49344,75.360839,-22.382135,FP
7160,0.8317937,1.875,200.0,2.64673,25432.4,3518.0,8897.0,4.27,1.82,8.95699,79.432431,-0.370122,FP
7161,0.5875044,1.344,1680.0,14.3274,31057.7,3698.0,5745.1,4.14,1.43,10.964,83.215825,-19.575073,APC
7162,1.54104,1.686,30644.8,10.5098,11491.8,2884.0,8264.0,4.09,1.23369,10.649,114.012456,4.715116,FP
7163,1.6187107,4.739749,1352.1697973,12.5948602,26480.6076583,3253.506931,9385.0,4.12,2.22468,10.6698,107.59809,-5.432679,FP
7164,4.79586,2.132,26891.1,23.4129,377.084,1227.0,5782.5,4.37,1.3,10.6596,127.178328,4.038553,FP
7165,4.06269,4.299,4210.0,10.5098,365.719,1185.0,5801.0,4.33,1.23369,11.2295,117.712497,-21.015735,FP
7166,11.1178464,4.5596639,5715.8314771,8.8518806,118.7684839,841.9669663,5814.9,4.4,1.06616,10.6412,119.1493,-0.772849,PC
7167,0.60274,1.834,16763.6,11.8344,18432.4,3246.0,5146.2,4.61,0.83,10.6659,109.106905,-8.329732,FP
7168,1.37101,2.379,1561.43,4.99178,17275.0,3193.0,5947.5,4.22,1.15,10.6124,109.056276,-9.893473,FP
7169,3.4091568,3.2067861,16294.3969402,15.9162999,918.387707,1404.0296041,6316.0,4.37,1.21069,10.5572,123.392246,-1.982787,KP
7170,1.7393631,3.6069028,428.8811939,5.1189079,11860.0095258,2661.5890983,7051.0,3.87,2.40368,10.5704,117.084021,-57.236311,FP
7171,2.80944,3.151,1606.43,10.5098,536.378,1340.0,4968.3,4.33,1.23369,10.5766,116.914289,11.980797,FP
7172,1.8237371,1.347,1890.0,3.64998,167.634,1002.0,4249.1,4.43,0.82,10.5424,115.136686,2.098588,CP
7173,4.985636,3.736,970.0,3.35045,408.008,1252.0,5189.0,4.33,1.07,10.5248,114.699006,-39.135518,PC
7174,2.3903658,5.9939275,910.9637006,5.0404373,1468.0474743,1578.7187777,5743.0,4.18,1.37031,10.5224,107.42144,-11.328877,FP
7175,2.67425,3.779,1920.0,178.665,2364.93,1942.0,4770.0,4.33,36.51,10.5484,115.280389,-26.070939,FP
7176,1.27997,2.425,790.0,285.674,379.23,1229.0,3435.0,4.33,102.03,10.5816,109.950322,-11.942687,FP
7177,2.8259491,2.409,2206.0,8.56637,4419.71,2271.0,8192.0,4.21,1.84,10.4337,116.274911,-17.17511,FP
7178,1.97353,2.169,867.428,10.5098,57.3824,766.0,2828.0,4.33,1.23369,10.4527,121.185099,-41.559812,FP
7179,3.1510408,2.9657375,2025.1072724,297.1117262,2194.07288,1745.5508783,4240.0,4.33,49.1612,10.4856,117.470237,-16.023413,FP
7180,2.78102,1.657,748.64,2.23876,111.574,905.0,4538.0,4.33,0.74,10.5153,105.063071,-2.347448,FP
7181,13.1660135,4.668,5697.0,11.3913,134.826,949.0,6368.0,4.18,1.52,10.339,120.204125,-2.010837,PC
7182,1.10578,1.87,672.523,7.4741,2163.51,1900.0,5650.4,4.32,2.62,10.351,111.766458,-7.129696,FP
7183,1.3387555,3.2413088,357.2449276,4.1672558,5177.3878513,2163.4528,5322.0,3.82,1.96337,10.3138,114.420797,-7.33674,FP
7184,1.6055589,2.253,1168.0,4.70308,3384.43,2124.0,6711.0,4.25,1.48,10.2957,117.113226,-28.204828,FP
7185,6.3042088,5.0392128,1470.1997403,14.6779747,6063.9157063,2250.6503919,8502.0,3.78,3.08473,10.3075,106.405063,-11.979855,FP
7186,7.3816254,4.696,2546.0,10.5098,9359.75,2740.0,9260.2,4.08,1.23369,10.3437,114.864422,-32.903754,FP
7187,7.52118,6.133,50623.3,12.9114,1910.28,1841.0,6184.6,4.11,0.52,10.2763,104.87593,-4.812169,FP
7188,8.76905,3.504,14361.0,21.0089,538.251,1341.0,5906.8,4.22,1.59,10.2462,111.644015,7.01633,FP
7189,0.5476695,1.038,2741.0,9.95459,38950.9,3913.0,8274.5,4.17,1.65,10.1796,120.105441,10.343871,APC
7190,5.21517,5.655,4593.85,16.9109,1037.07,1580.0,6080.0,3.78,2.27,10.1887,100.9257,-30.491967,FP
7191,4.30438,3.037,672.002,13.7564,503.88,1319.0,6056.9,4.17,4.82,10.1989,113.424039,-30.996054,FP
7192,3.121181,1.417,571.0,5.74349,1102.11,1605.0,7814.0,4.33,2.06,10.1094,110.506534,10.238635,APC
7193,4.587386,4.36,3321.0,10.6337,4384.23,2266.0,8388.0,4.22,1.86,10.0998,121.913554,-5.770077,PC
7194,2.4843225,1.999,1476.0,12.9191,32959.2,3753.0,9855.0,4.18,2.13,10.1137,114.346166,-11.151301,PC
7195,4.76516,2.892,647.689,10.5098,2214.79,1911.0,9412.5,4.33,1.23369,10.0813,112.616704,-26.080682,FP
7196,1.4635019,1.518,914.0,4.75869,4081.06,2226.0,8035.0,4.28,1.67,10.0634,113.960841,-15.499455,PC
7197,2.396722,3.9453168,384.8985474,3.8384486,15531.0636237,2847.2135988,10393.0,4.32,1.87739,10.0267,115.046333,-9.084269,FP
7198,3.4438,2.572,7260.75,10.5098,1413.67,1708.0,4805.2,4.33,1.23369,10.0781,110.811443,5.56285,FP
7199,14.5378,6.826,4040.0,16.0523,365.719,1185.0,8007.0,4.33,2.05,9.7925,119.349948,-19.516015,FP
7200,8.4134856,3.5568334,17479.6053306,20.5106959,127.9164213,857.7314308,5786.0,4.52,0.926261,9.7727,121.319521,-59.579798,FP
7201,0.941436,1.3606996,339.9126618,4.529209,41562.5878114,3641.6264487,8322.0,4.01,2.34986,9.6952,118.319555,-14.218823,FP
7202,1.5078959,2.759,1839.0,5.53091,9662.8,2762.0,6635.0,4.35,1.3,9.6171,118.864086,-58.22206,FP
